{"type":"FeatureCollection","features":[{"type":"Feature","geometry":{"type":"LineString","coordinates":[[-35.18233,-5.87402],[-35.18195,-5.87426],[-35.18071,-5.87284],[-35.18174,-5.87076],[-35.18138,-5.87002],[-35.18229,-5.86822],[-35.18238,-5.86755],[-35.18214,-5.86694],[-35.18106,-5.86597],[-35.18066,-5.86474],[-35.18198,-5.85496],[-35.18224,-5.84699],[-35.18266,-5.84399],[-35.18252,-5.84254],[-35.18201,-5.84069],[-35.18198,-5.83952],[-35.18233,-5.83762],[-35.18253,-5.83412],[-35.18299,-5.83223],[-35.18262,-5.83006],[-35.18314,-5.828],[-35.18324,-5.81904],[-35.18285,-5.8164],[-35.18207,-5.81424],[-35.18174,-5.8101],[-35.18192,-5.80951],[-35.18273,-5.8086],[-35.18286,-5.80774],[-35.18285,-5.80732],[-35.18183,-5.8053],[-35.18192,-5.80485],[-35.18265,-5.80372],[-35.18243,-5.80206],[-35.18262,-5.79821],[-35.1828,-5.79748],[-35.18444,-5.79401],[-35.18614,-5.79234],[-35.18664,-5.79152],[-35.18751,-5.79109],[-35.18823,-5.79019],[-35.19017,-5.78591],[-35.19049,-5.7846],[-35.19124,-5.78352],[-35.19252,-5.78263],[-35.19303,-5.78179],[-35.19405,-5.77695],[-35.19448,-5.77645],[-35.19431,-5.77583],[-35.19558,-5.77036],[-35.19625,-5.76905],[-35.19636,-5.76614],[-35.19686,-5.76361],[-35.19687,-5.76228],[-35.1973,-5.76124],[-35.21076,-5.74769],[-35.21268,-5.7461],[-35.21288,-5.74521],[-35.21338,-5.74467],[-35.22121,-5.73861],[-35.22163,-5.73843],[-35.22562,-5.73809],[-35.22648,-5.73775],[-35.22714,-5.73675],[-35.22716,-5.7356],[-35.22754,-5.73481],[-35.22833,-5.73423],[-35.22991,-5.73352],[-35.23176,-5.73177],[-35.23498,-5.72735],[-35.23414,-5.72568],[-35.23412,-5.72382],[-35.23376,-5.72228],[-35.23356,-5.71992],[-35.23302,-5.71858],[-35.23327,-5.71622],[-35.22993,-5.7069],[-35.22934,-5.70625],[-35.22847,-5.70592],[-35.22768,-5.70599],[-35.22611,-5.70657],[-35.22522,-5.70655],[-35.2245,-5.70615],[-35.22378,-5.70524],[-35.22249,-5.69512],[-35.2223,-5.69006],[-35.22162,-5.68887],[-35.22089,-5.68441],[-35.21893,-5.68145],[-35.21899,-5.6813],[-35.21878,-5.68128],[-35.22011,-5.68032],[-35.22025,-5.68012],[-35.22012,-5.67992],[-35.22026,-5.68003],[-35.2206,-5.67965],[-35.22097,-5.67851],[-35.22087,-5.67828],[-35.22078,-5.67838],[-35.2206,-5.67808],[-35.21986,-5.67769],[-35.21934,-5.67766],[-35.21894,-5.67823],[-35.21873,-5.6782],[-35.21939,-5.67713],[-35.21971,-5.67584],[-35.21855,-5.67444],[-35.21887,-5.67419],[-35.21876,-5.67386],[-35.21977,-5.67248],[-35.2188,-5.67172],[-35.21963,-5.66751],[-35.21943,-5.66329],[-35.21924,-5.66067],[-35.218,-5.65745],[-35.21781,-5.65461],[-35.21919,-5.64685],[-35.21883,-5.63644],[-35.21977,-5.63527],[-35.22056,-5.63368],[-35.22106,-5.63323],[-35.2208,-5.63284],[-35.22164,-5.63415],[-35.22243,-5.63456],[-35.22364,-5.63491],[-35.22539,-5.63584],[-35.22658,-5.63634],[-35.22655,-5.63615],[-35.22655,-5.63628],[-35.22786,-5.63679],[-35.22921,-5.63701],[-35.23003,-5.63685],[-35.23038,-5.63641],[-35.23111,-5.63352],[-35.23563,-5.6261],[-35.23603,-5.62501],[-35.23613,-5.62301],[-35.23545,-5.62014],[-35.23481,-5.61907],[-35.23259,-5.61667],[-35.23212,-5.61545],[-35.23226,-5.6144],[-35.23322,-5.61255],[-35.23345,-5.61156],[-35.23306,-5.60841],[-35.23322,-5.60723],[-35.23371,-5.60613],[-35.23561,-5.60353],[-35.23595,-5.60278],[-35.23608,-5.60159],[-35.23587,-5.60039],[-35.23546,-5.59949],[-35.23311,-5.59698],[-35.23263,-5.59585],[-35.23211,-5.59373],[-35.23068,-5.59218],[-35.2303,-5.59144],[-35.23039,-5.5904],[-35.23158,-5.58785],[-35.23233,-5.5849],[-35.23283,-5.58364],[-35.23273,-5.58322],[-35.23176,-5.58228],[-35.23206,-5.58109],[-35.23276,-5.58038],[-35.23435,-5.57954],[-35.23485,-5.57854],[-35.23523,-5.5771],[-35.23572,-5.57642],[-35.24506,-5.57028],[-35.25366,-5.55771],[-35.25857,-5.54998],[-35.25944,-5.54839],[-35.26147,-5.54366],[-35.26633,-5.5391],[-35.26733,-5.5375],[-35.26886,-5.52425],[-35.26898,-5.52288],[-35.26884,-5.52183],[-35.26838,-5.52109],[-35.26768,-5.5205],[-35.26195,-5.51784],[-35.26086,-5.51632],[-35.26126,-5.51568],[-35.2604,-5.51423],[-35.26021,-5.5141],[-35.25961,-5.51468],[-35.25945,-5.51458],[-35.25963,-5.51344],[-35.26067,-5.51156],[-35.26138,-5.50959],[-35.26179,-5.50702],[-35.2627,-5.50375],[-35.26286,-5.50227],[-35.26245,-5.49756],[-35.26259,-5.49687],[-35.26597,-5.49335],[-35.26794,-5.49219],[-35.2703,-5.48926],[-35.27377,-5.48398],[-35.27502,-5.48131],[-35.27585,-5.48001],[-35.27771,-5.47813],[-35.28001,-5.47769],[-35.28051,-5.47731],[-35.28064,-5.47644],[-35.27974,-5.474],[-35.27972,-5.4733],[-35.28207,-5.46918],[-35.28459,-5.46614],[-35.28708,-5.46383],[-35.28787,-5.46223],[-35.28842,-5.46156],[-35.2913,-5.45937],[-35.29024,-5.45845],[-35.29012,-5.45788],[-35.29073,-5.45722],[-35.29057,-5.45613],[-35.29102,-5.45275],[-35.29097,-5.45111],[-35.29119,-5.44961],[-35.29223,-5.44669],[-35.29194,-5.44273],[-35.29335,-5.43907],[-35.29371,-5.43867],[-35.29453,-5.43837],[-35.29816,-5.43513],[-35.29827,-5.4347],[-35.29788,-5.4324],[-35.29853,-5.43103],[-35.30107,-5.42908],[-35.30502,-5.42561],[-35.30662,-5.42169],[-35.30897,-5.41878],[-35.30982,-5.41591],[-35.31041,-5.41471],[-35.31122,-5.41384],[-35.31073,-5.41289],[-35.31224,-5.41172],[-35.31288,-5.41097],[-35.31445,-5.41008],[-35.31435,-5.40983],[-35.31463,-5.40964],[-35.31453,-5.40937],[-35.31582,-5.40831],[-35.315,-5.40722],[-35.31521,-5.40676],[-35.32558,-5.39724],[-35.32706,-5.39666],[-35.32949,-5.39491],[-35.33056,-5.39465],[-35.33161,-5.39378],[-35.33344,-5.39382],[-35.33402,-5.39503],[-35.33525,-5.3944],[-35.34227,-5.38882],[-35.34244,-5.3886],[-35.34226,-5.3883],[-35.34456,-5.38499],[-35.34656,-5.38297],[-35.35454,-5.37671],[-35.35603,-5.37723],[-35.35847,-5.37731],[-35.36094,-5.37883],[-35.36267,-5.37956],[-35.36372,-5.38079],[-35.36375,-5.38302],[-35.36433,-5.38408],[-35.36508,-5.3847],[-35.36556,-5.38484],[-35.36671,-5.38498],[-35.36739,-5.38474],[-35.39733,-5.3382],[-35.40646,-5.32744],[-35.41574,-5.31699],[-35.41727,-5.31502],[-35.41893,-5.3122],[-35.42513,-5.29936],[-35.426,-5.29809],[-35.42761,-5.29671],[-35.46253,-5.27811],[-35.46387,-5.27714],[-35.46511,-5.27583],[-35.49745,-5.22268],[-35.49786,-5.22072],[-35.49757,-5.21843],[-35.49264,-5.20861],[-35.49245,-5.20738],[-35.49283,-5.20615],[-35.49367,-5.20521],[-35.49578,-5.20382],[-35.49598,-5.20341],[-35.49665,-5.20325],[-35.49795,-5.20246],[-35.49932,-5.20127],[-35.51054,-5.18737],[-35.5116,-5.18517],[-35.51178,-5.1835],[-35.51134,-5.18144],[-35.50047,-5.15865],[-35.49978,-5.15689],[-35.49925,-5.15701],[-35.49964,-5.15693],[-35.49986,-5.1572],[-35.50692,-5.17206],[-35.5073,-5.17227],[-35.51494,-5.16549],[-35.52156,-5.15727],[-35.52131,-5.15677],[-35.52004,-5.15615],[-35.51935,-5.15559],[-35.51812,-5.15373],[-35.51763,-5.15395],[-35.51809,-5.15372],[-35.51925,-5.15544],[-35.52005,-5.15611],[-35.5212,-5.15668],[-35.52165,-5.15714],[-35.52223,-5.15704],[-35.52165,-5.15713],[-35.52125,-5.15671],[-35.51961,-5.15582],[-35.51809,-5.15372],[-35.51713,-5.15429],[-35.51667,-5.1548],[-35.51599,-5.15425],[-35.51521,-5.15299],[-35.5134,-5.15422],[-35.51279,-5.15349],[-35.51296,-5.15332]]},"properties":{"id":"15845339691","date":"2025-09-17","name":"Dia 1","chapter":1,"chapter_slug":"nordeste","country":"BR","transport":"bicycle","distance_km":111.6,"elev_gain_m":624,"moving_time_s":22008,"points":329}},{"type":"Feature","geometry":{"type":"LineString","coordinates":[[-35.51317,-5.15327],[-35.51284,-5.15348],[-35.51305,-5.15373],[-35.51451,-5.15273],[-35.51629,-5.15187],[-35.51651,-5.15222],[-35.51684,-5.15215],[-35.5176,-5.15292],[-35.51943,-5.15561],[-35.52024,-5.15625],[-35.52125,-5.15669],[-35.52163,-5.15714],[-35.52446,-5.15632],[-35.52587,-5.15681],[-35.52658,-5.15681],[-35.52954,-5.15446],[-35.53118,-5.15289],[-35.53546,-5.15073],[-35.53633,-5.15074],[-35.53809,-5.15125],[-35.5386,-5.15119],[-35.54316,-5.14834],[-35.54768,-5.14519],[-35.55453,-5.14135],[-35.56134,-5.13796],[-35.56752,-5.13722],[-35.57412,-5.13728],[-35.57475,-5.13704],[-35.57745,-5.13496],[-35.57798,-5.13476],[-35.57855,-5.13496],[-35.57936,-5.1361],[-35.58389,-5.13751],[-35.5894,-5.13481],[-35.59433,-5.13285],[-35.59742,-5.13318],[-35.59987,-5.13277],[-35.60142,-5.1316],[-35.60349,-5.1292],[-35.60485,-5.12891],[-35.60654,-5.12885],[-35.60877,-5.12811],[-35.61126,-5.12667],[-35.61356,-5.12602],[-35.61591,-5.12566],[-35.62019,-5.12556],[-35.62251,-5.12511],[-35.62279,-5.12542],[-35.62321,-5.1249],[-35.62518,-5.12445],[-35.62816,-5.12401],[-35.63248,-5.12369],[-35.63561,-5.12291],[-35.63735,-5.12287],[-35.63934,-5.12181],[-35.64242,-5.12056],[-35.64659,-5.11935],[-35.64708,-5.11938],[-35.64826,-5.11989],[-35.65342,-5.12069],[-35.65489,-5.12043],[-35.65734,-5.12045],[-35.65876,-5.11988],[-35.66478,-5.11828],[-35.66799,-5.11707],[-35.67168,-5.11595],[-35.67372,-5.11484],[-35.67632,-5.11375],[-35.68065,-5.11367],[-35.68502,-5.11294],[-35.68677,-5.11202],[-35.68786,-5.1117],[-35.6921,-5.10909],[-35.69708,-5.10584],[-35.69895,-5.10413],[-35.70047,-5.10466],[-35.70357,-5.10494],[-35.70426,-5.10519],[-35.70808,-5.10466],[-35.71143,-5.10331],[-35.71366,-5.10211],[-35.71757,-5.09881],[-35.72006,-5.09741],[-35.72091,-5.09726],[-35.72186,-5.09746],[-35.72491,-5.0976],[-35.72891,-5.09693],[-35.73113,-5.09614],[-35.73384,-5.09437],[-35.73546,-5.09362],[-35.73806,-5.09365],[-35.74233,-5.09295],[-35.74671,-5.09104],[-35.7486,-5.09002],[-35.75127,-5.08934],[-35.75353,-5.08954],[-35.75331,-5.08957],[-35.75344,-5.09004],[-35.75397,-5.09079],[-35.75434,-5.09184],[-35.75567,-5.09322],[-35.75662,-5.09468],[-35.75811,-5.09601],[-35.76041,-5.09968],[-35.76057,-5.1004],[-35.7625,-5.10067],[-35.76279,-5.10193],[-35.76411,-5.10402],[-35.7678,-5.10688],[-35.76881,-5.10832],[-35.77569,-5.1109],[-35.77645,-5.11091],[-35.7789,-5.10996],[-35.78128,-5.1096],[-35.78229,-5.10911],[-35.78453,-5.10535],[-35.78482,-5.10323],[-35.78521,-5.10257],[-35.78883,-5.10208],[-35.79084,-5.10224],[-35.79154,-5.10152],[-35.79345,-5.10126],[-35.79533,-5.10072],[-35.79644,-5.09983],[-35.80125,-5.09881],[-35.80465,-5.09872],[-35.81609,-5.10441],[-35.81769,-5.10464],[-35.82252,-5.10609],[-35.83127,-5.10705],[-35.83306,-5.1077],[-35.83851,-5.11133],[-35.8412,-5.11569],[-35.84165,-5.11775],[-35.84181,-5.12007],[-35.84845,-5.11991],[-35.85104,-5.11804],[-35.85242,-5.11656],[-35.85499,-5.11599],[-35.85636,-5.11607],[-35.85821,-5.11655],[-35.86193,-5.11708],[-35.86235,-5.11741],[-35.86313,-5.11962],[-35.86507,-5.12263],[-35.86554,-5.12375],[-35.866,-5.12794],[-35.86567,-5.12919],[-35.86613,-5.13084],[-35.86603,-5.13254],[-35.86646,-5.13471],[-35.86628,-5.13708],[-35.86676,-5.13866],[-35.86754,-5.13925],[-35.86903,-5.13932],[-35.87023,-5.13961],[-35.87257,-5.14129],[-35.87429,-5.14445],[-35.87551,-5.14619],[-35.87644,-5.14814],[-35.87788,-5.15023],[-35.87787,-5.15071],[-35.87644,-5.15105],[-35.87723,-5.1508],[-35.87752,-5.15128],[-35.87745,-5.1511],[-35.87773,-5.15116],[-35.87774,-5.15092],[-35.87784,-5.15111],[-35.87817,-5.15098],[-35.87839,-5.15055],[-35.8796,-5.15033],[-35.88043,-5.14992],[-35.89755,-5.13762],[-35.90781,-5.12997],[-35.91028,-5.12807],[-35.91746,-5.12098],[-35.93057,-5.11337],[-35.93178,-5.11329],[-35.93384,-5.11383],[-35.93942,-5.11684],[-35.94054,-5.11706],[-35.94609,-5.11563],[-35.95446,-5.11471],[-35.97495,-5.1079],[-35.99217,-5.10684],[-35.99343,-5.1066],[-36.01062,-5.09025],[-36.03106,-5.07504],[-36.03587,-5.06998],[-36.03895,-5.06762],[-36.04015,-5.0659],[-36.04046,-5.06584],[-36.0403,-5.06568],[-36.04062,-5.06522],[-36.04192,-5.06406],[-36.04394,-5.06305],[-36.04976,-5.06288],[-36.05041,-5.06172],[-36.05024,-5.06229],[-36.05049,-5.06234],[-36.04833,-5.06187],[-36.0482,-5.06102],[-36.04644,-5.06045],[-36.04656,-5.06067],[-36.04641,-5.06057],[-36.04657,-5.06031],[-36.04672,-5.06082],[-36.04665,-5.06059]]},"properties":{"id":"15857063970","date":"2025-09-18","name":"Dia 2","chapter":1,"chapter_slug":"nordeste","country":"BR","transport":"bicycle","distance_km":73.4,"elev_gain_m":494,"moving_time_s":17060,"points":209}},{"type":"Feature","geometry":{"type":"LineString","coordinates":[[-36.04667,-5.06063],[-36.04683,-5.06027],[-36.04705,-5.06027],[-36.05302,-5.06267],[-36.05815,-5.06407],[-36.05914,-5.0645],[-36.06581,-5.0651],[-36.07063,-5.06528],[-36.0752,-5.06522],[-36.07927,-5.06619],[-36.08402,-5.0687],[-36.08901,-5.0709],[-36.09139,-5.07235],[-36.09358,-5.07412],[-36.0955,-5.07537],[-36.09967,-5.07732],[-36.10352,-5.07968],[-36.10626,-5.0811],[-36.10952,-5.0825],[-36.11031,-5.08456],[-36.11117,-5.08527],[-36.11511,-5.08693],[-36.11866,-5.08793],[-36.12241,-5.09018],[-36.1257,-5.09166],[-36.12897,-5.09249],[-36.14383,-5.09514],[-36.15204,-5.0961],[-36.16094,-5.09682],[-36.17987,-5.09612],[-36.17986,-5.09593],[-36.17947,-5.09604],[-36.18411,-5.09609],[-36.18844,-5.09555],[-36.19321,-5.09572],[-36.20061,-5.09508],[-36.21823,-5.09595],[-36.22449,-5.09585],[-36.23164,-5.09542],[-36.23297,-5.09513],[-36.23878,-5.09453],[-36.23966,-5.09473],[-36.24011,-5.09547],[-36.24099,-5.09593],[-36.24518,-5.09627],[-36.2472,-5.09615],[-36.25152,-5.09525],[-36.2552,-5.09481],[-36.25688,-5.09423],[-36.25792,-5.09412],[-36.26471,-5.09228],[-36.27263,-5.08945],[-36.27324,-5.0897],[-36.27331,-5.08995]]},"properties":{"id":"15865116815","date":"2025-09-19","name":"Dia 3","chapter":1,"chapter_slug":"nordeste","country":"BR","transport":"bicycle","distance_km":26.7,"elev_gain_m":67,"moving_time_s":7129,"points":54}},{"type":"Feature","geometry":{"type":"LineString","coordinates":[[-36.32043,-5.10865],[-36.32236,-5.10951],[-36.32347,-5.10948],[-36.32721,-5.11085],[-36.33299,-5.11107],[-36.33779,-5.11185],[-36.33949,-5.11171],[-36.34121,-5.1124],[-36.34362,-5.11219],[-36.34562,-5.1131],[-36.34699,-5.11297],[-36.34949,-5.11379],[-36.35529,-5.11413],[-36.35712,-5.11461],[-36.37768,-5.13768],[-36.37801,-5.13841],[-36.37803,-5.13915],[-36.3763,-5.14426],[-36.38527,-5.14844],[-36.38648,-5.14879],[-36.39185,-5.14878],[-36.41054,-5.14778],[-36.41116,-5.14749],[-36.41145,-5.14705],[-36.41395,-5.14003],[-36.41797,-5.13711],[-36.41885,-5.13666],[-36.42254,-5.13559],[-36.42832,-5.13334],[-36.43536,-5.13363],[-36.44787,-5.13317],[-36.45558,-5.13382],[-36.46474,-5.13507],[-36.47801,-5.13751],[-36.48554,-5.13833],[-36.50389,-5.14073],[-36.52774,-5.1442],[-36.5375,-5.14676],[-36.55183,-5.14736],[-36.55483,-5.14846],[-36.55956,-5.14973],[-36.56331,-5.14958],[-36.57146,-5.14882],[-36.57111,-5.14881],[-36.57382,-5.14876],[-36.57428,-5.14848],[-36.5744,-5.14892],[-36.57814,-5.15048],[-36.57941,-5.15134],[-36.58181,-5.15386],[-36.5831,-5.15608],[-36.59556,-5.15071],[-36.59545,-5.15158],[-36.59379,-5.15628],[-36.59393,-5.15937],[-36.5951,-5.16214],[-36.59526,-5.16342],[-36.593,-5.17196],[-36.59295,-5.17402],[-36.59827,-5.18892],[-36.59905,-5.19054],[-36.60141,-5.19361],[-36.60523,-5.20386],[-36.60596,-5.20498],[-36.60681,-5.20574],[-36.61684,-5.21216],[-36.61839,-5.21337],[-36.61991,-5.21491],[-36.62176,-5.21754],[-36.64486,-5.25371],[-36.64563,-5.25462],[-36.64703,-5.25562],[-36.6589,-5.26224],[-36.66268,-5.26336],[-36.66782,-5.26456],[-36.66938,-5.2645],[-36.69997,-5.25983],[-36.70726,-5.25883],[-36.70751,-5.259],[-36.70799,-5.25875],[-36.7119,-5.25815],[-36.71359,-5.25804],[-36.71368,-5.25895],[-36.71399,-5.25856],[-36.71379,-5.25869],[-36.7134,-5.25826],[-36.71347,-5.25803],[-36.71715,-5.25741],[-36.72092,-5.25559],[-36.72014,-5.25352],[-36.7204,-5.25392],[-36.72285,-5.25361],[-36.7254,-5.25355],[-36.72591,-5.25306],[-36.72632,-5.25121],[-36.72669,-5.25069],[-36.73292,-5.24858],[-36.73333,-5.24837],[-36.73363,-5.24792],[-36.7336,-5.2473],[-36.73312,-5.24627],[-36.73264,-5.24429],[-36.73025,-5.23737],[-36.72934,-5.23571],[-36.72902,-5.23387],[-36.72987,-5.22973],[-36.72993,-5.22704],[-36.72951,-5.22561],[-36.72847,-5.22397],[-36.72837,-5.22351],[-36.729,-5.22065],[-36.7291,-5.21602],[-36.72938,-5.21556],[-36.73048,-5.21464],[-36.73075,-5.21402],[-36.73071,-5.21345],[-36.72998,-5.21167],[-36.73068,-5.20929],[-36.73098,-5.20883],[-36.73156,-5.20861],[-36.73466,-5.20858],[-36.75017,-5.20337],[-36.75088,-5.2036],[-36.75431,-5.20669],[-36.75494,-5.20703],[-36.75559,-5.20707],[-36.77939,-5.19894],[-36.7812,-5.19848],[-36.78207,-5.19799],[-36.78539,-5.19486],[-36.78671,-5.19436],[-36.78727,-5.1939],[-36.79414,-5.18375],[-36.796,-5.18228],[-36.78903,-5.17015],[-36.78834,-5.1686],[-36.7855,-5.12803],[-36.78562,-5.12738],[-36.78926,-5.12049],[-36.79009,-5.11689],[-36.79251,-5.11164],[-36.7925,-5.11019],[-36.79094,-5.10809],[-36.7908,-5.10666],[-36.79263,-5.10196],[-36.7937,-5.09742],[-36.79542,-5.09336],[-36.79756,-5.08915],[-36.79866,-5.08261],[-36.79875,-5.08071],[-36.7986,-5.07994],[-36.79463,-5.07056],[-36.79453,-5.06402],[-36.79386,-5.06341],[-36.79101,-5.06232],[-36.79172,-5.06175],[-36.7975,-5.05863],[-36.80048,-5.05365],[-36.80112,-5.05009],[-36.80205,-5.04987],[-36.8029,-5.04993],[-36.80584,-5.04843],[-36.80736,-5.04822],[-36.80811,-5.04786],[-36.81029,-5.04488],[-36.8116,-5.04181],[-36.81638,-5.03928],[-36.81932,-5.03674],[-36.82069,-5.03403],[-36.82155,-5.03152],[-36.82221,-5.02672],[-36.82404,-5.02545],[-36.82824,-5.0238],[-36.82953,-5.02271],[-36.83012,-5.02175],[-36.8316,-5.01823],[-36.83447,-5.01043],[-36.83656,-5.00884],[-36.83637,-5.00815],[-36.83651,-5.00682],[-36.8342,-5.00514],[-36.83409,-5.00429],[-36.83454,-5.0034],[-36.83826,-4.99835],[-36.83724,-4.99977],[-36.83861,-5.00054],[-36.83839,-5.00041],[-36.83836,-5.00058],[-36.83835,-5.00026],[-36.83834,-5.00044]]},"properties":{"id":"15880642517","date":"2025-09-20","name":"Dia 4","chapter":1,"chapter_slug":"nordeste","country":"BR","transport":"bicycle","distance_km":97.1,"elev_gain_m":282,"moving_time_s":19634,"points":190}},{"type":"Feature","geometry":{"type":"LineString","coordinates":[[-36.83722,-4.9997],[-36.84227,-4.99314],[-36.84883,-4.98561],[-36.85168,-4.98143],[-36.85303,-4.98008],[-36.85489,-4.97704],[-36.85636,-4.97574],[-36.85742,-4.97333],[-36.85851,-4.97169],[-36.86503,-4.96451],[-36.86933,-4.96103],[-36.86991,-4.96093],[-36.87122,-4.96146],[-36.87321,-4.96098],[-36.87431,-4.96017],[-36.87469,-4.95925],[-36.87509,-4.95883],[-36.87779,-4.95744],[-36.87863,-4.95727],[-36.87985,-4.95735],[-36.88149,-4.95663],[-36.88301,-4.95709],[-36.88317,-4.95743],[-36.88243,-4.95892],[-36.88179,-4.9616],[-36.88222,-4.96288],[-36.8825,-4.96487],[-36.88419,-4.96449],[-36.88559,-4.96531],[-36.88665,-4.96564],[-36.88852,-4.96537],[-36.891,-4.96343],[-36.8919,-4.96296],[-36.8945,-4.96243],[-36.89877,-4.96084],[-36.92853,-4.96239],[-36.94806,-4.9556],[-36.97497,-4.94591],[-36.97623,-4.94562],[-36.97849,-4.94609],[-36.9967,-4.95272],[-37.03759,-4.96788],[-37.04288,-4.96968],[-37.05831,-4.97542],[-37.0615,-4.97678],[-37.07614,-4.98198],[-37.07782,-4.98219],[-37.07935,-4.98185],[-37.0846,-4.97929],[-37.09066,-4.96617],[-37.09301,-4.95318],[-37.09367,-4.95157],[-37.09465,-4.95026],[-37.09694,-4.94803],[-37.10228,-4.9454],[-37.10606,-4.94198],[-37.10729,-4.94108],[-37.10835,-4.94055],[-37.10978,-4.94015],[-37.11235,-4.94007],[-37.11446,-4.94072],[-37.11593,-4.94157],[-37.12548,-4.94991],[-37.13047,-4.95098],[-37.1315,-4.95137],[-37.1338,-4.95072],[-37.13434,-4.95093],[-37.13604,-4.95637],[-37.13688,-4.95606],[-37.1367,-4.95585],[-37.13664,-4.95599],[-37.1367,-4.95575],[-37.13673,-4.95594],[-37.13705,-4.9556],[-37.14031,-4.96204],[-37.14272,-4.96529],[-37.14378,-4.9663],[-37.14637,-4.97024],[-37.14764,-4.97385],[-37.14856,-4.97894],[-37.14922,-4.97944],[-37.15029,-4.97554],[-37.1504,-4.97349],[-37.14892,-4.96999],[-37.14755,-4.96569],[-37.14657,-4.96485],[-37.14503,-4.96087],[-37.14448,-4.96009],[-37.14413,-4.95865],[-37.14337,-4.95733],[-37.14345,-4.95643],[-37.14384,-4.95619],[-37.14633,-4.95564],[-37.1469,-4.95396],[-37.14759,-4.95293],[-37.15158,-4.95037],[-37.15347,-4.94845],[-37.15475,-4.94812],[-37.15612,-4.94731],[-37.15763,-4.94674],[-37.16,-4.94519],[-37.16063,-4.94435],[-37.16068,-4.94346],[-37.16099,-4.94269],[-37.16282,-4.94055],[-37.16524,-4.93633],[-37.16561,-4.93614],[-37.16736,-4.93621],[-37.16789,-4.93597],[-37.16921,-4.93273],[-37.1721,-4.92872],[-37.17898,-4.92427],[-37.18379,-4.91998],[-37.18653,-4.91699],[-37.19388,-4.91223],[-37.2018,-4.90894],[-37.20296,-4.90802],[-37.20481,-4.90609],[-37.20632,-4.90417],[-37.21044,-4.89988],[-37.21183,-4.89713],[-37.21361,-4.89513],[-37.2149,-4.89264],[-37.21897,-4.88793],[-37.22251,-4.8819],[-37.2239,-4.88026],[-37.22637,-4.87665],[-37.22862,-4.87455],[-37.22957,-4.87306],[-37.23003,-4.87183],[-37.2318,-4.86932],[-37.23354,-4.86794],[-37.23493,-4.86561],[-37.23617,-4.86188],[-37.23701,-4.86046],[-37.2377,-4.86077],[-37.23968,-4.86062],[-37.24041,-4.85844],[-37.24258,-4.85906],[-37.24315,-4.85757],[-37.24352,-4.85709],[-37.24516,-4.8521],[-37.24601,-4.85038],[-37.24679,-4.84955],[-37.25124,-4.8462],[-37.25245,-4.8443],[-37.25547,-4.84059],[-37.2564,-4.84165],[-37.25637,-4.84209],[-37.25716,-4.84152],[-37.25658,-4.84212],[-37.25643,-4.84206],[-37.25663,-4.84554],[-37.25644,-4.84196],[-37.25636,-4.84206],[-37.2565,-4.84204],[-37.25667,-4.84132],[-37.25642,-4.84208],[-37.25631,-4.84164],[-37.25547,-4.8408],[-37.25553,-4.84057],[-37.26087,-4.83697],[-37.26313,-4.83486],[-37.26477,-4.834],[-37.26755,-4.82862],[-37.2693,-4.82659],[-37.2696,-4.82563],[-37.26996,-4.82271],[-37.27042,-4.82123],[-37.27203,-4.8192],[-37.27391,-4.81575],[-37.27393,-4.81527],[-37.2735,-4.81404],[-37.27362,-4.81293],[-37.27517,-4.80977],[-37.27614,-4.80688],[-37.27685,-4.80094],[-37.27826,-4.79528],[-37.28047,-4.79121],[-37.28115,-4.78833],[-37.28262,-4.78444],[-37.28512,-4.78167],[-37.28553,-4.78089],[-37.2857,-4.77788],[-37.28526,-4.77561],[-37.28676,-4.77193],[-37.28706,-4.76949],[-37.28775,-4.76708],[-37.28788,-4.76515],[-37.29049,-4.75934],[-37.29239,-4.75732],[-37.29407,-4.75519],[-37.29849,-4.7509],[-37.30096,-4.74891],[-37.30323,-4.74612],[-37.30788,-4.74139],[-37.3087,-4.74096],[-37.31111,-4.74039],[-37.31435,-4.73866],[-37.31497,-4.73774],[-37.32095,-4.73265],[-37.32808,-4.72932],[-37.33099,-4.72835],[-37.33329,-4.72731],[-37.33558,-4.7265],[-37.33801,-4.726],[-37.34109,-4.72507],[-37.34406,-4.72348],[-37.35078,-4.71928],[-37.35271,-4.71787],[-37.35501,-4.71547],[-37.35596,-4.71414],[-37.35589,-4.7136],[-37.35525,-4.71241],[-37.35603,-4.71182],[-37.35614,-4.7115],[-37.35585,-4.71096],[-37.35505,-4.71125],[-37.35499,-4.71105],[-37.35514,-4.71119],[-37.35563,-4.71093],[-37.35593,-4.71038],[-37.35819,-4.70881],[-37.36046,-4.70605],[-37.36316,-4.70231],[-37.36332,-4.70253],[-37.36183,-4.70013],[-37.36193,-4.69996],[-37.36133,-4.70032],[-37.3603,-4.69866],[-37.36085,-4.69843],[-37.36089,-4.69777],[-37.36107,-4.69762],[-37.36238,-4.69757],[-37.36288,-4.69738],[-37.36257,-4.69641],[-37.36346,-4.69557],[-37.3651,-4.69573],[-37.36582,-4.69541],[-37.3663,-4.69492],[-37.36717,-4.6949],[-37.3674,-4.69459],[-37.36542,-4.69163],[-37.36467,-4.69118],[-37.36294,-4.69094],[-37.36243,-4.68975],[-37.36127,-4.68925],[-37.36044,-4.68767],[-37.36901,-4.68389],[-37.37918,-4.68048],[-37.38106,-4.68057],[-37.38287,-4.68032],[-37.3916,-4.67861],[-37.39735,-4.67783],[-37.40094,-4.67676],[-37.40736,-4.67579],[-37.40804,-4.67508],[-37.41391,-4.67288],[-37.41782,-4.67076],[-37.4205,-4.66974],[-37.42324,-4.66834],[-37.4218,-4.66911],[-37.42204,-4.66955],[-37.42416,-4.66944],[-37.42417,-4.6697],[-37.42428,-4.66949],[-37.42471,-4.66942],[-37.42461,-4.6695],[-37.42487,-4.6698],[-37.42549,-4.6696],[-37.42673,-4.67001],[-37.42711,-4.66995],[-37.42899,-4.66895],[-37.43064,-4.6674],[-37.43252,-4.66635],[-37.43449,-4.66495],[-37.43699,-4.66387],[-37.43849,-4.66344],[-37.44038,-4.66329],[-37.44552,-4.66167],[-37.44985,-4.66083],[-37.44933,-4.66097],[-37.44894,-4.66015],[-37.44902,-4.65994],[-37.44893,-4.66008],[-37.44933,-4.66093],[-37.4504,-4.66067],[-37.45279,-4.65833],[-37.45589,-4.6574],[-37.45547,-4.65679]]},"properties":{"id":"15891938356","date":"2025-09-21","name":"Dia 5","chapter":1,"chapter_slug":"nordeste","country":"BR","transport":"bicycle","distance_km":104.8,"elev_gain_m":523,"moving_time_s":22131,"points":290}},{"type":"Feature","geometry":{"type":"LineString","coordinates":[[-37.46859,-4.65312],[-37.47071,-4.65291],[-37.47453,-4.65168],[-37.47706,-4.6511],[-37.47859,-4.66676],[-37.48324,-4.70351],[-37.48983,-4.70564],[-37.50485,-4.70987],[-37.55726,-4.72236],[-37.65681,-4.6129],[-37.65579,-4.61193],[-37.65455,-4.6115],[-37.65034,-4.61111],[-37.65113,-4.60828],[-37.65027,-4.60618],[-37.64557,-4.60179],[-37.64549,-4.60127],[-37.64587,-4.59807],[-37.64311,-4.5931],[-37.64232,-4.59067],[-37.64244,-4.59018],[-37.64349,-4.58894],[-37.64379,-4.5853],[-37.64414,-4.58475],[-37.64618,-4.58317],[-37.64641,-4.58246],[-37.65075,-4.58092],[-37.65164,-4.58041],[-37.65246,-4.57944],[-37.65387,-4.57911],[-37.65464,-4.57872],[-37.65518,-4.57796],[-37.65587,-4.57743],[-37.65596,-4.57626],[-37.65706,-4.5748],[-37.65734,-4.57394],[-37.66009,-4.57268],[-37.66013,-4.57228],[-37.65969,-4.57174],[-37.66129,-4.57128],[-37.66467,-4.57134],[-37.66523,-4.57116],[-37.66863,-4.56799],[-37.67081,-4.56397],[-37.67245,-4.56041],[-37.67486,-4.56008],[-37.67715,-4.55746],[-37.70529,-4.55795],[-37.70295,-4.53494],[-37.70391,-4.5316],[-37.70594,-4.52949],[-37.70644,-4.5286],[-37.70672,-4.52758],[-37.70569,-4.52671],[-37.70557,-4.5253],[-37.70455,-4.5241],[-37.70423,-4.52299]]},"properties":{"id":"15914157328","date":"2025-09-23","name":"Dia 7","chapter":1,"chapter_slug":"nordeste","country":"BR","transport":"bicycle","distance_km":48.5,"elev_gain_m":194,"moving_time_s":7860,"points":57}},{"type":"Feature","geometry":{"type":"LineString","coordinates":[[-37.70676,-4.52734],[-37.70629,-4.52891],[-37.70392,-4.53163],[-37.70297,-4.5351],[-37.70538,-4.55799],[-37.72388,-4.5583],[-37.72492,-4.55856],[-37.72576,-4.55924],[-37.73736,-4.57295],[-37.73788,-4.5733],[-37.74977,-4.5688],[-37.75145,-4.56856],[-37.76442,-4.57435],[-37.77178,-4.57971],[-37.77277,-4.58023],[-37.77373,-4.58039],[-37.77646,-4.57972],[-37.7911,-4.57511],[-37.79207,-4.56702],[-37.79592,-4.5562],[-37.79669,-4.55445],[-37.79879,-4.54787],[-37.7991,-4.53775],[-37.79893,-4.53584],[-37.79933,-4.52927],[-37.79918,-4.52786],[-37.79926,-4.52527],[-37.79957,-4.52248],[-37.79977,-4.51131],[-37.80002,-4.50826],[-37.80033,-4.49778],[-37.80018,-4.49594],[-37.80025,-4.49318],[-37.80051,-4.49132],[-37.80071,-4.48552],[-37.80055,-4.48349],[-37.80063,-4.48066],[-37.80114,-4.47107],[-37.80121,-4.46517],[-37.80168,-4.46237],[-37.80272,-4.46061],[-37.80777,-4.45547],[-37.81134,-4.45223],[-37.8118,-4.45226],[-37.81132,-4.45235],[-37.81163,-4.45222],[-37.8117,-4.4527],[-37.81156,-4.45246],[-37.81165,-4.45266],[-37.81146,-4.45258],[-37.81159,-4.45272],[-37.81157,-4.45245],[-37.81187,-4.45229],[-37.81179,-4.45207],[-37.81209,-4.4514],[-37.81327,-4.44996],[-37.81696,-4.44668],[-37.84633,-4.41736],[-37.84728,-4.41514],[-37.8486,-4.40812],[-37.84876,-4.40643],[-37.84961,-4.40334],[-37.85024,-4.40003],[-37.85068,-4.39874],[-37.85132,-4.39774],[-37.85249,-4.39666],[-37.85395,-4.39598],[-37.85748,-4.39526],[-37.8623,-4.39476],[-37.86807,-4.39369],[-37.88159,-4.38918],[-37.88501,-4.38783],[-37.88737,-4.38727],[-37.89488,-4.38459],[-37.8988,-4.38346],[-37.92693,-4.37408],[-37.93085,-4.3727],[-37.93213,-4.37205],[-37.93594,-4.371],[-37.95239,-4.36523],[-37.95428,-4.36358],[-37.9584,-4.35919],[-37.96006,-4.35714],[-37.96873,-4.34796],[-37.9704,-4.34582],[-37.97262,-4.3438],[-37.97952,-4.33645],[-37.98827,-4.32656],[-37.98983,-4.3252],[-37.99666,-4.31789],[-38.00161,-4.31212],[-38.00375,-4.31011],[-38.01098,-4.30251],[-38.01577,-4.29728],[-38.01694,-4.29561],[-38.01911,-4.29325],[-38.02052,-4.29204],[-38.03194,-4.27994],[-38.03334,-4.27893],[-38.0358,-4.27763],[-38.06555,-4.26262],[-38.08639,-4.25187],[-38.09339,-4.24799],[-38.09561,-4.2471],[-38.10105,-4.24433],[-38.10328,-4.24314],[-38.10451,-4.24218],[-38.10587,-4.24076],[-38.10709,-4.2388],[-38.10868,-4.2347],[-38.10922,-4.23265],[-38.11046,-4.22932],[-38.11156,-4.2271],[-38.11633,-4.21495],[-38.11705,-4.21361],[-38.13296,-4.18982],[-38.13269,-4.1902],[-38.13244,-4.1902],[-38.13065,-4.18873],[-38.12969,-4.1876],[-38.12932,-4.18708],[-38.12881,-4.18452],[-38.12352,-4.18518],[-38.11899,-4.18615],[-38.11008,-4.18591],[-38.09831,-4.18437],[-38.09804,-4.18225],[-38.09804,-4.18269],[-38.09824,-4.18288],[-38.09805,-4.18298],[-38.09818,-4.1843],[-38.09616,-4.18429],[-38.09622,-4.18446]]},"properties":{"id":"15929411381","date":"2025-09-24","name":"Dia 8","chapter":1,"chapter_slug":"nordeste","country":"BR","transport":"bicycle","distance_km":82.7,"elev_gain_m":301,"moving_time_s":14964,"points":133}},{"type":"Feature","geometry":{"type":"LineString","coordinates":[[-38.09815,-4.18374],[-38.09821,-4.18429],[-38.09782,-4.18435],[-38.09284,-4.18421],[-38.08947,-4.18316],[-38.08732,-4.182],[-38.085,-4.18113],[-38.08274,-4.18131],[-38.08062,-4.18175],[-38.08042,-4.18198],[-38.08096,-4.18167],[-38.08287,-4.18125],[-38.08535,-4.18109],[-38.08763,-4.18011],[-38.08655,-4.17858],[-38.08942,-4.17593],[-38.09058,-4.17424],[-38.08959,-4.17311],[-38.0889,-4.17314],[-38.08856,-4.17346],[-38.0894,-4.17307],[-38.08968,-4.1732],[-38.09052,-4.17434],[-38.0894,-4.17599],[-38.08656,-4.17856],[-38.08661,-4.17888],[-38.08765,-4.18009],[-38.0861,-4.18074],[-38.08556,-4.1812],[-38.08603,-4.18158],[-38.08751,-4.18203],[-38.08933,-4.18307],[-38.09272,-4.18411],[-38.09909,-4.18433],[-38.11015,-4.18585],[-38.11913,-4.18611],[-38.12476,-4.18496],[-38.12526,-4.18414],[-38.13012,-4.18337],[-38.13535,-4.18466],[-38.13646,-4.18458],[-38.13561,-4.186],[-38.13578,-4.18636],[-38.13732,-4.18616],[-38.14376,-4.18676],[-38.1514,-4.18551],[-38.15331,-4.18552],[-38.16922,-4.1916],[-38.17211,-4.19246],[-38.17653,-4.19415],[-38.17853,-4.19519],[-38.21016,-4.20766],[-38.21575,-4.20973],[-38.21631,-4.20952],[-38.21606,-4.20926],[-38.21633,-4.20935],[-38.21627,-4.20989],[-38.21982,-4.21126],[-38.22111,-4.21162],[-38.22234,-4.2117],[-38.22358,-4.21148],[-38.2248,-4.21092],[-38.22639,-4.20936],[-38.22702,-4.20807],[-38.22727,-4.20708],[-38.22743,-4.1904],[-38.22988,-4.18213],[-38.23187,-4.16393],[-38.23251,-4.16222],[-38.24191,-4.15406],[-38.24305,-4.15352],[-38.2492,-4.1516],[-38.25775,-4.14635],[-38.26094,-4.14466],[-38.26177,-4.14384],[-38.26786,-4.13576],[-38.26909,-4.13458],[-38.2733,-4.13137],[-38.27575,-4.12869],[-38.27655,-4.12735],[-38.28438,-4.10126],[-38.2898,-4.07989],[-38.29029,-4.0771],[-38.29173,-4.07213],[-38.29213,-4.07045],[-38.29191,-4.07005],[-38.29216,-4.07011],[-38.29251,-4.06938],[-38.29457,-4.06147],[-38.29534,-4.05842],[-38.29516,-4.05786],[-38.29546,-4.05777],[-38.29579,-4.05665],[-38.29847,-4.04573],[-38.29859,-4.03979],[-38.29926,-4.03792],[-38.30115,-4.03495],[-38.30221,-4.03379],[-38.31115,-4.02906],[-38.3123,-4.02812],[-38.32473,-4.01051],[-38.34177,-3.98583],[-38.34291,-3.98477],[-38.35051,-3.97936],[-38.36408,-3.96316],[-38.36611,-3.96018],[-38.3679,-3.95919],[-38.37437,-3.95633],[-38.37599,-3.95544],[-38.37861,-3.95446],[-38.38114,-3.9533],[-38.38224,-3.95257],[-38.38466,-3.95155],[-38.38556,-3.95099],[-38.38681,-3.94981],[-38.38774,-3.94827],[-38.38833,-3.94629],[-38.38873,-3.93629],[-38.38863,-3.93238],[-38.38822,-3.92771],[-38.38764,-3.92433],[-38.38798,-3.91465],[-38.38843,-3.91388],[-38.38913,-3.91345],[-38.39261,-3.91322],[-38.3936,-3.91279],[-38.39436,-3.91212],[-38.40129,-3.90072],[-38.40281,-3.89776],[-38.40463,-3.89645],[-38.40567,-3.8961],[-38.40677,-3.89599],[-38.40711,-3.89572],[-38.4072,-3.89663],[-38.40728,-3.896],[-38.422,-3.89665],[-38.42956,-3.89509],[-38.43433,-3.89248],[-38.43537,-3.89114],[-38.43676,-3.88834],[-38.43804,-3.88706],[-38.44568,-3.88262],[-38.45031,-3.8809],[-38.45465,-3.88064],[-38.45802,-3.88],[-38.46077,-3.87917],[-38.46176,-3.87822],[-38.46912,-3.86544],[-38.46951,-3.86388],[-38.46934,-3.86309],[-38.46876,-3.86246],[-38.46715,-3.86169],[-38.46832,-3.86215],[-38.47076,-3.86363],[-38.47154,-3.864],[-38.47168,-3.86383],[-38.48551,-3.87217],[-38.48765,-3.87302],[-38.48941,-3.8733],[-38.49243,-3.87312],[-38.50767,-3.86875],[-38.50939,-3.8682],[-38.51537,-3.86558],[-38.51877,-3.86457],[-38.51957,-3.86529],[-38.52042,-3.86719],[-38.52277,-3.86808],[-38.52423,-3.86885],[-38.5255,-3.86976],[-38.52694,-3.8712],[-38.52793,-3.87274],[-38.52848,-3.87479],[-38.52913,-3.87614],[-38.5298,-3.87832],[-38.53036,-3.87896],[-38.53217,-3.87978],[-38.53072,-3.88125],[-38.53407,-3.8839],[-38.5371,-3.88675],[-38.53661,-3.88727],[-38.53732,-3.89064],[-38.5374,-3.89088],[-38.53767,-3.89087],[-38.53778,-3.89121],[-38.53761,-3.89153],[-38.53791,-3.89285]]},"properties":{"id":"15935056927","date":"2025-09-25","name":"Dia 9","chapter":1,"chapter_slug":"nordeste","country":"BR","transport":"bicycle","distance_km":85.8,"elev_gain_m":499,"moving_time_s":16558,"points":186}},{"type":"Feature","geometry":{"type":"LineString","coordinates":[[-38.53694,-3.89106],[-38.53625,-3.8878],[-38.53662,-3.88757],[-38.53661,-3.88726],[-38.53702,-3.88674],[-38.53412,-3.88395],[-38.53102,-3.88162],[-38.52997,-3.88059],[-38.53006,-3.88024],[-38.531,-3.87938],[-38.53016,-3.87885],[-38.52972,-3.87825],[-38.52902,-3.87599],[-38.52848,-3.87496],[-38.52787,-3.87274],[-38.5268,-3.87111],[-38.52555,-3.86981],[-38.52248,-3.86797],[-38.5231,-3.86734],[-38.52316,-3.85707],[-38.52097,-3.84961],[-38.51955,-3.84366],[-38.52165,-3.84178],[-38.52179,-3.84112],[-38.52117,-3.82578],[-38.52126,-3.82378],[-38.52081,-3.81887],[-38.52084,-3.81465],[-38.51959,-3.81011],[-38.52293,-3.80895],[-38.52403,-3.80773],[-38.52419,-3.80703],[-38.52353,-3.80594],[-38.52024,-3.80195],[-38.51904,-3.80014],[-38.51695,-3.7903],[-38.51685,-3.78909],[-38.51709,-3.78646],[-38.51646,-3.78309],[-38.51544,-3.78033],[-38.51481,-3.77962],[-38.51383,-3.77926],[-38.51352,-3.77819],[-38.5136,-3.77773],[-38.51309,-3.77637],[-38.51255,-3.77305],[-38.51092,-3.7712],[-38.50984,-3.76832],[-38.50909,-3.76719],[-38.50863,-3.76396],[-38.50787,-3.76204],[-38.50752,-3.7617],[-38.50596,-3.76141],[-38.50482,-3.76066],[-38.50471,-3.76081],[-38.50482,-3.76058],[-38.50443,-3.75971],[-38.50485,-3.75942],[-38.50483,-3.75963],[-38.50505,-3.7597],[-38.50775,-3.75988],[-38.50801,-3.75555],[-38.52118,-3.75672],[-38.52313,-3.75532],[-38.52451,-3.75555],[-38.52543,-3.75519],[-38.52766,-3.75626],[-38.52852,-3.7562],[-38.5333,-3.75153],[-38.53585,-3.751],[-38.53885,-3.74939],[-38.54068,-3.74736],[-38.54184,-3.74715],[-38.54359,-3.74556],[-38.54389,-3.74499],[-38.5439,-3.74455],[-38.54323,-3.74238],[-38.54315,-3.74123],[-38.54449,-3.73302],[-38.5447,-3.73194],[-38.54507,-3.73117],[-38.54676,-3.72155],[-38.54655,-3.71964],[-38.54602,-3.7189],[-38.54512,-3.71814],[-38.54565,-3.71486],[-38.54803,-3.7138],[-38.55333,-3.71222],[-38.55759,-3.71148],[-38.56562,-3.70927],[-38.57549,-3.70573],[-38.59257,-3.69768],[-38.59457,-3.69659],[-38.59686,-3.69596],[-38.59719,-3.69567],[-38.59704,-3.69582],[-38.5976,-3.69582],[-38.60816,-3.69323],[-38.61475,-3.69246],[-38.61486,-3.69201],[-38.61807,-3.69142],[-38.61995,-3.69045],[-38.62329,-3.68985],[-38.62312,-3.68961],[-38.62337,-3.68979],[-38.62542,-3.68968],[-38.62456,-3.69445],[-38.6265,-3.69432],[-38.63217,-3.69463],[-38.63325,-3.69377],[-38.63406,-3.69347],[-38.63741,-3.69345],[-38.64597,-3.69256],[-38.64673,-3.69206],[-38.64862,-3.6895],[-38.64934,-3.68889],[-38.65323,-3.68865],[-38.65408,-3.68824],[-38.6543,-3.68788],[-38.65436,-3.68712],[-38.65396,-3.68437],[-38.65456,-3.68346],[-38.65551,-3.68316],[-38.65749,-3.68317],[-38.66108,-3.6823],[-38.66157,-3.68167],[-38.66275,-3.67819],[-38.66855,-3.67508],[-38.67194,-3.67105],[-38.67761,-3.66614],[-38.67916,-3.66549],[-38.68149,-3.6654],[-38.68252,-3.66482],[-38.68524,-3.66157],[-38.68681,-3.65891],[-38.68913,-3.65724],[-38.69503,-3.64967],[-38.70294,-3.64169],[-38.70783,-3.63876],[-38.70895,-3.63705],[-38.71287,-3.6347],[-38.7173,-3.63298],[-38.71957,-3.63158],[-38.72489,-3.62777],[-38.72793,-3.62696],[-38.73168,-3.62553],[-38.73187,-3.62561],[-38.73209,-3.62633],[-38.7323,-3.62639],[-38.7375,-3.62507],[-38.74323,-3.62235],[-38.74351,-3.62248],[-38.74471,-3.62567],[-38.74886,-3.62429],[-38.75248,-3.62239],[-38.75492,-3.62164],[-38.76349,-3.61601],[-38.76408,-3.61545],[-38.76457,-3.61531],[-38.76837,-3.61282],[-38.76878,-3.6123],[-38.76917,-3.61017],[-38.76947,-3.60979],[-38.77139,-3.60957],[-38.77351,-3.60874],[-38.7782,-3.60841],[-38.7802,-3.60766],[-38.78048,-3.60729],[-38.78066,-3.6061],[-38.7814,-3.60618],[-38.78078,-3.60598],[-38.78108,-3.60542],[-38.78097,-3.60482],[-38.78127,-3.60459],[-38.7847,-3.60376],[-38.78508,-3.606],[-38.7854,-3.60684],[-38.78778,-3.608],[-38.78841,-3.60798],[-38.79322,-3.60621],[-38.79513,-3.60594],[-38.79615,-3.60544],[-38.79461,-3.60186],[-38.7969,-3.60064],[-38.79869,-3.59872],[-38.79999,-3.59806],[-38.80081,-3.5978],[-38.8026,-3.59781],[-38.80523,-3.59614],[-38.80687,-3.59558],[-38.80829,-3.59484],[-38.81292,-3.59537],[-38.81506,-3.59507],[-38.81614,-3.59452],[-38.81696,-3.5944],[-38.81754,-3.59367],[-38.82595,-3.58676],[-38.82601,-3.58632],[-38.82786,-3.58259],[-38.82779,-3.57965],[-38.82659,-3.57041],[-38.82653,-3.56719],[-38.82729,-3.564],[-38.83179,-3.55522],[-38.83202,-3.55395],[-38.83194,-3.5541],[-38.83175,-3.55401],[-38.83193,-3.5539],[-38.83175,-3.55063],[-38.83099,-3.55002],[-38.83066,-3.54829],[-38.83074,-3.54732],[-38.83052,-3.54727],[-38.83182,-3.54705],[-38.83196,-3.54523],[-38.83774,-3.54462],[-38.84623,-3.54245],[-38.84733,-3.54185],[-38.84905,-3.54136],[-38.85469,-3.53822],[-38.85642,-3.5369],[-38.86,-3.53492],[-38.86348,-3.53211],[-38.86658,-3.52927],[-38.86875,-3.527],[-38.87035,-3.52494],[-38.87373,-3.52216],[-38.87448,-3.52173],[-38.87665,-3.51919],[-38.8797,-3.51649],[-38.8812,-3.51469],[-38.88276,-3.51359],[-38.88332,-3.51259],[-38.88518,-3.51094],[-38.88752,-3.50946],[-38.88937,-3.50748],[-38.89035,-3.50712],[-38.89234,-3.5057],[-38.89428,-3.50591],[-38.89521,-3.50636],[-38.89607,-3.50629],[-38.89627,-3.50689],[-38.89623,-3.50658]]},"properties":{"id":"15955926698","date":"2025-09-27","name":"Dia 11","chapter":1,"chapter_slug":"nordeste","country":"BR","transport":"bicycle","distance_km":79.1,"elev_gain_m":529,"moving_time_s":15460,"points":243}},{"type":"Feature","geometry":{"type":"LineString","coordinates":[[-38.92559,-3.5082],[-38.9254,-3.50841],[-38.92491,-3.51344],[-38.9251,-3.51479],[-38.92489,-3.51971],[-38.92668,-3.53163],[-38.93422,-3.52974],[-38.93733,-3.52983],[-38.93773,-3.53003],[-38.93828,-3.53084],[-38.93998,-3.53227],[-38.94141,-3.53313],[-38.94405,-3.53573],[-38.94608,-3.53506],[-38.94716,-3.53491],[-38.94718,-3.53328],[-38.95194,-3.53211],[-38.95251,-3.53138],[-38.95295,-3.53118],[-38.95922,-3.52955],[-38.96099,-3.52963],[-38.9646,-3.52827],[-38.96752,-3.52791],[-38.9684,-3.52631],[-38.96857,-3.52469],[-38.96924,-3.52346],[-38.96958,-3.52236],[-38.96942,-3.51736],[-38.97015,-3.51683],[-38.97331,-3.51548],[-38.97538,-3.51423],[-38.97623,-3.51416],[-38.97846,-3.51471],[-38.98067,-3.51354],[-38.98312,-3.5133],[-38.98884,-3.51175],[-38.99038,-3.51192],[-38.99099,-3.51138],[-38.99282,-3.51081],[-38.99521,-3.50911],[-38.99701,-3.50861],[-38.99847,-3.50797],[-39.01603,-3.5057],[-39.01765,-3.50554],[-39.01908,-3.50577],[-39.01956,-3.50419],[-39.02109,-3.50141],[-39.02268,-3.49612],[-39.02338,-3.49145],[-39.02326,-3.48994],[-39.02338,-3.48977],[-39.02997,-3.48899],[-39.03598,-3.48782],[-39.04056,-3.4864],[-39.0442,-3.48504],[-39.04656,-3.48452],[-39.05332,-3.4846],[-39.05612,-3.48365],[-39.05864,-3.48251],[-39.05859,-3.48264],[-39.05874,-3.48246],[-39.05262,-3.47004],[-39.0508,-3.4658],[-39.05269,-3.46558],[-39.0566,-3.46441],[-39.05893,-3.46306],[-39.06075,-3.46023],[-39.06199,-3.4592],[-39.06468,-3.45793],[-39.07081,-3.45596],[-39.07467,-3.45311],[-39.0786,-3.45142],[-39.08297,-3.44852],[-39.08387,-3.44839],[-39.08637,-3.44882],[-39.08726,-3.44952],[-39.08819,-3.44996],[-39.09002,-3.45024],[-39.10311,-3.44717],[-39.10523,-3.44648],[-39.10723,-3.4453],[-39.11236,-3.4414],[-39.11252,-3.441],[-39.11398,-3.44138],[-39.116,-3.4415],[-39.12028,-3.44048],[-39.12114,-3.44058],[-39.12284,-3.44186],[-39.12234,-3.44271],[-39.12249,-3.44577],[-39.12265,-3.44683],[-39.12331,-3.44713],[-39.13312,-3.44482],[-39.14454,-3.43819],[-39.14815,-3.43763],[-39.14775,-3.43454],[-39.14546,-3.42317],[-39.14479,-3.42264],[-39.14316,-3.4228],[-39.14013,-3.42203],[-39.13869,-3.42119],[-39.13755,-3.4199],[-39.13659,-3.41806],[-39.13645,-3.41569],[-39.13607,-3.41416],[-39.13482,-3.41267],[-39.13419,-3.41151],[-39.13211,-3.4025],[-39.13242,-3.4011],[-39.13304,-3.40043],[-39.13415,-3.39976],[-39.13467,-3.39855],[-39.13548,-3.39282],[-39.13544,-3.3922],[-39.13367,-3.38631],[-39.13365,-3.38568],[-39.13392,-3.38521],[-39.1383,-3.38071],[-39.14266,-3.36244],[-39.14541,-3.35772],[-39.14531,-3.35719],[-39.14488,-3.35675],[-39.13992,-3.35423],[-39.13951,-3.35351],[-39.13777,-3.34772],[-39.13827,-3.34789],[-39.13819,-3.34768],[-39.13782,-3.34768],[-39.13808,-3.34782],[-39.13793,-3.34762],[-39.13808,-3.34762],[-39.13785,-3.34768],[-39.13779,-3.34746],[-39.13838,-3.34722],[-39.13861,-3.34808],[-39.13804,-3.34823],[-39.13777,-3.34754],[-39.13692,-3.34754],[-39.13675,-3.3471],[-39.13691,-3.34754],[-39.13894,-3.34716],[-39.13899,-3.34698],[-39.13905,-3.34717],[-39.13978,-3.34717],[-39.14085,-3.3468],[-39.14192,-3.34592],[-39.14322,-3.34514],[-39.14326,-3.34525],[-39.14206,-3.34584],[-39.14181,-3.34536],[-39.14199,-3.34501],[-39.14484,-3.34316],[-39.14754,-3.34078],[-39.14824,-3.3404],[-39.15109,-3.33764],[-39.15161,-3.3377],[-39.15228,-3.33739],[-39.15391,-3.33715],[-39.15532,-3.33619],[-39.15674,-3.33469],[-39.15808,-3.33352],[-39.15851,-3.33335],[-39.16015,-3.33171],[-39.16089,-3.33065],[-39.16524,-3.326],[-39.16593,-3.32494],[-39.167,-3.32382],[-39.16745,-3.32292],[-39.16803,-3.32241],[-39.16828,-3.32166],[-39.16885,-3.3209],[-39.16994,-3.32017],[-39.17198,-3.31763],[-39.17394,-3.31459],[-39.17469,-3.31383],[-39.17614,-3.31146],[-39.17703,-3.31049],[-39.17964,-3.30588],[-39.18212,-3.30222],[-39.1839,-3.29862],[-39.18485,-3.29734],[-39.18678,-3.2935],[-39.18751,-3.29263],[-39.18881,-3.28908],[-39.18991,-3.28796],[-39.19065,-3.28619],[-39.19106,-3.28587],[-39.19229,-3.28407],[-39.19423,-3.28269],[-39.19517,-3.28157],[-39.19588,-3.28111],[-39.19711,-3.27887],[-39.19765,-3.27837],[-39.19868,-3.2766],[-39.19908,-3.27551],[-39.19997,-3.27479],[-39.20099,-3.27299],[-39.20236,-3.27195],[-39.20584,-3.26769],[-39.20717,-3.26656],[-39.21034,-3.26133],[-39.21314,-3.25799],[-39.21536,-3.25587],[-39.21973,-3.25006],[-39.22068,-3.24918],[-39.22301,-3.24614],[-39.22367,-3.24609],[-39.22514,-3.24408],[-39.22667,-3.24298],[-39.22867,-3.24054],[-39.23004,-3.23926],[-39.23174,-3.23807],[-39.23424,-3.2374],[-39.23497,-3.23741],[-39.2391,-3.23497],[-39.24269,-3.23197],[-39.24563,-3.22861],[-39.24759,-3.22714],[-39.25018,-3.22409],[-39.25116,-3.22319],[-39.25243,-3.22255],[-39.25399,-3.22144],[-39.25505,-3.22096],[-39.25564,-3.22097],[-39.25713,-3.22003],[-39.26015,-3.21857],[-39.26216,-3.21808],[-39.26516,-3.21826],[-39.26812,-3.21813],[-39.26959,-3.21903],[-39.27065,-3.21922],[-39.27147,-3.21977],[-39.27111,-3.22011],[-39.27142,-3.22041],[-39.27015,-3.22012],[-39.27004,-3.22072],[-39.26929,-3.22074],[-39.26929,-3.22089],[-39.26965,-3.22051],[-39.26955,-3.21978],[-39.2691,-3.21951],[-39.26858,-3.21958],[-39.26856,-3.21895],[-39.26799,-3.21881],[-39.26809,-3.21911],[-39.26794,-3.21943],[-39.26993,-3.21974],[-39.26966,-3.21971],[-39.26998,-3.21972],[-39.27035,-3.21943],[-39.27254,-3.21994],[-39.27279,-3.22054],[-39.27367,-3.22063],[-39.27384,-3.22042],[-39.27363,-3.22003],[-39.27146,-3.21958],[-39.26904,-3.21877],[-39.26879,-3.21908],[-39.26898,-3.21893]]},"properties":{"id":"15969122567","date":"2025-09-28","name":"Dia 12","chapter":1,"chapter_slug":"nordeste","country":"BR","transport":"bicycle","distance_km":73.2,"elev_gain_m":601,"moving_time_s":20255,"points":259}},{"type":"Feature","geometry":{"type":"LineString","coordinates":[[-39.26733,-3.22377],[-39.27088,-3.22348],[-39.27285,-3.22258],[-39.27561,-3.22255],[-39.27796,-3.22098],[-39.27993,-3.22001],[-39.28294,-3.21882],[-39.28804,-3.21745],[-39.29058,-3.21711],[-39.29818,-3.21686],[-39.2997,-3.2164],[-39.30107,-3.21551],[-39.30224,-3.21672],[-39.30538,-3.21931],[-39.30599,-3.21956],[-39.30847,-3.21957],[-39.30992,-3.22118],[-39.31039,-3.22264],[-39.31042,-3.22333],[-39.30854,-3.23285],[-39.30858,-3.23346],[-39.30883,-3.23359],[-39.31626,-3.23176],[-39.32252,-3.22943],[-39.32734,-3.22832],[-39.32804,-3.22843],[-39.33032,-3.22944],[-39.33358,-3.22998],[-39.33451,-3.22992],[-39.34864,-3.22293],[-39.3529,-3.2182],[-39.35446,-3.2168],[-39.35574,-3.21644],[-39.35765,-3.21626],[-39.35943,-3.217],[-39.35992,-3.21693],[-39.36012,-3.21726],[-39.36109,-3.21752],[-39.36226,-3.21744],[-39.36226,-3.21699],[-39.3627,-3.21692],[-39.36363,-3.21688],[-39.36372,-3.21736],[-39.36773,-3.21728],[-39.36754,-3.21725],[-39.36766,-3.21704],[-39.36749,-3.21726],[-39.36804,-3.21744],[-39.36879,-3.21903],[-39.37214,-3.21879],[-39.37897,-3.22082],[-39.3834,-3.22449],[-39.38414,-3.22695],[-39.38621,-3.23786],[-39.3882,-3.24327],[-39.39154,-3.2538],[-39.39197,-3.25461],[-39.39281,-3.25516],[-39.40082,-3.25852],[-39.40912,-3.26688],[-39.43352,-3.27612],[-39.43387,-3.27662],[-39.43633,-3.28511],[-39.437,-3.28623],[-39.43758,-3.28776],[-39.43927,-3.29056],[-39.43983,-3.2922],[-39.44078,-3.29344],[-39.44137,-3.29465],[-39.44208,-3.29697],[-39.44197,-3.29901],[-39.44244,-3.29993],[-39.44313,-3.3003],[-39.47902,-3.29895],[-39.47993,-3.29862],[-39.48092,-3.29719],[-39.4815,-3.29691],[-39.48515,-3.29842],[-39.49038,-3.30219],[-39.49686,-3.3053],[-39.49902,-3.30419],[-39.50055,-3.30391],[-39.51185,-3.30446],[-39.51269,-3.30413],[-39.51302,-3.3042],[-39.51337,-3.3037],[-39.51328,-3.30384],[-39.51365,-3.3044],[-39.51397,-3.30453],[-39.53089,-3.30458],[-39.56633,-3.30103],[-39.57838,-3.29682],[-39.58049,-3.29633],[-39.63401,-3.29415],[-39.63646,-3.29362],[-39.64264,-3.29099],[-39.64357,-3.2902],[-39.64408,-3.28939],[-39.65045,-3.27416],[-39.66301,-3.25246],[-39.66453,-3.24914],[-39.66707,-3.24227],[-39.66778,-3.24076],[-39.67955,-3.22641],[-39.68806,-3.21639],[-39.69154,-3.21402],[-39.73306,-3.18758],[-39.74077,-3.18131],[-39.74546,-3.18018],[-39.74627,-3.17979],[-39.74782,-3.1797],[-39.78052,-3.17268],[-39.78208,-3.17189],[-39.78586,-3.16852],[-39.78602,-3.16858],[-39.78567,-3.16871],[-39.78236,-3.1717],[-39.78081,-3.1726],[-39.77911,-3.17305],[-39.77901,-3.17329],[-39.77902,-3.17298],[-39.78078,-3.17254],[-39.78236,-3.17163],[-39.7955,-3.15968],[-39.79653,-3.15839],[-39.79721,-3.15701],[-39.79755,-3.15582],[-39.81604,-3.04825],[-39.81953,-3.02826],[-39.82004,-3.02624],[-39.82927,-3.01073],[-39.8323,-3.00306],[-39.83348,-3.0015],[-39.83459,-3.00078],[-39.83907,-2.999],[-39.85039,-2.99095],[-39.85209,-2.99014],[-39.8533,-2.98995],[-39.87263,-2.98902],[-39.87409,-2.98868],[-39.87549,-2.98805],[-39.87782,-2.98598],[-39.88942,-2.97368],[-39.89001,-2.97272],[-39.8911,-2.97192],[-39.90633,-2.95577],[-39.90678,-2.95468],[-39.90931,-2.94296],[-39.91078,-2.93506],[-39.91067,-2.93437],[-39.91087,-2.93429],[-39.91105,-2.9337],[-39.91288,-2.92419],[-39.91335,-2.9245],[-39.91304,-2.92469],[-39.91325,-2.92442],[-39.91287,-2.92493],[-39.91313,-2.92463],[-39.91305,-2.92448],[-39.91328,-2.92463],[-39.913,-2.92475],[-39.91313,-2.92443],[-39.9129,-2.92408],[-39.91276,-2.92263],[-39.91299,-2.92233],[-39.91569,-2.92135],[-39.91525,-2.92028],[-39.91375,-2.92085],[-39.91254,-2.915],[-39.91333,-2.91363],[-39.91495,-2.90951],[-39.91571,-2.90634],[-39.91609,-2.90364],[-39.91642,-2.89964],[-39.91593,-2.89587],[-39.91459,-2.88963],[-39.91576,-2.88825],[-39.9141,-2.88456],[-39.91128,-2.88422],[-39.91092,-2.88404],[-39.91028,-2.88032]]},"properties":{"id":"15980135918","date":"2025-09-29","name":"Dia 13","chapter":1,"chapter_slug":"nordeste","country":"BR","transport":"bicycle","distance_km":115,"elev_gain_m":502,"moving_time_s":22064,"points":181}},{"type":"Feature","geometry":{"type":"LineString","coordinates":[[-39.91042,-2.88121],[-39.91101,-2.88405],[-39.91411,-2.88455],[-39.91575,-2.88826],[-39.91463,-2.88961],[-39.91591,-2.89593],[-39.91644,-2.90007],[-39.91595,-2.90455],[-39.91488,-2.90962],[-39.91327,-2.91374],[-39.91249,-2.91495],[-39.91369,-2.92061],[-39.91403,-2.92152],[-39.91376,-2.92155],[-39.91402,-2.92143],[-39.9138,-2.92156],[-39.91392,-2.92136],[-39.9141,-2.92201],[-39.91561,-2.92146],[-39.91601,-2.9212],[-39.91595,-2.92103],[-39.91602,-2.92119],[-39.91889,-2.92006],[-39.93278,-2.91752],[-39.9358,-2.91675],[-39.93896,-2.91704],[-39.94501,-2.91603],[-39.94618,-2.91599],[-39.94716,-2.91612],[-39.94936,-2.91682],[-39.95205,-2.91684],[-39.95385,-2.91709],[-39.96747,-2.91704],[-39.99212,-2.90578],[-39.9967,-2.90332],[-39.999,-2.90253],[-40.00907,-2.89767],[-40.01387,-2.89556],[-40.01971,-2.89629],[-40.022,-2.897],[-40.02895,-2.89836],[-40.03875,-2.90022],[-40.04022,-2.90028],[-40.04392,-2.89962],[-40.04759,-2.89865],[-40.06493,-2.8939],[-40.06764,-2.8929],[-40.07059,-2.89233],[-40.0864,-2.88783],[-40.08943,-2.88742],[-40.08998,-2.88712],[-40.09064,-2.88728],[-40.09842,-2.88637],[-40.0989,-2.88615],[-40.09872,-2.88685],[-40.09951,-2.89098],[-40.09982,-2.89203],[-40.10148,-2.89542],[-40.10372,-2.90676],[-40.10449,-2.90823],[-40.10573,-2.90925],[-40.10672,-2.90958],[-40.10771,-2.90966],[-40.11439,-2.90896],[-40.11535,-2.90866],[-40.11726,-2.90756],[-40.11844,-2.90737],[-40.12763,-2.90915],[-40.13004,-2.90867],[-40.13125,-2.90804],[-40.13177,-2.90801],[-40.13246,-2.90842],[-40.13403,-2.91017],[-40.13378,-2.91424],[-40.13407,-2.91494],[-40.13521,-2.91586],[-40.14275,-2.91912],[-40.16391,-2.92126],[-40.16577,-2.92126],[-40.16671,-2.92072],[-40.16931,-2.91798],[-40.16979,-2.91684],[-40.17058,-2.91334],[-40.17104,-2.91255],[-40.17174,-2.91204],[-40.17379,-2.91134],[-40.17456,-2.91136],[-40.17628,-2.91096],[-40.18462,-2.90789],[-40.19236,-2.90564],[-40.21486,-2.89291],[-40.21595,-2.89254],[-40.21812,-2.89265],[-40.21849,-2.8924],[-40.21814,-2.88659],[-40.22677,-2.83208],[-40.22665,-2.83148],[-40.22535,-2.82994],[-40.22398,-2.82456],[-40.224,-2.82271],[-40.22428,-2.82227],[-40.22485,-2.8222],[-40.22468,-2.82192],[-40.22481,-2.82219],[-40.22588,-2.8222],[-40.2261,-2.82113],[-40.22745,-2.82101],[-40.22817,-2.81581],[-40.22805,-2.81492],[-40.22686,-2.81484],[-40.22724,-2.81482]]},"properties":{"id":"15991106100","date":"2025-09-30","name":"Dia 14","chapter":1,"chapter_slug":"nordeste","country":"BR","transport":"bicycle","distance_km":53.6,"elev_gain_m":137,"moving_time_s":10193,"points":111}},{"type":"Feature","geometry":{"type":"LineString","coordinates":[[-40.22902,-2.8155],[-40.22915,-2.8158],[-40.22939,-2.81585],[-40.23002,-2.81512],[-40.23133,-2.815],[-40.23296,-2.81523],[-40.23447,-2.81509],[-40.23501,-2.81539],[-40.23657,-2.81523],[-40.24607,-2.81399],[-40.24939,-2.81336],[-40.25033,-2.81332],[-40.25084,-2.81364],[-40.25171,-2.81345],[-40.25525,-2.81172],[-40.2566,-2.81165],[-40.25738,-2.81196],[-40.25887,-2.81208],[-40.26121,-2.81129],[-40.26353,-2.81176],[-40.26572,-2.8113],[-40.26751,-2.81054],[-40.26857,-2.81079],[-40.26898,-2.81115],[-40.26981,-2.8112],[-40.2719,-2.81071],[-40.27261,-2.81078],[-40.27388,-2.81054],[-40.27612,-2.81004],[-40.27719,-2.80959],[-40.278,-2.80976],[-40.28126,-2.80971],[-40.28245,-2.80948],[-40.28402,-2.80947],[-40.28663,-2.80882],[-40.28887,-2.80891],[-40.29212,-2.80854],[-40.29316,-2.80873],[-40.2959,-2.80826],[-40.29651,-2.80846],[-40.29951,-2.80802],[-40.30523,-2.80759],[-40.30798,-2.80756],[-40.31107,-2.80717],[-40.3131,-2.80777],[-40.31482,-2.80782],[-40.318,-2.80726],[-40.32181,-2.80713],[-40.32256,-2.80692],[-40.32348,-2.80704],[-40.3261,-2.80674],[-40.3383,-2.80613],[-40.34095,-2.80662],[-40.3458,-2.80702],[-40.34844,-2.80745],[-40.35212,-2.80834],[-40.35354,-2.80842],[-40.35772,-2.8092],[-40.35856,-2.80963],[-40.36605,-2.81061],[-40.36894,-2.81078],[-40.37131,-2.81122],[-40.37571,-2.81281],[-40.37961,-2.81309],[-40.38105,-2.81341],[-40.38252,-2.81342],[-40.38302,-2.81365],[-40.38617,-2.81358],[-40.3883,-2.81378],[-40.39547,-2.81386],[-40.4026,-2.81363],[-40.40675,-2.81328],[-40.40771,-2.81338],[-40.41357,-2.81284],[-40.41371,-2.81289],[-40.41371,-2.81361],[-40.41452,-2.81357],[-40.41459,-2.81301],[-40.41449,-2.81357],[-40.41156,-2.81366],[-40.41158,-2.81383],[-40.41168,-2.81364],[-40.41265,-2.81356],[-40.41449,-2.81355],[-40.41458,-2.81371],[-40.41456,-2.81538],[-40.41427,-2.81724],[-40.41493,-2.81724],[-40.41443,-2.8173],[-40.4143,-2.81952],[-40.41552,-2.81967],[-40.41552,-2.82075],[-40.41543,-2.82088],[-40.41516,-2.82069],[-40.41362,-2.82066],[-40.41297,-2.82093],[-40.41239,-2.82151],[-40.41219,-2.82206],[-40.4133,-2.8221],[-40.41311,-2.82233],[-40.4132,-2.8225],[-40.41308,-2.8224],[-40.4137,-2.82188],[-40.41405,-2.82074],[-40.4152,-2.82071],[-40.41418,-2.82061],[-40.41439,-2.81742],[-40.41437,-2.81635],[-40.41422,-2.81604],[-40.41411,-2.81615],[-40.41434,-2.81616],[-40.41419,-2.81603],[-40.41411,-2.81633],[-40.41419,-2.81602],[-40.41445,-2.81625],[-40.41445,-2.81724],[-40.41432,-2.81908],[-40.41439,-2.81636],[-40.41414,-2.81603],[-40.41426,-2.8161]]},"properties":{"id":"15997744022","date":"2025-10-01","name":"Dia 15 (parte 1?)","chapter":1,"chapter_slug":"nordeste","country":"BR","transport":"bicycle","distance_km":26.1,"elev_gain_m":216,"moving_time_s":8874,"points":120}},{"type":"Feature","geometry":{"type":"LineString","coordinates":[[-40.4144,-2.81623],[-40.4143,-2.81977],[-40.4136,-2.82286],[-40.41361,-2.82213],[-40.41041,-2.82208],[-40.41018,-2.82238],[-40.40991,-2.82351],[-40.4089,-2.82522],[-40.40865,-2.82627],[-40.40888,-2.82701],[-40.41047,-2.82894],[-40.41074,-2.82984],[-40.41101,-2.82987],[-40.41078,-2.83008],[-40.41098,-2.83115],[-40.41082,-2.83276],[-40.41131,-2.83423],[-40.41181,-2.83752],[-40.41159,-2.83966],[-40.41173,-2.8395],[-40.41157,-2.83958],[-40.4108,-2.84425],[-40.41025,-2.85002],[-40.41048,-2.85371],[-40.41099,-2.8541],[-40.41054,-2.85425],[-40.41036,-2.85734],[-40.40822,-2.85724],[-40.40868,-2.85591],[-40.4083,-2.85578],[-40.40822,-2.85596],[-40.40809,-2.8558]]},"properties":{"id":"16002224045","date":"2025-10-01","name":"Dia 15 (parte 2)","chapter":1,"chapter_slug":"nordeste","country":"BR","transport":"bicycle","distance_km":6,"elev_gain_m":19,"moving_time_s":2021,"points":32}},{"type":"Feature","geometry":{"type":"LineString","coordinates":[[-40.40843,-2.8558],[-40.4087,-2.85592],[-40.40822,-2.85712],[-40.40853,-2.85741],[-40.40845,-2.8585],[-40.40724,-2.85851],[-40.40687,-2.85873],[-40.40641,-2.86011],[-40.40619,-2.86181],[-40.3998,-2.87136],[-40.39739,-2.87345],[-40.39654,-2.87733],[-40.39632,-2.87767],[-40.3953,-2.87823],[-40.39503,-2.87951],[-40.39505,-2.87875],[-40.39377,-2.87873],[-40.39178,-2.87895],[-40.39154,-2.87951],[-40.39128,-2.87967],[-40.39157,-2.87925],[-40.39203,-2.87906],[-40.39158,-2.87908],[-40.39179,-2.87892],[-40.39509,-2.87867],[-40.39546,-2.87794],[-40.39637,-2.87752],[-40.39736,-2.8733],[-40.39974,-2.87131],[-40.40603,-2.86195],[-40.40629,-2.86126],[-40.40635,-2.86002],[-40.40683,-2.8587],[-40.40721,-2.85846],[-40.40847,-2.85847],[-40.40849,-2.85726],[-40.40687,-2.85717],[-40.40701,-2.85442],[-40.40653,-2.85396],[-40.40697,-2.85349],[-40.40708,-2.85246],[-40.40892,-2.85262],[-40.40922,-2.85334],[-40.41043,-2.85354],[-40.41054,-2.85423],[-40.41062,-2.85381],[-40.41404,-2.85414],[-40.41743,-2.85383],[-40.41793,-2.85402],[-40.41966,-2.85395],[-40.41994,-2.85441],[-40.42027,-2.85446],[-40.42455,-2.85372],[-40.42451,-2.85358],[-40.42549,-2.85377],[-40.42531,-2.85363],[-40.42021,-2.8544],[-40.41946,-2.8539],[-40.41815,-2.85398],[-40.41726,-2.85379],[-40.41415,-2.85408],[-40.41067,-2.85374],[-40.4103,-2.85725],[-40.40821,-2.85716],[-40.40867,-2.8559],[-40.40828,-2.8557],[-40.40809,-2.85577],[-40.4082,-2.85595],[-40.40804,-2.85567],[-40.4082,-2.85596],[-40.40812,-2.85575]]},"properties":{"id":"16016147536","date":"2025-10-02","name":"Dia 16","chapter":1,"chapter_slug":"nordeste","country":"BR","transport":"bicycle","distance_km":13,"elev_gain_m":41,"moving_time_s":10734,"points":71}},{"type":"Feature","geometry":{"type":"LineString","coordinates":[[-40.40856,-2.85582],[-40.40868,-2.85593],[-40.40824,-2.85718],[-40.41034,-2.85726],[-40.41053,-2.85454],[-40.4102,-2.85103],[-40.41027,-2.84959],[-40.41082,-2.84384],[-40.41178,-2.83755],[-40.41127,-2.83418],[-40.41077,-2.8327],[-40.41094,-2.83103],[-40.4106,-2.82925],[-40.40876,-2.82688],[-40.4086,-2.82616],[-40.40928,-2.8243],[-40.40994,-2.82339],[-40.41005,-2.82254],[-40.41033,-2.82208],[-40.41086,-2.82188],[-40.41317,-2.82214],[-40.41371,-2.82186],[-40.41426,-2.81964],[-40.41462,-2.81281],[-40.42069,-2.81194],[-40.42516,-2.81055],[-40.42718,-2.81061],[-40.42778,-2.81114],[-40.42867,-2.81111],[-40.43157,-2.81079],[-40.43332,-2.81016],[-40.43575,-2.80988],[-40.43706,-2.8096],[-40.43773,-2.80925],[-40.43809,-2.80919],[-40.43877,-2.80946],[-40.43921,-2.80915],[-40.44529,-2.80717],[-40.44951,-2.80514],[-40.44804,-2.80596],[-40.44818,-2.8061],[-40.44868,-2.80591],[-40.44887,-2.80601],[-40.45409,-2.80353],[-40.45538,-2.80315],[-40.45703,-2.80225],[-40.45764,-2.80223],[-40.45845,-2.80191],[-40.4602,-2.80084],[-40.46164,-2.80065],[-40.46346,-2.7996],[-40.4656,-2.79925],[-40.46748,-2.79839],[-40.46751,-2.79867],[-40.46614,-2.79925],[-40.46565,-2.79976],[-40.46382,-2.80045],[-40.46214,-2.8017],[-40.46229,-2.80178],[-40.46236,-2.8015],[-40.46297,-2.80091],[-40.46599,-2.79937],[-40.46619,-2.79894],[-40.46671,-2.79866],[-40.47088,-2.79696],[-40.47119,-2.79691],[-40.47139,-2.79718],[-40.47509,-2.7957],[-40.47675,-2.79467],[-40.47947,-2.79336],[-40.47985,-2.79335],[-40.48011,-2.79379],[-40.48001,-2.79351],[-40.48038,-2.79309],[-40.48927,-2.78851],[-40.4906,-2.7888],[-40.49251,-2.7883],[-40.49538,-2.78836],[-40.49809,-2.78819],[-40.49862,-2.78762],[-40.49931,-2.78797],[-40.49955,-2.78831],[-40.50102,-2.78889],[-40.5016,-2.78939],[-40.50776,-2.79078],[-40.51001,-2.79105],[-40.5111,-2.79141],[-40.51354,-2.79148],[-40.51431,-2.79208],[-40.5157,-2.79173],[-40.5172,-2.79236],[-40.51805,-2.79239],[-40.51928,-2.79317],[-40.51903,-2.79385],[-40.51855,-2.79392],[-40.51858,-2.79431],[-40.5181,-2.79441]]},"properties":{"id":"16031248948","date":"2025-10-04","name":"Dia 18","chapter":1,"chapter_slug":"nordeste","country":"BR","transport":"bicycle","distance_km":20.9,"elev_gain_m":237,"moving_time_s":9098,"points":97}},{"type":"Feature","geometry":{"type":"LineString","coordinates":[[-40.51598,-2.79325],[-40.5175,-2.79372],[-40.5175,-2.7944],[-40.51793,-2.79452],[-40.51763,-2.79563],[-40.51862,-2.79608],[-40.51891,-2.79645],[-40.51835,-2.79849],[-40.51895,-2.80038],[-40.51993,-2.80215],[-40.52509,-2.80761],[-40.52983,-2.81337],[-40.53404,-2.81749],[-40.53451,-2.81822],[-40.53459,-2.81927],[-40.53584,-2.81951],[-40.53823,-2.82092],[-40.54594,-2.82386],[-40.54812,-2.8252],[-40.54976,-2.82592],[-40.55686,-2.82766],[-40.56272,-2.82943],[-40.56549,-2.8317],[-40.56947,-2.83405],[-40.56979,-2.83399],[-40.57011,-2.83453],[-40.57884,-2.83852],[-40.58255,-2.8397],[-40.58496,-2.84019],[-40.58555,-2.84038],[-40.58579,-2.84068],[-40.58819,-2.84133],[-40.59106,-2.84179],[-40.59271,-2.84226],[-40.59327,-2.84296],[-40.59317,-2.84415],[-40.59304,-2.84446],[-40.59203,-2.84532],[-40.59139,-2.84689],[-40.5921,-2.8475],[-40.59408,-2.84817],[-40.59421,-2.84842],[-40.59651,-2.84856],[-40.5985,-2.84908],[-40.59894,-2.84889],[-40.60018,-2.84896],[-40.60164,-2.84876],[-40.60293,-2.84906],[-40.60393,-2.849],[-40.60428,-2.84884],[-40.60442,-2.84851],[-40.60525,-2.84809],[-40.60795,-2.84748],[-40.6093,-2.84657],[-40.60996,-2.84641],[-40.61053,-2.84572],[-40.61248,-2.84561],[-40.61504,-2.84605],[-40.61618,-2.84652],[-40.61709,-2.84668],[-40.62079,-2.84676],[-40.6223,-2.84727],[-40.62721,-2.84733],[-40.62928,-2.84793],[-40.63661,-2.84877],[-40.63905,-2.84948],[-40.64136,-2.84979],[-40.64154,-2.85013],[-40.64199,-2.85033],[-40.64992,-2.84993],[-40.6508,-2.85019],[-40.65447,-2.84967],[-40.6581,-2.84881],[-40.6676,-2.846],[-40.67028,-2.84561],[-40.67209,-2.84558],[-40.68281,-2.84673],[-40.68476,-2.84708],[-40.68557,-2.84742],[-40.68854,-2.84775],[-40.6888,-2.848],[-40.68954,-2.84819],[-40.68995,-2.84859],[-40.69173,-2.84908],[-40.69376,-2.84924],[-40.69476,-2.84968],[-40.69748,-2.84819],[-40.69767,-2.8486],[-40.6992,-2.84886],[-40.69988,-2.84944],[-40.70033,-2.84957],[-40.70498,-2.85018],[-40.70608,-2.85058],[-40.70748,-2.85057],[-40.70815,-2.8508],[-40.70941,-2.85072],[-40.7099,-2.85051],[-40.71068,-2.8508],[-40.7171,-2.85016],[-40.71786,-2.85047],[-40.72077,-2.8506],[-40.72319,-2.85108],[-40.72885,-2.85152],[-40.73214,-2.85156],[-40.74087,-2.85068],[-40.74356,-2.84977],[-40.7447,-2.84958],[-40.74493,-2.84934],[-40.74522,-2.84962],[-40.74861,-2.84972],[-40.75315,-2.84935],[-40.75342,-2.84949],[-40.75365,-2.84931],[-40.75386,-2.84954],[-40.75578,-2.8498],[-40.75609,-2.85015],[-40.756,-2.85074],[-40.75735,-2.85118],[-40.76053,-2.85109],[-40.76407,-2.85167],[-40.76761,-2.85196],[-40.7727,-2.85349],[-40.77687,-2.85536],[-40.78162,-2.85869],[-40.78353,-2.86046],[-40.78429,-2.86141],[-40.78871,-2.86508],[-40.79228,-2.86758],[-40.79595,-2.86952],[-40.7965,-2.87039],[-40.7974,-2.87123],[-40.79765,-2.87181],[-40.79998,-2.87265],[-40.80444,-2.87491],[-40.80605,-2.87548],[-40.81316,-2.87717],[-40.81477,-2.87786],[-40.81846,-2.87828],[-40.82506,-2.8785],[-40.82775,-2.87836],[-40.82803,-2.87887],[-40.83315,-2.87934],[-40.83665,-2.88017],[-40.83879,-2.88043],[-40.83905,-2.88072],[-40.84081,-2.88114],[-40.84157,-2.88164],[-40.84246,-2.88282],[-40.84276,-2.88402],[-40.84246,-2.88483],[-40.84121,-2.88584],[-40.84135,-2.88638],[-40.8417,-2.88633],[-40.84335,-2.88764],[-40.84539,-2.88831],[-40.84557,-2.88808],[-40.84588,-2.88632],[-40.84615,-2.88629],[-40.84622,-2.88646],[-40.84476,-2.89066],[-40.84485,-2.89092],[-40.84487,-2.89066],[-40.84484,-2.89087],[-40.84499,-2.89077],[-40.84394,-2.8926],[-40.84172,-2.89574],[-40.84167,-2.89591],[-40.84215,-2.89608],[-40.84191,-2.89672],[-40.84212,-2.8968],[-40.84224,-2.89738],[-40.84231,-2.89718],[-40.85154,-2.90068],[-40.85059,-2.9035],[-40.8502,-2.90347],[-40.85012,-2.9037],[-40.84924,-2.9036],[-40.84683,-2.91013],[-40.84662,-2.912],[-40.8488,-2.91254],[-40.84929,-2.91303],[-40.84913,-2.91295],[-40.84929,-2.91315],[-40.84925,-2.91297],[-40.84912,-2.91307],[-40.84919,-2.9133],[-40.85203,-2.92027],[-40.85492,-2.92613],[-40.85533,-2.9265],[-40.85524,-2.92708],[-40.85576,-2.92796],[-40.85723,-2.92945],[-40.86074,-2.93236],[-40.89537,-2.9591],[-40.89773,-2.96067],[-40.89983,-2.96124],[-40.91133,-2.96261],[-40.95492,-2.97782],[-40.95611,-2.97792],[-40.95738,-2.97772],[-40.96288,-2.97492],[-40.96429,-2.97482],[-40.98041,-2.98197],[-41.00574,-2.98562],[-41.02539,-2.98885],[-41.02668,-2.98951],[-41.07918,-3.02283],[-41.08669,-3.02603],[-41.10188,-3.03046],[-41.1037,-3.03057],[-41.12389,-3.02689],[-41.12574,-3.02583],[-41.13077,-3.02231],[-41.13162,-3.02181],[-41.13177,-3.02216],[-41.13155,-3.02207],[-41.13172,-3.02172],[-41.13348,-3.02051],[-41.1351,-3.01957],[-41.13502,-3.01969],[-41.13553,-3.01962],[-41.13556,-3.0188],[-41.13579,-3.01888]]},"properties":{"id":"16045951831","date":"2025-10-05","name":"Dia 19","chapter":1,"chapter_slug":"nordeste","country":"BR","transport":"bicycle","distance_km":84.4,"elev_gain_m":275,"moving_time_s":20000,"points":223}},{"type":"Feature","geometry":{"type":"LineString","coordinates":[[-41.1375,-3.01966],[-41.13823,-3.01958],[-41.14033,-3.02066],[-41.14643,-3.02248],[-41.14772,-3.02259],[-41.14869,-3.02314],[-41.16038,-3.02661],[-41.16158,-3.02711],[-41.18291,-3.04344],[-41.18453,-3.04438],[-41.19467,-3.04387],[-41.19623,-3.04339],[-41.19955,-3.04156],[-41.2015,-3.04156],[-41.21928,-3.04301],[-41.23197,-3.04794],[-41.23269,-3.04807],[-41.2336,-3.0476],[-41.23811,-3.043],[-41.24068,-3.0395],[-41.24265,-3.04049],[-41.24352,-3.04063],[-41.2448,-3.04518],[-41.24468,-3.04501],[-41.24706,-3.0518],[-41.24707,-3.05242],[-41.24654,-3.05403],[-41.24652,-3.05472],[-41.24729,-3.05622],[-41.24735,-3.05751],[-41.24778,-3.0588],[-41.24908,-3.06153],[-41.24925,-3.06275],[-41.24907,-3.06522],[-41.25041,-3.06929],[-41.25203,-3.07664],[-41.25256,-3.07785],[-41.2536,-3.07848],[-41.25555,-3.07848],[-41.25647,-3.07822],[-41.25767,-3.07737],[-41.26012,-3.07487],[-41.2625,-3.07378],[-41.26598,-3.07302],[-41.27663,-3.06819],[-41.29303,-3.06592],[-41.29543,-3.06529],[-41.3034,-3.05988],[-41.30833,-3.05846],[-41.31057,-3.05834],[-41.31126,-3.05806],[-41.31439,-3.05496],[-41.31475,-3.05416],[-41.31506,-3.05427],[-41.31961,-3.04979],[-41.32057,-3.04941],[-41.37912,-3.05738],[-41.42273,-3.07414],[-41.42376,-3.07439],[-41.42402,-3.07333],[-41.42382,-3.07249],[-41.39566,-3.02231],[-41.39573,-3.02188],[-41.39861,-3.0183],[-41.40146,-3.01561],[-41.40245,-3.01356],[-41.40219,-3.01118],[-41.40218,-3.00819],[-41.40274,-2.99429],[-41.40323,-2.99193],[-41.40564,-2.9876],[-41.40845,-2.985],[-41.40975,-2.98269],[-41.41213,-2.98154],[-41.41297,-2.98058],[-41.41315,-2.97995],[-41.41096,-2.97447],[-41.41008,-2.97035],[-41.40958,-2.96892],[-41.40957,-2.94387],[-41.40635,-2.92511],[-41.40614,-2.92275],[-41.40649,-2.92102],[-41.40638,-2.91935],[-41.40561,-2.91863],[-41.4052,-2.91711],[-41.40271,-2.9173],[-41.40244,-2.91617],[-41.40069,-2.91621],[-41.40063,-2.91548],[-41.40069,-2.91622],[-41.40062,-2.91515],[-41.40002,-2.91511],[-41.40186,-2.91491],[-41.4018,-2.91431],[-41.40226,-2.91263],[-41.40298,-2.91275],[-41.40392,-2.91262],[-41.4041,-2.91081],[-41.40394,-2.91126],[-41.40397,-2.91257],[-41.40329,-2.91277],[-41.40227,-2.91262],[-41.40202,-2.91345],[-41.40173,-2.91341],[-41.40205,-2.91342],[-41.40222,-2.91265],[-41.40115,-2.9126],[-41.40116,-2.91177],[-41.39954,-2.91205],[-41.39956,-2.91506],[-41.40052,-2.91518],[-41.40026,-2.91564],[-41.40049,-2.91512],[-41.39959,-2.91509],[-41.39944,-2.91572],[-41.39885,-2.91563],[-41.39875,-2.91663],[-41.39895,-2.91674],[-41.39901,-2.91715],[-41.39935,-2.91728],[-41.39904,-2.91713],[-41.39899,-2.91735],[-41.39881,-2.91723],[-41.39875,-2.91742],[-41.39877,-2.91724]]},"properties":{"id":"16053198073","date":"2025-10-06","name":"Dia 20","chapter":1,"chapter_slug":"nordeste","country":"BR","transport":"bicycle","distance_km":61.8,"elev_gain_m":314,"moving_time_s":13511,"points":126}},{"type":"Feature","geometry":{"type":"LineString","coordinates":[[-41.39903,-2.91745],[-41.40096,-2.91742],[-41.40122,-2.91781],[-41.40259,-2.91765],[-41.4027,-2.91732],[-41.40514,-2.9171],[-41.40541,-2.91593],[-41.40634,-2.91473],[-41.40709,-2.91307],[-41.40802,-2.91194],[-41.40873,-2.91174],[-41.40914,-2.91125],[-41.41057,-2.91147],[-41.41086,-2.91066],[-41.41166,-2.90975],[-41.41247,-2.90953],[-41.41171,-2.90964],[-41.41087,-2.91072],[-41.41058,-2.91146],[-41.40919,-2.91123],[-41.40895,-2.9116],[-41.40805,-2.91193],[-41.40745,-2.91255],[-41.40639,-2.91469],[-41.40543,-2.91587],[-41.40528,-2.91729],[-41.40509,-2.91711],[-41.40266,-2.9173],[-41.40258,-2.91765],[-41.40113,-2.91783],[-41.40097,-2.91742],[-41.39903,-2.91754],[-41.3988,-2.91723]]},"properties":{"id":"16076942925","date":"2025-10-08","name":"Dia 22","chapter":1,"chapter_slug":"nordeste","country":"BR","transport":"bicycle","distance_km":4.2,"elev_gain_m":20,"moving_time_s":1152,"points":33}},{"type":"Feature","geometry":{"type":"LineString","coordinates":[[-41.399,-2.91706],[-41.399,-2.91676],[-41.39872,-2.9166],[-41.39881,-2.91573],[-41.39862,-2.91463],[-41.39883,-2.91217],[-41.4055,-2.91088],[-41.40757,-2.91115],[-41.40857,-2.91176],[-41.40918,-2.9112],[-41.40983,-2.91135],[-41.41001,-2.91084],[-41.41193,-2.91126],[-41.41249,-2.91057],[-41.41392,-2.91088],[-41.41418,-2.91063],[-41.41415,-2.91008],[-41.41434,-2.90982],[-41.41861,-2.91029],[-41.4235,-2.91043],[-41.42592,-2.91029],[-41.43111,-2.90864],[-41.43449,-2.90716],[-41.45914,-2.90659],[-41.46025,-2.90226],[-41.45847,-2.90198],[-41.45883,-2.90212],[-41.45889,-2.90263],[-41.45881,-2.90213],[-41.4585,-2.90197],[-41.45884,-2.90163],[-41.45904,-2.902],[-41.45881,-2.90216],[-41.45883,-2.90252],[-41.45899,-2.90258],[-41.45888,-2.90268],[-41.45885,-2.90213],[-41.46027,-2.90232],[-41.45879,-2.90835],[-41.45966,-2.90859],[-41.46536,-2.91134],[-41.46686,-2.91225],[-41.4669,-2.9126],[-41.46705,-2.91233],[-41.46946,-2.91376],[-41.47436,-2.91712],[-41.47512,-2.91725],[-41.47863,-2.91684],[-41.48528,-2.91808],[-41.4895,-2.91761],[-41.49164,-2.91793],[-41.50067,-2.92201],[-41.5051,-2.92447],[-41.51239,-2.92807],[-41.51426,-2.92942],[-41.52076,-2.92857],[-41.52221,-2.92869],[-41.53865,-2.93576],[-41.53997,-2.936],[-41.57127,-2.91807],[-41.5821,-2.91329],[-41.60988,-2.90154],[-41.61534,-2.89851],[-41.62812,-2.89337],[-41.63014,-2.89192],[-41.62777,-2.89084],[-41.62723,-2.89084],[-41.62721,-2.89053],[-41.62768,-2.89025],[-41.62743,-2.88956],[-41.62773,-2.89034],[-41.62719,-2.89081],[-41.62773,-2.89084],[-41.63024,-2.89187],[-41.63392,-2.89055],[-41.63575,-2.89034],[-41.63686,-2.88999],[-41.64075,-2.88849],[-41.64227,-2.88763],[-41.64861,-2.88489],[-41.66146,-2.88047],[-41.66603,-2.88165],[-41.66571,-2.88243],[-41.66601,-2.88258],[-41.6657,-2.88255],[-41.66533,-2.88446],[-41.66565,-2.8868],[-41.66817,-2.89148],[-41.66971,-2.89372],[-41.67146,-2.89507],[-41.68228,-2.90185],[-41.68449,-2.90218],[-41.68662,-2.90178],[-41.68766,-2.90124],[-41.69457,-2.89625],[-41.69616,-2.89559],[-41.6979,-2.89544],[-41.72787,-2.8999],[-41.72916,-2.89986],[-41.72997,-2.9002],[-41.75335,-2.90357],[-41.75352,-2.90471],[-41.75373,-2.90491],[-41.75353,-2.90492],[-41.75355,-2.90583],[-41.75406,-2.91503],[-41.75607,-2.91504],[-41.75618,-2.91543],[-41.75644,-2.91545]]},"properties":{"id":"16110732189","date":"2025-10-11","name":"Dia 25","chapter":1,"chapter_slug":"nordeste","country":"BR","transport":"bicycle","distance_km":46.8,"elev_gain_m":130,"moving_time_s":11673,"points":109}},{"type":"Feature","geometry":{"type":"LineString","coordinates":[[-41.75614,-2.91578],[-41.75543,-2.91579],[-41.75532,-2.91518],[-41.75409,-2.91528],[-41.75447,-2.92266],[-41.75366,-2.92554],[-41.75351,-2.927],[-41.75903,-2.96037],[-41.75954,-2.96157],[-41.75937,-2.96244],[-41.7653,-2.99684],[-41.77189,-3.03316],[-41.78026,-3.07747],[-41.78037,-3.08184],[-41.78019,-3.09982],[-41.78078,-3.1004],[-41.80053,-3.10038],[-41.80818,-3.10177],[-41.81851,-3.10174],[-41.8201,-3.10228],[-41.82202,-3.10374],[-41.82287,-3.1039],[-41.83076,-3.10362],[-41.84341,-3.10059],[-41.84785,-3.10068],[-41.85008,-3.10128],[-41.85627,-3.10431],[-41.87042,-3.10706],[-41.87176,-3.10718],[-41.87945,-3.10377],[-41.88657,-3.10311],[-41.89296,-3.09835],[-41.90216,-3.09336],[-41.90603,-3.09201],[-41.90664,-3.09104],[-41.90758,-3.0906],[-41.91164,-3.08729],[-41.9115,-3.0868],[-41.91201,-3.08695],[-41.91262,-3.08662],[-41.91278,-3.08632],[-41.91685,-3.08321],[-41.95997,-3.06937],[-41.99776,-3.06466],[-42.0062,-3.05858],[-42.01264,-3.05532],[-42.01283,-3.05458],[-42.01321,-3.05475],[-42.01325,-3.05505],[-42.01355,-3.0551],[-42.01363,-3.05487],[-42.01509,-3.05414],[-42.06014,-3.03218],[-42.06071,-3.03179],[-42.06115,-3.03117],[-42.06164,-3.02809],[-42.06209,-3.02682],[-42.06298,-3.02527],[-42.06383,-3.0249],[-42.06455,-3.02498],[-42.06528,-3.02538],[-42.07384,-3.03468],[-42.07608,-3.03688],[-42.11413,-3.05969],[-42.13676,-3.06575],[-42.16571,-3.07309],[-42.18406,-3.07307],[-42.18603,-3.07346],[-42.20086,-3.07892],[-42.20499,-3.08092],[-42.2057,-3.08071],[-42.20558,-3.08105],[-42.20579,-3.08132],[-42.22207,-3.08945],[-42.22389,-3.09104],[-42.23127,-3.10104],[-42.23154,-3.10098],[-42.23161,-3.1007],[-42.23367,-3.07957],[-42.23425,-3.07816],[-42.23601,-3.07589],[-42.23638,-3.0749],[-42.23622,-3.07452],[-42.23635,-3.07449],[-42.23638,-3.07476],[-42.23672,-3.07393],[-42.23765,-3.06976],[-42.23915,-3.06078],[-42.23929,-3.06045],[-42.23985,-3.06029],[-42.23989,-3.0605],[-42.23983,-3.06027],[-42.23973,-3.06052],[-42.23963,-3.06035],[-42.23983,-3.06023],[-42.23963,-3.06033],[-42.23985,-3.06027],[-42.24,-3.06049],[-42.23972,-3.0603],[-42.23991,-3.06017],[-42.23991,-3.0604],[-42.23992,-3.06027],[-42.23974,-3.06031],[-42.23992,-3.06032]]},"properties":{"id":"16132137288","date":"2025-10-13","name":"Dia 27","chapter":1,"chapter_slug":"nordeste","country":"BR","transport":"bicycle","distance_km":82.5,"elev_gain_m":633,"moving_time_s":15930,"points":104}},{"type":"Feature","geometry":{"type":"LineString","coordinates":[[-42.23938,-3.06002],[-42.23974,-3.05707],[-42.24552,-3.02357],[-42.24911,-3.003],[-42.24945,-3.00193],[-42.25048,-3.00062],[-42.25466,-2.99805],[-42.25585,-2.99675],[-42.30434,-2.90853],[-42.30506,-2.90685],[-42.30566,-2.90431],[-42.30603,-2.90395],[-42.30846,-2.90297],[-42.31263,-2.90189],[-42.3131,-2.90171],[-42.31326,-2.90143],[-42.31288,-2.89559],[-42.31264,-2.89475],[-42.30416,-2.87894],[-42.30383,-2.87748],[-42.30748,-2.83663],[-42.30848,-2.83322],[-42.30861,-2.83207],[-42.30857,-2.83223],[-42.30809,-2.8061],[-42.30911,-2.78977],[-42.3091,-2.78913],[-42.30877,-2.78883],[-42.30896,-2.78906],[-42.30887,-2.7889],[-42.30899,-2.78896],[-42.30918,-2.78834],[-42.30967,-2.78185],[-42.3118,-2.78141],[-42.31577,-2.78011],[-42.3205,-2.78155],[-42.3266,-2.78235],[-42.33032,-2.78369],[-42.33436,-2.78444],[-42.33587,-2.78528],[-42.33659,-2.78617],[-42.33752,-2.78671],[-42.34967,-2.79109],[-42.35378,-2.79215],[-42.35708,-2.79359],[-42.3605,-2.79418],[-42.36395,-2.79416],[-42.37139,-2.79699],[-42.37264,-2.79718],[-42.37317,-2.79667],[-42.3735,-2.79668],[-42.37991,-2.7983],[-42.40988,-2.78925],[-42.41973,-2.78581],[-42.42239,-2.7846],[-42.42329,-2.78482],[-42.42451,-2.78467],[-42.42484,-2.78398],[-42.42497,-2.78179],[-42.43458,-2.77545],[-42.46758,-2.76729],[-42.46819,-2.76726],[-42.46937,-2.76771],[-42.4698,-2.76769],[-42.4706,-2.76686],[-42.47146,-2.76535],[-42.48059,-2.76356],[-42.48685,-2.76039],[-42.48723,-2.76023],[-42.48737,-2.76046],[-42.48767,-2.75996],[-42.4902,-2.75848],[-42.4909,-2.75672],[-42.49309,-2.75462],[-42.5034,-2.75285],[-42.50487,-2.75227],[-42.50526,-2.75189],[-42.5057,-2.75053],[-42.50845,-2.74658],[-42.50967,-2.74521],[-42.51472,-2.7409],[-42.52261,-2.73525],[-42.52454,-2.73322],[-42.5378,-2.72184],[-42.53959,-2.72259],[-42.53936,-2.72243],[-42.53941,-2.72256],[-42.53933,-2.72239],[-42.54163,-2.72312],[-42.54332,-2.71972],[-42.54394,-2.71934],[-42.54466,-2.71936],[-42.54452,-2.71953],[-42.54465,-2.71937],[-42.54449,-2.71951],[-42.5446,-2.71941],[-42.54442,-2.71903],[-42.54568,-2.71827],[-42.5476,-2.71771],[-42.54948,-2.71791],[-42.55199,-2.71855],[-42.55189,-2.71831],[-42.5524,-2.71699],[-42.55527,-2.71653],[-42.55676,-2.71701],[-42.55831,-2.7122],[-42.55827,-2.71136],[-42.55757,-2.70944],[-42.55715,-2.70886],[-42.55837,-2.70558],[-42.56521,-2.699],[-42.56858,-2.69511],[-42.57175,-2.69054],[-42.57613,-2.68487],[-42.57717,-2.6842],[-42.58282,-2.68203],[-42.58534,-2.6799],[-42.60278,-2.66833],[-42.6049,-2.66271],[-42.60568,-2.66198],[-42.60489,-2.6611],[-42.60408,-2.6597],[-42.60406,-2.65988],[-42.6037,-2.65951],[-42.60296,-2.65951],[-42.60539,-2.6578],[-42.60803,-2.65555],[-42.60999,-2.65471],[-42.61444,-2.65193],[-42.62069,-2.64655],[-42.62166,-2.64642],[-42.62296,-2.64547],[-42.62732,-2.64141],[-42.62957,-2.63903],[-42.63333,-2.63572],[-42.6354,-2.63352],[-42.63617,-2.63309],[-42.63939,-2.63024],[-42.63985,-2.62915],[-42.64047,-2.62871],[-42.64063,-2.62833],[-42.64208,-2.6269],[-42.64393,-2.62528],[-42.64514,-2.6248],[-42.6524,-2.61824],[-42.65617,-2.61512],[-42.65833,-2.61306],[-42.65856,-2.61259],[-42.66056,-2.61054],[-42.66272,-2.60891],[-42.67269,-2.59922],[-42.6733,-2.59891],[-42.67633,-2.59626],[-42.67773,-2.59474],[-42.67791,-2.59461],[-42.67801,-2.59482],[-42.6855,-2.58757],[-42.68595,-2.58692],[-42.68924,-2.5842],[-42.69411,-2.57948],[-42.69578,-2.57813],[-42.69635,-2.57792],[-42.697,-2.57716],[-42.69825,-2.57753],[-42.69888,-2.57748],[-42.69876,-2.57743]]},"properties":{"id":"16142079486","date":"2025-10-14","name":"Dia 28","chapter":1,"chapter_slug":"nordeste","country":"BR","transport":"bicycle","distance_km":89.5,"elev_gain_m":516,"moving_time_s":23467,"points":166}},{"type":"Feature","geometry":{"type":"LineString","coordinates":[[-42.69816,-2.57735],[-42.69787,-2.57722],[-42.69769,-2.57667],[-42.69904,-2.57514],[-42.70011,-2.57478],[-42.70806,-2.56795],[-42.71112,-2.56611],[-42.71205,-2.56593],[-42.71275,-2.56517],[-42.71622,-2.56315],[-42.72096,-2.55972],[-42.72168,-2.55948],[-42.72498,-2.55737],[-42.729,-2.55624],[-42.73474,-2.55421],[-42.73585,-2.55428],[-42.736,-2.55406],[-42.73633,-2.55427],[-42.73887,-2.55365],[-42.74113,-2.55365],[-42.74363,-2.55312],[-42.74779,-2.5534],[-42.74968,-2.5541],[-42.74997,-2.55452],[-42.74985,-2.55472],[-42.75099,-2.55533],[-42.75195,-2.55625],[-42.75348,-2.55822],[-42.75359,-2.55856],[-42.75346,-2.56005],[-42.75119,-2.55993],[-42.74912,-2.56047],[-42.74905,-2.56018],[-42.74879,-2.56011],[-42.74878,-2.56032],[-42.74963,-2.56036],[-42.74942,-2.56051],[-42.74878,-2.56031],[-42.74862,-2.56147],[-42.74826,-2.56162],[-42.74843,-2.56497],[-42.74791,-2.56577],[-42.74749,-2.56597],[-42.74757,-2.56757],[-42.74732,-2.56776]]},"properties":{"id":"16148430407","date":"2025-10-15","name":"Dia 29","chapter":1,"chapter_slug":"nordeste","country":"BR","transport":"bicycle","distance_km":9.6,"elev_gain_m":0,"moving_time_s":3439,"points":45}},{"type":"Feature","geometry":{"type":"LineString","coordinates":[[-42.82945,-2.75182],[-42.82938,-2.75311],[-42.83067,-2.75487],[-42.82916,-2.75811],[-42.83016,-2.75888],[-42.83022,-2.75873],[-42.83003,-2.75885],[-42.83024,-2.75926],[-42.83582,-2.76735],[-42.83887,-2.77344],[-42.84892,-2.78878],[-42.8535,-2.79348],[-42.85434,-2.79484],[-42.85554,-2.80215],[-42.85534,-2.80374],[-42.85422,-2.80796],[-42.85461,-2.81037],[-42.85467,-2.81412],[-42.8549,-2.81555],[-42.85573,-2.81733],[-42.86795,-2.83799],[-42.86886,-2.83869],[-42.88002,-2.84337],[-42.88363,-2.84454],[-42.8879,-2.84672],[-42.9076,-2.85503],[-42.91181,-2.85722],[-42.9136,-2.85768],[-42.91598,-2.85761],[-42.92684,-2.85598],[-42.92906,-2.85598],[-42.93204,-2.85648],[-42.94139,-2.8596],[-42.94374,-2.85978],[-42.94499,-2.8595],[-42.94641,-2.85893],[-42.94817,-2.8576],[-42.96005,-2.84371],[-42.9611,-2.84277],[-42.96213,-2.84215],[-42.96355,-2.84161],[-42.9647,-2.84141],[-42.97891,-2.84047],[-42.98234,-2.83982],[-42.98549,-2.83854],[-42.9974,-2.83221],[-42.99978,-2.83161],[-43.00217,-2.83185],[-43.01247,-2.83562],[-43.01496,-2.83587],[-43.01723,-2.83533],[-43.02961,-2.83005],[-43.03181,-2.82951],[-43.03432,-2.82947],[-43.03759,-2.83026],[-43.06204,-2.83801],[-43.06494,-2.83835],[-43.06732,-2.83786],[-43.08551,-2.83],[-43.08792,-2.82949],[-43.08991,-2.82965],[-43.09151,-2.83021],[-43.09963,-2.8349],[-43.10191,-2.83532],[-43.10412,-2.83503],[-43.10588,-2.83425],[-43.12257,-2.82349],[-43.12448,-2.82286],[-43.12618,-2.82277],[-43.12844,-2.82324],[-43.13338,-2.82558],[-43.13596,-2.82646],[-43.14886,-2.82907],[-43.15116,-2.82972],[-43.1545,-2.83116],[-43.16637,-2.83781],[-43.16835,-2.83835],[-43.1703,-2.83832],[-43.17181,-2.83793],[-43.17389,-2.83706],[-43.21839,-2.81648],[-43.24888,-2.80026],[-43.25196,-2.79906],[-43.25242,-2.79901],[-43.25267,-2.79932]]},"properties":{"id":"16164249757","date":"2025-10-16","name":"Dia 30","chapter":1,"chapter_slug":"nordeste","country":"BR","transport":"bicycle","distance_km":57.9,"elev_gain_m":169,"moving_time_s":9177,"points":85}},{"type":"Feature","geometry":{"type":"LineString","coordinates":[[-43.25275,-2.7992],[-43.2519,-2.79898],[-43.25401,-2.79763],[-43.25429,-2.79716],[-43.25417,-2.79492],[-43.25346,-2.79249],[-43.25414,-2.78767],[-43.25661,-2.78286],[-43.2568,-2.78189],[-43.2566,-2.78109],[-43.2539,-2.77504],[-43.25056,-2.75424],[-43.25034,-2.75174],[-43.25302,-2.73789],[-43.25393,-2.73615],[-43.25648,-2.73475],[-43.25749,-2.7338],[-43.25893,-2.72805],[-43.25662,-2.71687],[-43.25745,-2.7126],[-43.25744,-2.71166],[-43.25531,-2.70372],[-43.25528,-2.70121],[-43.25411,-2.69659],[-43.25428,-2.69555],[-43.25616,-2.69228],[-43.25661,-2.69058],[-43.25654,-2.68944],[-43.25382,-2.68232],[-43.25305,-2.68163],[-43.24981,-2.68027],[-43.2489,-2.67949],[-43.24818,-2.67841],[-43.24662,-2.67317],[-43.24656,-2.67152],[-43.24731,-2.66942],[-43.25445,-2.65747],[-43.2568,-2.65223],[-43.2604,-2.64798],[-43.26793,-2.63535],[-43.26971,-2.62662],[-43.27321,-2.61849],[-43.27372,-2.61621],[-43.27636,-2.60752],[-43.27617,-2.5993],[-43.2767,-2.59158],[-43.27628,-2.58802],[-43.27501,-2.58558],[-43.27368,-2.58134],[-43.27365,-2.57377],[-43.27338,-2.57281],[-43.27127,-2.56869],[-43.27118,-2.56716],[-43.27152,-2.56528],[-43.27146,-2.5645],[-43.26885,-2.55949],[-43.26669,-2.55634],[-43.26541,-2.55398],[-43.26366,-2.54811],[-43.26317,-2.54009],[-43.26542,-2.52783],[-43.26378,-2.5216],[-43.26276,-2.51968],[-43.26183,-2.51976],[-43.26116,-2.51872],[-43.26026,-2.51845],[-43.25825,-2.517],[-43.25465,-2.51367],[-43.25124,-2.51134],[-43.24898,-2.51159],[-43.24819,-2.51128],[-43.24757,-2.51228],[-43.24838,-2.51309]]},"properties":{"id":"16169954786","date":"2025-10-17","name":"Dia 31","chapter":1,"chapter_slug":"nordeste","country":"BR","transport":"bicycle","distance_km":35.9,"elev_gain_m":62,"moving_time_s":6835,"points":73}},{"type":"Feature","geometry":{"type":"LineString","coordinates":[[-43.2479,-2.51342],[-43.24742,-2.51296],[-43.24775,-2.51254],[-43.24753,-2.51225],[-43.24826,-2.51123],[-43.24898,-2.51153],[-43.25126,-2.51131],[-43.25473,-2.51368],[-43.25818,-2.51692],[-43.26037,-2.51848],[-43.26125,-2.51874],[-43.26183,-2.51972],[-43.2628,-2.51968],[-43.26385,-2.52171],[-43.26522,-2.52656],[-43.26544,-2.52795],[-43.26319,-2.54014],[-43.2637,-2.54817],[-43.26501,-2.55278],[-43.26577,-2.55455],[-43.26886,-2.5594],[-43.27152,-2.56447],[-43.2716,-2.56521],[-43.27124,-2.56697],[-43.27133,-2.56864],[-43.2734,-2.57274],[-43.2737,-2.57367],[-43.27373,-2.5813],[-43.2751,-2.58561],[-43.27639,-2.58815],[-43.27676,-2.59171],[-43.27621,-2.59992],[-43.27641,-2.6076],[-43.2737,-2.6165],[-43.27331,-2.6184],[-43.26976,-2.62664],[-43.26796,-2.63548],[-43.26046,-2.64798],[-43.25681,-2.65234],[-43.25439,-2.65771],[-43.24726,-2.6696],[-43.24659,-2.67163],[-43.24683,-2.67377],[-43.24845,-2.67871],[-43.24911,-2.6796],[-43.24983,-2.68019],[-43.25316,-2.68161],[-43.25388,-2.68225],[-43.25659,-2.68929],[-43.25668,-2.69045],[-43.25626,-2.69217],[-43.25435,-2.69555],[-43.25419,-2.69669],[-43.25534,-2.70124],[-43.25534,-2.70363],[-43.25751,-2.71183],[-43.25751,-2.71265],[-43.2567,-2.71681],[-43.259,-2.7281],[-43.25749,-2.73386],[-43.25637,-2.73488],[-43.25398,-2.73617],[-43.25328,-2.73739],[-43.25288,-2.73873],[-43.25037,-2.75198],[-43.25399,-2.77515],[-43.25664,-2.78112],[-43.25684,-2.78191],[-43.25662,-2.78297],[-43.25416,-2.78774],[-43.25351,-2.79266],[-43.25425,-2.79497],[-43.25434,-2.79716],[-43.25408,-2.79772],[-43.25406,-2.79845],[-43.25312,-2.79879],[-43.2532,-2.79906],[-43.25301,-2.79919],[-43.25316,-2.79875],[-43.25446,-2.79845],[-43.26969,-2.79676],[-43.27306,-2.79653],[-43.27702,-2.79704],[-43.28958,-2.80081],[-43.29184,-2.80089],[-43.2942,-2.80012],[-43.3172,-2.78266],[-43.32293,-2.77821],[-43.32384,-2.77726],[-43.32473,-2.77588],[-43.32534,-2.77404],[-43.3269,-2.76177],[-43.32776,-2.75986],[-43.32862,-2.7588],[-43.3297,-2.75788],[-43.35969,-2.74116],[-43.36268,-2.73967],[-43.36441,-2.73911],[-43.36677,-2.73872],[-43.37641,-2.73871],[-43.37876,-2.73786],[-43.38027,-2.73674],[-43.39506,-2.72162],[-43.39733,-2.71983],[-43.40088,-2.71806],[-43.41988,-2.71106],[-43.42229,-2.71077],[-43.42439,-2.71108],[-43.44857,-2.72059],[-43.47304,-2.72701],[-43.47658,-2.72734],[-43.48527,-2.72724],[-43.48801,-2.72696],[-43.49126,-2.72618],[-43.50335,-2.72185],[-43.50513,-2.72158],[-43.50671,-2.72162],[-43.50876,-2.72211],[-43.52392,-2.72798],[-43.52728,-2.72938],[-43.52727,-2.7299],[-43.52756,-2.73004],[-43.52729,-2.72975],[-43.52769,-2.72944],[-43.5285,-2.72983],[-43.5321,-2.73083],[-43.53272,-2.73059],[-43.5325,-2.73055],[-43.53259,-2.73067]]},"properties":{"id":"16194732890","date":"2025-10-19","name":"Dia 33","chapter":1,"chapter_slug":"nordeste","country":"BR","transport":"bicycle","distance_km":72.1,"elev_gain_m":222,"moving_time_s":12509,"points":129}},{"type":"Feature","geometry":{"type":"LineString","coordinates":[[-43.53283,-2.73106],[-43.54421,-2.73463],[-43.56343,-2.74969],[-43.56483,-2.75025],[-43.56621,-2.75016],[-43.58823,-2.7442],[-43.60734,-2.74221],[-43.63367,-2.72897],[-43.63557,-2.7286],[-43.65117,-2.73097],[-43.65312,-2.7315],[-43.68297,-2.74647],[-43.68408,-2.74677],[-43.69427,-2.74779],[-43.69571,-2.74849],[-43.69936,-2.7513],[-43.70076,-2.75193],[-43.70221,-2.75215],[-43.72441,-2.75313],[-43.72559,-2.75337],[-43.72698,-2.75422],[-43.73809,-2.76789],[-43.73913,-2.76887],[-43.74101,-2.76959],[-43.77474,-2.78006],[-43.77578,-2.78083],[-43.78109,-2.78752],[-43.78199,-2.78827],[-43.79657,-2.79478],[-43.80635,-2.80257],[-43.81709,-2.80696],[-43.81746,-2.80713],[-43.81741,-2.8073],[-43.81766,-2.80722],[-43.81868,-2.80778],[-43.82787,-2.81683],[-43.82896,-2.81809],[-43.82946,-2.81905],[-43.82998,-2.82127],[-43.83326,-2.84205],[-43.83404,-2.84369],[-43.8349,-2.84451],[-43.83592,-2.84501],[-43.84231,-2.84618],[-43.85048,-2.84951],[-43.85667,-2.85022],[-43.85967,-2.84966],[-43.86063,-2.84971],[-43.87328,-2.85176],[-43.8813,-2.85434],[-43.88287,-2.85428],[-43.89051,-2.85247],[-43.89231,-2.85219],[-43.90271,-2.85294],[-43.91048,-2.85508],[-43.91197,-2.8553],[-43.95251,-2.8537],[-43.96193,-2.85162],[-43.96126,-2.8517],[-43.96137,-2.85097],[-43.96133,-2.85171],[-43.96771,-2.8502],[-43.96917,-2.85012],[-44.00781,-2.85787],[-44.0103,-2.85748],[-44.02636,-2.8532],[-44.02313,-2.85419],[-44.02481,-2.8567],[-44.02519,-2.85788],[-44.02512,-2.85871],[-44.0239,-2.86109],[-44.02406,-2.86187],[-44.02456,-2.86195],[-44.0243,-2.86192],[-44.02456,-2.86193],[-44.02453,-2.8617],[-44.02422,-2.86196],[-44.02628,-2.86182],[-44.02752,-2.86212],[-44.02998,-2.86207],[-44.03059,-2.86233],[-44.03215,-2.86362],[-44.03442,-2.86459],[-44.03502,-2.86465],[-44.03693,-2.8642],[-44.0376,-2.86422],[-44.04187,-2.86587],[-44.0468,-2.86092],[-44.04806,-2.8583],[-44.04816,-2.85769],[-44.04793,-2.85693],[-44.04821,-2.85647],[-44.04824,-2.85573],[-44.04803,-2.85436],[-44.04677,-2.85152],[-44.0449,-2.84616],[-44.04465,-2.84302],[-44.04317,-2.83894],[-44.04315,-2.8378],[-44.04357,-2.83669],[-44.0407,-2.83527],[-44.04038,-2.83459],[-44.04066,-2.83335],[-44.04222,-2.83176],[-44.04306,-2.83157],[-44.04624,-2.8315],[-44.04709,-2.83084],[-44.04732,-2.83007],[-44.04717,-2.82901],[-44.04689,-2.82857],[-44.04414,-2.82655],[-44.04228,-2.82092],[-44.04202,-2.81854],[-44.03923,-2.81618],[-44.03817,-2.815],[-44.03738,-2.81141],[-44.03745,-2.81011],[-44.03842,-2.80812],[-44.04149,-2.80424],[-44.04505,-2.79871],[-44.04523,-2.79692],[-44.04649,-2.7938],[-44.04645,-2.7931],[-44.04597,-2.79212],[-44.04579,-2.79108],[-44.04664,-2.78731],[-44.04603,-2.78429],[-44.04692,-2.78262],[-44.04733,-2.78236],[-44.05002,-2.7824],[-44.05121,-2.78213],[-44.05322,-2.78106],[-44.05382,-2.77979],[-44.05667,-2.77823],[-44.05739,-2.77717],[-44.05932,-2.7762],[-44.06011,-2.77598],[-44.06678,-2.7754],[-44.06644,-2.77542],[-44.06658,-2.7757],[-44.06627,-2.7759],[-44.06628,-2.77617],[-44.06642,-2.77564],[-44.06656,-2.77577],[-44.06645,-2.77566],[-44.06632,-2.77581],[-44.06641,-2.77545],[-44.06489,-2.77556],[-44.06456,-2.77312],[-44.06255,-2.77107],[-44.06162,-2.76966],[-44.05901,-2.76878],[-44.05844,-2.76806],[-44.05712,-2.76706],[-44.05496,-2.76611],[-44.05379,-2.76524],[-44.04857,-2.76229],[-44.04533,-2.76075],[-44.03726,-2.75611],[-44.03566,-2.75449],[-44.03489,-2.75244],[-44.03385,-2.75142],[-44.03069,-2.7497],[-44.02087,-2.74619],[-44.01396,-2.74059],[-44.00888,-2.73798],[-44.00789,-2.73719],[-44.00824,-2.73569],[-44.00812,-2.73377],[-44.00671,-2.73251],[-44.00612,-2.73094],[-44.00666,-2.72902],[-44.00751,-2.72853],[-44.00906,-2.72711],[-44.00965,-2.7259],[-44.0127,-2.72405],[-44.01465,-2.72187],[-44.01762,-2.71949],[-44.02161,-2.71847],[-44.02374,-2.71705],[-44.02402,-2.71667],[-44.02375,-2.71487],[-44.02348,-2.71441],[-44.02251,-2.71429],[-44.02152,-2.71356],[-44.02007,-2.71357],[-44.01884,-2.71254],[-44.01776,-2.71015],[-44.01765,-2.70844],[-44.01661,-2.70744],[-44.01626,-2.70581],[-44.01593,-2.70532],[-44.01414,-2.7047],[-44.01215,-2.70448],[-44.00973,-2.70382],[-44.00898,-2.70314],[-44.00862,-2.70204],[-44.00901,-2.70081],[-44.01141,-2.69865],[-44.01434,-2.69441],[-44.01477,-2.69332],[-44.01517,-2.68954],[-44.01734,-2.6866],[-44.01866,-2.68349],[-44.01856,-2.68336],[-44.0192,-2.68341],[-44.01951,-2.68287],[-44.01991,-2.68152],[-44.02039,-2.67622],[-44.02309,-2.67405]]},"properties":{"id":"16208838346","date":"2025-10-20","name":"Dia 34","chapter":1,"chapter_slug":"nordeste","country":"BR","transport":"bicycle","distance_km":98,"elev_gain_m":527,"moving_time_s":20900,"points":210}},{"type":"Feature","geometry":{"type":"LineString","coordinates":[[-44.05666,-2.56336],[-44.05402,-2.56464],[-44.0536,-2.5645],[-44.05341,-2.56408],[-44.05428,-2.5626],[-44.05414,-2.56293],[-44.05441,-2.56297],[-44.05412,-2.56283],[-44.05451,-2.56216],[-44.0535,-2.56406],[-44.05365,-2.5645],[-44.05418,-2.56456],[-44.05617,-2.56352],[-44.05529,-2.56292],[-44.05567,-2.56157],[-44.05542,-2.56149],[-44.05532,-2.56101],[-44.05549,-2.5599],[-44.05577,-2.55958],[-44.0567,-2.55715],[-44.0571,-2.55661],[-44.05856,-2.55579],[-44.06034,-2.55429],[-44.0625,-2.55381],[-44.0644,-2.55449],[-44.06702,-2.55347],[-44.06721,-2.55377],[-44.06707,-2.55363],[-44.06665,-2.55403],[-44.06715,-2.55366],[-44.0665,-2.55545],[-44.06604,-2.55586],[-44.0671,-2.5537],[-44.06633,-2.55514],[-44.06633,-2.555],[-44.06712,-2.55373],[-44.067,-2.55332],[-44.06721,-2.55308],[-44.06708,-2.55293],[-44.06727,-2.5532],[-44.06831,-2.55268],[-44.06803,-2.55207],[-44.06817,-2.55176],[-44.06856,-2.55267],[-44.06893,-2.55246],[-44.06877,-2.55225],[-44.06901,-2.55239],[-44.06944,-2.5523],[-44.07349,-2.55091],[-44.07626,-2.55036],[-44.07642,-2.55016],[-44.07675,-2.55028],[-44.08046,-2.54947],[-44.0817,-2.54856],[-44.08497,-2.54472],[-44.08593,-2.54411],[-44.08695,-2.54401],[-44.09452,-2.54499],[-44.10315,-2.54673],[-44.10763,-2.54469],[-44.11419,-2.53991],[-44.11496,-2.53954],[-44.11536,-2.53961],[-44.11535,-2.53908],[-44.11686,-2.5379],[-44.14804,-2.5148],[-44.15259,-2.51135],[-44.15281,-2.51095],[-44.15329,-2.51084],[-44.158,-2.50734],[-44.15877,-2.50725],[-44.15885,-2.50675],[-44.15932,-2.50631],[-44.15989,-2.50595],[-44.16023,-2.50605],[-44.16012,-2.50591],[-44.16029,-2.50563],[-44.16439,-2.50263],[-44.16495,-2.50189],[-44.1656,-2.49985],[-44.16597,-2.49942],[-44.16629,-2.49753],[-44.17332,-2.47404],[-44.17366,-2.47332],[-44.1743,-2.47288],[-44.17518,-2.47282],[-44.17943,-2.47363],[-44.19394,-2.47673],[-44.20634,-2.47726],[-44.20836,-2.47742],[-44.20971,-2.47775],[-44.22126,-2.48492],[-44.22364,-2.48657],[-44.2275,-2.4899],[-44.23152,-2.49133],[-44.23308,-2.49145],[-44.23369,-2.49132],[-44.23463,-2.49092],[-44.2345,-2.49083],[-44.23474,-2.49087],[-44.23847,-2.48927],[-44.23909,-2.48873],[-44.24312,-2.48736],[-44.2463,-2.48794],[-44.2488,-2.48873],[-44.2542,-2.48998],[-44.25448,-2.48974],[-44.25454,-2.48912],[-44.25416,-2.48519],[-44.25409,-2.48497],[-44.25349,-2.48516],[-44.25326,-2.48423],[-44.25366,-2.4851]]},"properties":{"id":"16211876992","date":"2025-10-21","name":"Dia 35","chapter":1,"chapter_slug":"nordeste","country":"BR","transport":"bicycle","distance_km":32.4,"elev_gain_m":338,"moving_time_s":9022,"points":113}},{"type":"Feature","geometry":{"type":"LineString","coordinates":[[-44.25416,-2.48484],[-44.25397,-2.48371],[-44.25412,-2.48327],[-44.25636,-2.48309],[-44.25906,-2.48331],[-44.26254,-2.48398],[-44.26436,-2.48463],[-44.26612,-2.48486],[-44.26952,-2.48625],[-44.27141,-2.4873],[-44.2727,-2.48771],[-44.27619,-2.4882],[-44.28225,-2.4882],[-44.28787,-2.48879],[-44.29308,-2.48797],[-44.29315,-2.48819],[-44.29272,-2.48807],[-44.29246,-2.48821],[-44.29331,-2.48861],[-44.29429,-2.49018],[-44.29491,-2.49064],[-44.29571,-2.4907],[-44.29803,-2.48997],[-44.30257,-2.49002],[-44.30368,-2.49058],[-44.30671,-2.49525],[-44.30833,-2.49726],[-44.30848,-2.49794],[-44.30739,-2.49974],[-44.30602,-2.50133],[-44.30571,-2.50207],[-44.30478,-2.50302],[-44.3045,-2.50551],[-44.30348,-2.50908],[-44.30343,-2.50972],[-44.30457,-2.51677],[-44.30372,-2.52023],[-44.30289,-2.52474],[-44.30309,-2.52513],[-44.30697,-2.52628],[-44.30696,-2.52663],[-44.30801,-2.52865],[-44.30729,-2.53016],[-44.30691,-2.53238],[-44.30628,-2.53401],[-44.30606,-2.53407],[-44.30591,-2.5344],[-44.30538,-2.53435],[-44.30545,-2.53321],[-44.30493,-2.53314],[-44.30492,-2.53241],[-44.30492,-2.53316],[-44.3046,-2.5333],[-44.3022,-2.53347],[-44.30228,-2.53337],[-44.30223,-2.53354],[-44.30233,-2.53337],[-44.3021,-2.53327],[-44.30227,-2.53352],[-44.30258,-2.53327],[-44.30225,-2.53354],[-44.3024,-2.53398],[-44.30215,-2.53361],[-44.30237,-2.53357],[-44.30224,-2.53335],[-44.30248,-2.53343],[-44.30217,-2.5336],[-44.30227,-2.53339]]},"properties":{"id":"16222219695","date":"2025-10-22","name":"Dia 36","chapter":1,"chapter_slug":"nordeste","country":"BR","transport":"bicycle","distance_km":13.2,"elev_gain_m":55,"moving_time_s":3698,"points":68}},{"type":"Feature","geometry":{"type":"LineString","coordinates":[[-44.30478,-2.52772],[-44.3047,-2.52813],[-44.30432,-2.52825],[-44.30333,-2.52797],[-44.30276,-2.52533],[-44.3025,-2.525],[-44.3028,-2.52458],[-44.30438,-2.51641],[-44.30314,-2.50891],[-44.30358,-2.50835],[-44.30404,-2.50708],[-44.30448,-2.50529],[-44.30474,-2.50288],[-44.30675,-2.49998],[-44.30665,-2.49962],[-44.30705,-2.49914],[-44.30732,-2.49768],[-44.30718,-2.49711],[-44.30655,-2.4966],[-44.30578,-2.49501],[-44.3043,-2.49482],[-44.30335,-2.49401],[-44.30107,-2.49271],[-44.30048,-2.49276],[-44.29873,-2.49349],[-44.29772,-2.49343],[-44.29802,-2.49325],[-44.29705,-2.49086],[-44.29547,-2.49127],[-44.2944,-2.49088],[-44.29343,-2.48877],[-44.29301,-2.48837],[-44.29237,-2.48816],[-44.28764,-2.48879],[-44.28175,-2.48816],[-44.2762,-2.48821],[-44.27185,-2.48747],[-44.26948,-2.48621],[-44.26565,-2.48474],[-44.26425,-2.48461],[-44.26223,-2.48389],[-44.26208,-2.48405],[-44.25635,-2.48319],[-44.25405,-2.48343],[-44.25412,-2.48497],[-44.25366,-2.48509]]},"properties":{"id":"16235985612","date":"2025-10-23","name":"Dia 37","chapter":1,"chapter_slug":"nordeste","country":"BR","transport":"bicycle","distance_km":10.9,"elev_gain_m":52,"moving_time_s":2686,"points":46}},{"type":"Feature","geometry":{"type":"LineString","coordinates":[[-44.25543,-2.48315],[-44.25992,-2.48349],[-44.26254,-2.48403],[-44.26436,-2.48467],[-44.26559,-2.48478],[-44.26972,-2.48638],[-44.27144,-2.48737],[-44.27281,-2.48777],[-44.27637,-2.48827],[-44.28226,-2.48825],[-44.2878,-2.48884],[-44.29246,-2.48828],[-44.2932,-2.48856],[-44.29434,-2.49034],[-44.29511,-2.49076],[-44.29563,-2.49075],[-44.29709,-2.49017],[-44.298,-2.49003],[-44.30221,-2.49003],[-44.30365,-2.49043],[-44.30662,-2.49519],[-44.30826,-2.49718],[-44.30841,-2.49772],[-44.30824,-2.49841],[-44.30734,-2.4998],[-44.30597,-2.50138],[-44.30589,-2.50194],[-44.30613,-2.50244],[-44.30577,-2.50184],[-44.3048,-2.50298],[-44.30411,-2.50724],[-44.30345,-2.50907],[-44.30342,-2.50988],[-44.30456,-2.51619],[-44.30287,-2.52484],[-44.30301,-2.52514],[-44.30677,-2.52638],[-44.30799,-2.52867],[-44.42323,-2.40636],[-44.4225,-2.4059],[-44.42084,-2.40598],[-44.41924,-2.40501],[-44.41874,-2.40438],[-44.41865,-2.4039],[-44.41879,-2.40346],[-44.41978,-2.40248],[-44.41987,-2.40184],[-44.41923,-2.40146],[-44.41732,-2.4023],[-44.41658,-2.40217],[-44.41622,-2.40156],[-44.4164,-2.39958],[-44.41604,-2.39911],[-44.41546,-2.39912],[-44.41136,-2.40076],[-44.41041,-2.4006],[-44.4096,-2.39977],[-44.40945,-2.39943],[-44.40943,-2.39452],[-44.40748,-2.39017],[-44.40728,-2.38479],[-44.4062,-2.38234],[-44.40615,-2.38115],[-44.40667,-2.38031],[-44.40764,-2.37949],[-44.40872,-2.37908],[-44.40983,-2.37896],[-44.41351,-2.37942],[-44.41528,-2.37829],[-44.41576,-2.37735],[-44.41562,-2.37349],[-44.41585,-2.37245],[-44.41754,-2.37027],[-44.41855,-2.36963],[-44.41962,-2.36926],[-44.42621,-2.36942],[-44.42882,-2.36877],[-44.45157,-2.3681],[-44.45926,-2.36648],[-44.46248,-2.36644],[-44.46808,-2.366],[-44.4718,-2.36598],[-44.47536,-2.3666],[-44.47947,-2.36812],[-44.48138,-2.36858],[-44.48486,-2.36758],[-44.4857,-2.36703],[-44.48616,-2.36623],[-44.48676,-2.36156],[-44.4869,-2.35881],[-44.48832,-2.35563],[-44.4884,-2.35314],[-44.48864,-2.35178],[-44.4899,-2.34891],[-44.4916,-2.34693],[-44.49534,-2.34555],[-44.49746,-2.34389],[-44.4975,-2.34354],[-44.49765,-2.34373],[-44.49815,-2.34336],[-44.50045,-2.34099],[-44.50207,-2.33981],[-44.50412,-2.33904],[-44.50626,-2.33885],[-44.50724,-2.33909],[-44.5086,-2.34058],[-44.51062,-2.34069],[-44.51164,-2.34103],[-44.51234,-2.34162],[-44.51339,-2.34342],[-44.51392,-2.34391],[-44.5166,-2.34558],[-44.51662,-2.3458],[-44.5166,-2.34563],[-44.51665,-2.34578],[-44.51685,-2.34568],[-44.52361,-2.34989],[-44.53172,-2.35418],[-44.53628,-2.35604],[-44.53866,-2.35841],[-44.5449,-2.36583],[-44.54581,-2.36654],[-44.55199,-2.36761],[-44.55409,-2.36818],[-44.55713,-2.36937],[-44.55826,-2.36893],[-44.56027,-2.36653],[-44.56114,-2.36585],[-44.56535,-2.36424],[-44.57068,-2.3646],[-44.57479,-2.36385],[-44.58096,-2.36542],[-44.58362,-2.36825],[-44.58616,-2.37013],[-44.58649,-2.37057],[-44.58657,-2.37127],[-44.58621,-2.37531],[-44.58992,-2.38374],[-44.59036,-2.38407],[-44.59589,-2.38584],[-44.59796,-2.39],[-44.60067,-2.39236],[-44.60111,-2.39538],[-44.60404,-2.40307],[-44.60406,-2.4038],[-44.60334,-2.40593],[-44.60497,-2.41054],[-44.60516,-2.41256],[-44.60573,-2.41409],[-44.60653,-2.4154],[-44.60681,-2.41744],[-44.60895,-2.42084],[-44.6086,-2.42553],[-44.60907,-2.42707],[-44.61145,-2.43024],[-44.61418,-2.43138],[-44.61668,-2.43444],[-44.61996,-2.43643],[-44.62321,-2.43992],[-44.62351,-2.44058],[-44.62368,-2.44216],[-44.62374,-2.44204],[-44.62372,-2.44714],[-44.62402,-2.45026],[-44.62545,-2.45265],[-44.62563,-2.45337],[-44.62316,-2.47049],[-44.62028,-2.47434],[-44.61906,-2.47626],[-44.61805,-2.48135],[-44.61768,-2.48436],[-44.61484,-2.48714],[-44.61436,-2.48784],[-44.6103,-2.49622],[-44.60928,-2.4989],[-44.60766,-2.50231],[-44.60653,-2.50162],[-44.60635,-2.50167],[-44.60685,-2.50172],[-44.6076,-2.50236],[-44.60664,-2.50468],[-44.60671,-2.5057],[-44.60824,-2.51124],[-44.6151,-2.52133],[-44.61639,-2.52472],[-44.61691,-2.52515],[-44.62427,-2.52888],[-44.62788,-2.5334],[-44.62845,-2.53389],[-44.63625,-2.53606],[-44.64356,-2.54135],[-44.656,-2.53941],[-44.6567,-2.5396],[-44.65871,-2.54102],[-44.65985,-2.54107],[-44.66066,-2.54049],[-44.66633,-2.53309],[-44.66737,-2.53212],[-44.67083,-2.53023],[-44.70835,-2.50658],[-44.70985,-2.5062],[-44.7116,-2.50622],[-44.72841,-2.51048],[-44.73193,-2.51131],[-44.73288,-2.51132],[-44.73397,-2.51059],[-44.75916,-2.48474],[-44.76037,-2.4839],[-44.76183,-2.48352],[-44.77828,-2.481],[-44.78223,-2.48156],[-44.78866,-2.48214],[-44.78979,-2.48241],[-44.79021,-2.483],[-44.79009,-2.48276]]},"properties":{"id":"16245088776","date":"2025-10-24","name":"Dia 38","chapter":1,"chapter_slug":"nordeste","country":"BR","transport":"bicycle","distance_km":83.7,"elev_gain_m":927,"moving_time_s":16431,"points":215}},{"type":"Feature","geometry":{"type":"LineString","coordinates":[[-44.79022,-2.4828],[-44.79042,-2.48253],[-44.79235,-2.48291],[-44.79455,-2.48281],[-44.83039,-2.4796],[-44.83033,-2.47945],[-44.83042,-2.47958],[-44.83134,-2.47939],[-44.83822,-2.47751],[-44.83934,-2.47742],[-44.84053,-2.47755],[-44.84967,-2.47995],[-44.85348,-2.48102],[-44.85463,-2.48154],[-44.85601,-2.48259],[-44.8614,-2.48885],[-44.86255,-2.48989],[-44.87323,-2.49705],[-44.87454,-2.49764],[-44.87887,-2.49872],[-44.88005,-2.49919],[-44.88875,-2.50516],[-44.90505,-2.5194],[-44.92103,-2.53473],[-44.92182,-2.53617],[-44.92237,-2.53859],[-44.92887,-2.57328],[-44.92944,-2.57465],[-44.93037,-2.57587],[-44.93205,-2.57702],[-44.952,-2.58458],[-44.95359,-2.58467],[-44.96321,-2.58398],[-44.96748,-2.58363],[-44.96858,-2.58334],[-44.98537,-2.57329],[-44.98873,-2.571],[-44.98955,-2.57],[-44.99268,-2.56485],[-45.00083,-2.54995],[-45.00189,-2.5488],[-45.00283,-2.54852],[-45.00391,-2.54872],[-45.01352,-2.55233],[-45.02154,-2.55584],[-45.02355,-2.55608],[-45.02568,-2.55571],[-45.02712,-2.55505],[-45.03282,-2.55137],[-45.03334,-2.55122],[-45.03342,-2.55145],[-45.03327,-2.55153],[-45.03342,-2.55154],[-45.03295,-2.55146],[-45.03336,-2.55155],[-45.03378,-2.55076],[-45.0345,-2.55025],[-45.08214,-2.51934],[-45.08456,-2.52284],[-45.087,-2.52059],[-45.08833,-2.52202],[-45.08703,-2.52067],[-45.08379,-2.51537],[-45.086,-2.51463],[-45.08654,-2.51382],[-45.08973,-2.48978],[-45.08931,-2.48789],[-45.08937,-2.48708],[-45.09001,-2.48622],[-45.09411,-2.48325],[-45.09476,-2.48243],[-45.09494,-2.48132],[-45.09437,-2.47635],[-45.09464,-2.47535],[-45.09598,-2.47237],[-45.09704,-2.47157],[-45.10055,-2.47034],[-45.10192,-2.46958],[-45.10547,-2.46372],[-45.10732,-2.46197],[-45.12129,-2.4566],[-45.12269,-2.45572],[-45.14003,-2.43803],[-45.14057,-2.43709],[-45.14512,-2.42449],[-45.14549,-2.42385],[-45.14625,-2.42382],[-45.14603,-2.42388],[-45.14617,-2.4239],[-45.14596,-2.42354],[-45.14614,-2.4232],[-45.14609,-2.42373],[-45.14626,-2.42379],[-45.1461,-2.42379],[-45.14619,-2.42309],[-45.14626,-2.4238],[-45.14578,-2.42365],[-45.14564,-2.4233],[-45.14719,-2.4191],[-45.15086,-2.41366],[-45.15241,-2.41178],[-45.15454,-2.40985],[-45.1925,-2.37865],[-45.2094,-2.35498],[-45.21073,-2.35339],[-45.21225,-2.35235],[-45.2285,-2.3449],[-45.26928,-2.31162],[-45.26999,-2.31087],[-45.26969,-2.31114],[-45.27049,-2.30999],[-45.27186,-2.30695],[-45.27158,-2.30701],[-45.27174,-2.30701],[-45.27202,-2.30648],[-45.27226,-2.30652],[-45.27191,-2.30684],[-45.27106,-2.30869],[-45.27088,-2.30869],[-45.2709,-2.30855],[-45.27109,-2.30862],[-45.27289,-2.30442],[-45.27316,-2.30307],[-45.27308,-2.30088],[-45.2733,-2.30066],[-45.27338,-2.3001],[-45.27329,-2.30053],[-45.27343,-2.30061],[-45.27332,-2.30055],[-45.2732,-2.30093],[-45.2733,-2.30054]]},"properties":{"id":"16255110332","date":"2025-10-25","name":"Dia 39","chapter":1,"chapter_slug":"nordeste","country":"BR","transport":"bicycle","distance_km":79.7,"elev_gain_m":327,"moving_time_s":16352,"points":131}},{"type":"Feature","geometry":{"type":"LineString","coordinates":[[-45.27305,-2.30062],[-45.27289,-2.30031],[-45.27032,-2.27655],[-45.27036,-2.27523],[-45.27076,-2.27386],[-45.27188,-2.27214],[-45.28345,-2.25901],[-45.28437,-2.25776],[-45.28491,-2.25627],[-45.28704,-2.24695],[-45.2879,-2.24519],[-45.2889,-2.24417],[-45.29171,-2.24233],[-45.29183,-2.24211],[-45.29165,-2.24181],[-45.29187,-2.24161],[-45.29158,-2.24167],[-45.29187,-2.24158],[-45.29172,-2.24165],[-45.29186,-2.24158],[-45.29177,-2.24195],[-45.29191,-2.24211],[-45.29267,-2.24177],[-45.29678,-2.23916],[-45.2982,-2.23786],[-45.30795,-2.22308],[-45.30815,-2.2225],[-45.30821,-2.21748],[-45.30906,-2.21514],[-45.30969,-2.21418],[-45.31084,-2.21301],[-45.31309,-2.21165],[-45.33565,-2.20508],[-45.36031,-2.19756],[-45.38036,-2.19117],[-45.40246,-2.18379],[-45.45069,-2.18039],[-45.47655,-2.17834],[-45.47758,-2.17822],[-45.47817,-2.17779],[-45.47811,-2.17798],[-45.47912,-2.17814],[-45.49733,-2.17674],[-45.52636,-2.17427],[-45.54741,-2.17214],[-45.58421,-2.16817],[-45.61598,-2.16441],[-45.68075,-2.15753],[-45.72892,-2.15177],[-45.7301,-2.15185],[-45.73031,-2.15164],[-45.76993,-2.14677],[-45.78527,-2.14469],[-45.81847,-2.14091],[-45.88143,-2.13319],[-45.8827,-2.13328],[-45.8842,-2.13392],[-45.88473,-2.13459],[-45.88434,-2.13477],[-45.88529,-2.13389],[-45.88637,-2.12989],[-45.88734,-2.12831],[-45.95773,-2.05205],[-45.95873,-2.05142],[-45.95885,-2.05086],[-45.95919,-2.05053],[-45.95972,-2.05079],[-45.95915,-2.05051],[-45.95906,-2.0503],[-45.95937,-2.04994],[-45.95909,-2.04969],[-45.95924,-2.04979],[-45.9591,-2.04987],[-45.95927,-2.04984],[-45.95915,-2.04984]]},"properties":{"id":"16266402876","date":"2025-10-26","name":"Dia 40","chapter":1,"chapter_slug":"nordeste","country":"BR","transport":"bicycle","distance_km":89.8,"elev_gain_m":352,"moving_time_s":15887,"points":75}},{"type":"Feature","geometry":{"type":"LineString","coordinates":[[-45.95945,-2.04994],[-45.95996,-2.04931],[-45.96035,-2.04929],[-45.96174,-2.04773],[-45.96289,-2.04593],[-45.97515,-2.01554],[-45.97603,-2.01379],[-45.97692,-2.01261],[-45.98654,-2.00209],[-45.98923,-1.99644],[-46.02975,-1.93895],[-46.04692,-1.91432],[-46.06734,-1.88451],[-46.06784,-1.88401],[-46.06863,-1.8838],[-46.06833,-1.8841],[-46.06839,-1.88384],[-46.06865,-1.88379],[-46.06842,-1.88392],[-46.06818,-1.88357],[-46.06857,-1.88275],[-46.10862,-1.8236],[-46.10917,-1.82294],[-46.10981,-1.82283],[-46.10951,-1.82247],[-46.10977,-1.82187],[-46.11119,-1.82042],[-46.11268,-1.81947],[-46.11404,-1.819],[-46.11693,-1.81843],[-46.19723,-1.80405],[-46.25489,-1.77744],[-46.25641,-1.77683],[-46.25822,-1.77661],[-46.2596,-1.77685],[-46.26994,-1.78071],[-46.27117,-1.78102],[-46.27336,-1.78114],[-46.28346,-1.78103],[-46.28516,-1.78128],[-46.28736,-1.78224],[-46.29325,-1.78602],[-46.29391,-1.78519],[-46.2935,-1.78472],[-46.29368,-1.78492],[-46.29343,-1.78519],[-46.29407,-1.78528],[-46.29346,-1.78479],[-46.29365,-1.78479],[-46.2935,-1.78457],[-46.29401,-1.78519],[-46.29351,-1.78532],[-46.29333,-1.78512],[-46.29311,-1.7854],[-46.2938,-1.78635],[-46.35344,-1.82459],[-46.36294,-1.83058],[-46.36488,-1.83116],[-46.36674,-1.83114],[-46.39312,-1.82304],[-46.45846,-1.80375],[-46.47087,-1.79891],[-46.5184,-1.77957],[-46.52002,-1.77856],[-46.54147,-1.76252],[-46.54151,-1.76192],[-46.54145,-1.76223],[-46.54163,-1.76192],[-46.54205,-1.76205],[-46.54346,-1.761],[-46.54363,-1.7612],[-46.54387,-1.76107],[-46.544,-1.76133],[-46.54382,-1.76114],[-46.54397,-1.76112],[-46.54377,-1.76114],[-46.54391,-1.76106],[-46.54368,-1.76106],[-46.54373,-1.76083],[-46.54437,-1.76033],[-46.54472,-1.76032],[-46.54445,-1.7603],[-46.54415,-1.75996],[-46.5444,-1.75965],[-46.54457,-1.75979],[-46.54482,-1.75957],[-46.54438,-1.76006],[-46.54452,-1.76023],[-46.54815,-1.75754],[-46.54886,-1.75745],[-46.54874,-1.7577],[-46.54882,-1.75754]]},"properties":{"id":"16275025157","date":"2025-10-27","name":"Dia 41","chapter":1,"chapter_slug":"nordeste","country":"BR","transport":"bicycle","distance_km":86.2,"elev_gain_m":372,"moving_time_s":18167,"points":92}},{"type":"Feature","geometry":{"type":"LineString","coordinates":[[-46.54876,-1.75728],[-46.54893,-1.75694],[-46.55745,-1.7506],[-46.55882,-1.74977],[-46.61001,-1.72791],[-46.65855,-1.70683],[-46.70545,-1.68598],[-46.70746,-1.68517],[-46.70791,-1.68553],[-46.70799,-1.68542],[-46.70797,-1.68571],[-46.70794,-1.68538],[-46.70897,-1.6844],[-46.76162,-1.66053],[-46.79412,-1.64008],[-46.79553,-1.63876],[-46.83561,-1.59484],[-46.84335,-1.58607],[-46.84341,-1.58582],[-46.84316,-1.58578],[-46.84356,-1.58586],[-46.84522,-1.58405],[-46.88995,-1.53408],[-46.88945,-1.53431],[-46.88962,-1.5346],[-46.89002,-1.53439],[-46.89048,-1.53459],[-46.89029,-1.5345],[-46.89054,-1.53421],[-46.89047,-1.53456],[-46.89039,-1.53436],[-46.89057,-1.53427],[-46.88974,-1.53414],[-46.89016,-1.534],[-46.89086,-1.53325],[-46.91666,-1.50448],[-46.91967,-1.50104],[-46.92528,-1.49406],[-46.94243,-1.47578],[-46.94688,-1.46947],[-46.95816,-1.45979],[-46.95882,-1.45897],[-46.96062,-1.45565],[-46.96165,-1.45416],[-46.96538,-1.4499],[-46.99414,-1.41772],[-47.00872,-1.40342],[-47.03654,-1.37115],[-47.05405,-1.35117],[-47.05366,-1.35183],[-47.05116,-1.35464],[-47.05067,-1.3555]]},"properties":{"id":"16285619972","date":"2025-10-28","name":"Dia 42","chapter":2,"chapter_slug":"amazonia","country":"BR","transport":"bicycle","distance_km":75.3,"elev_gain_m":616,"moving_time_s":15059,"points":52}},{"type":"Feature","geometry":{"type":"LineString","coordinates":[[-47.0491,-1.35688],[-47.08807,-1.3126],[-47.1193,-1.27746],[-47.17094,-1.22041],[-47.17295,-1.21861],[-47.17914,-1.21438],[-47.1794,-1.2134],[-47.17998,-1.21307],[-47.17975,-1.21256],[-47.17987,-1.21267],[-47.17988,-1.21248],[-47.17966,-1.21296],[-47.17969,-1.21347],[-47.18077,-1.21331],[-47.18099,-1.21346],[-47.18104,-1.21317],[-47.18183,-1.21275],[-47.18443,-1.21229],[-47.18441,-1.21176],[-47.18397,-1.21141],[-47.18379,-1.2116],[-47.18383,-1.212],[-47.18395,-1.21137],[-47.18365,-1.21082],[-47.18586,-1.20414],[-47.18669,-1.20093],[-47.18656,-1.19514],[-47.18683,-1.19493],[-47.18848,-1.19489],[-47.20227,-1.19612],[-47.20398,-1.19631],[-47.20512,-1.19676],[-47.20617,-1.1975],[-47.20831,-1.19985],[-47.21699,-1.20642],[-47.22324,-1.21388],[-47.22429,-1.21444],[-47.23788,-1.21914],[-47.23908,-1.219],[-47.24117,-1.21771],[-47.24217,-1.21733],[-47.25287,-1.21705],[-47.25473,-1.21661],[-47.25634,-1.21578],[-47.2576,-1.21463],[-47.25914,-1.21254],[-47.26028,-1.20923],[-47.26076,-1.20845],[-47.2614,-1.20789],[-47.26508,-1.20582],[-47.2657,-1.20523],[-47.27512,-1.19054],[-47.27569,-1.19013],[-47.27641,-1.18996],[-47.2825,-1.18961],[-47.28319,-1.18904],[-47.28365,-1.18737],[-47.28437,-1.1863],[-47.28532,-1.18559],[-47.28669,-1.18522],[-47.28815,-1.18542],[-47.29103,-1.18637],[-47.29182,-1.18696],[-47.29517,-1.19057],[-47.29684,-1.19142],[-47.29834,-1.19152],[-47.3046,-1.19076],[-47.31034,-1.19137],[-47.31403,-1.19253],[-47.31846,-1.1942],[-47.32153,-1.1962],[-47.32497,-1.1967],[-47.32659,-1.19669],[-47.32667,-1.19695],[-47.32692,-1.19669],[-47.32823,-1.19661],[-47.36342,-1.19564],[-47.37381,-1.19514],[-47.37504,-1.19527],[-47.3772,-1.19615],[-47.38004,-1.19948],[-47.38295,-1.20188],[-47.38319,-1.2013],[-47.38289,-1.2018],[-47.38443,-1.20308],[-47.3863,-1.20454],[-47.39047,-1.20722],[-47.39244,-1.20782],[-47.39619,-1.20828],[-47.39694,-1.20822],[-47.39882,-1.20741],[-47.40589,-1.20154],[-47.40818,-1.19908],[-47.41001,-1.19452],[-47.41053,-1.19362],[-47.41582,-1.18911],[-47.41793,-1.18848],[-47.42165,-1.18902],[-47.42513,-1.18819],[-47.43368,-1.18323],[-47.44269,-1.17694],[-47.44352,-1.17615],[-47.44501,-1.174],[-47.44624,-1.17291],[-47.44783,-1.17215],[-47.45134,-1.17143],[-47.45847,-1.1652],[-47.46466,-1.16185],[-47.46623,-1.16155],[-47.47298,-1.16259],[-47.47514,-1.16264],[-47.47648,-1.16211],[-47.49219,-1.15393],[-47.51168,-1.15158],[-47.51362,-1.15109],[-47.51439,-1.15027],[-47.51478,-1.14893],[-47.51423,-1.13713],[-47.51702,-1.12756],[-47.51792,-1.12594],[-47.51857,-1.12547],[-47.51976,-1.12502],[-47.53114,-1.12399],[-47.53268,-1.12362],[-47.5481,-1.11342],[-47.54922,-1.11321],[-47.5502,-1.11329],[-47.56078,-1.11496],[-47.56204,-1.11534],[-47.56306,-1.11604],[-47.56356,-1.11667],[-47.56715,-1.1235],[-47.56839,-1.12498],[-47.57008,-1.12579],[-47.57578,-1.12714],[-47.57861,-1.12884],[-47.58018,-1.12934],[-47.58883,-1.12867],[-47.59576,-1.13025],[-47.60134,-1.12884],[-47.60251,-1.12901],[-47.60498,-1.12981],[-47.60621,-1.12995],[-47.60656,-1.12974],[-47.62186,-1.12816],[-47.62227,-1.12844],[-47.62215,-1.12862],[-47.62205,-1.12822],[-47.62481,-1.12787],[-47.62992,-1.1274],[-47.62998,-1.12756],[-47.63103,-1.1276],[-47.63103,-1.12777],[-47.63079,-1.12757],[-47.62983,-1.12765],[-47.62979,-1.12799],[-47.62967,-1.12779],[-47.6298,-1.12799]]},"properties":{"id":"16296185026","date":"2025-10-29","name":"Dia 43","chapter":2,"chapter_slug":"amazonia","country":"BR","transport":"bicycle","distance_km":84.8,"elev_gain_m":494,"moving_time_s":17088,"points":158}},{"type":"Feature","geometry":{"type":"LineString","coordinates":[[-47.62836,-1.12776],[-47.62233,-1.12836],[-47.62199,-1.12848],[-47.62187,-1.12891],[-47.62161,-1.12848],[-47.62025,-1.12855],[-47.62008,-1.12838],[-47.61937,-1.12139],[-47.62105,-1.12095],[-47.62091,-1.1195],[-47.62054,-1.11832],[-47.61893,-1.11614],[-47.61848,-1.11509],[-47.61574,-1.09653],[-47.61037,-1.07397],[-47.60855,-1.06997],[-47.60141,-1.05607],[-47.58431,-1.03961],[-47.58359,-1.03877],[-47.58341,-1.03815],[-47.58319,-1.03816],[-47.58337,-1.03805],[-47.58335,-1.03751],[-47.58159,-1.01809],[-47.58342,-1.01333],[-47.58771,-1.00653],[-47.58811,-1.00575],[-47.58824,-1.00488],[-47.58157,-0.96954],[-47.58434,-0.96004],[-47.58445,-0.96055],[-47.58427,-0.96037],[-47.58437,-0.95993],[-47.5878,-0.94859],[-47.58836,-0.94776],[-47.59177,-0.94473],[-47.59248,-0.94336],[-47.59304,-0.93519],[-47.59332,-0.92758],[-47.59303,-0.92692],[-47.591,-0.92519],[-47.59057,-0.92455],[-47.59045,-0.92392],[-47.59056,-0.92105],[-47.59091,-0.91924],[-47.5934,-0.91577],[-47.59374,-0.91455],[-47.59364,-0.91114],[-47.59306,-0.90985],[-47.5918,-0.90894],[-47.58549,-0.90525],[-47.58488,-0.90465],[-47.58449,-0.90379],[-47.58381,-0.8927],[-47.58424,-0.89121],[-47.58631,-0.88724],[-47.58733,-0.88334],[-47.58707,-0.88077],[-47.58406,-0.87733],[-47.58383,-0.87669],[-47.58404,-0.87627],[-47.58693,-0.87456],[-47.5872,-0.87417],[-47.58929,-0.85518],[-47.59028,-0.85135],[-47.59097,-0.84557],[-47.57637,-0.8391],[-47.57505,-0.83777],[-47.57428,-0.83743],[-47.5736,-0.83751],[-47.56162,-0.84148],[-47.56054,-0.84154],[-47.54295,-0.83072],[-47.53966,-0.82752],[-47.53662,-0.82258],[-47.53626,-0.82172],[-47.53647,-0.82112],[-47.53844,-0.81824],[-47.54098,-0.81382],[-47.54717,-0.80112],[-47.54924,-0.79844],[-47.55016,-0.79759],[-47.55147,-0.79677],[-47.55395,-0.79597],[-47.55522,-0.79589],[-47.55949,-0.79625],[-47.56068,-0.796],[-47.56159,-0.79539],[-47.56497,-0.79235],[-47.56585,-0.79136],[-47.56625,-0.79033],[-47.56573,-0.78766],[-47.56528,-0.78688],[-47.56436,-0.786],[-47.56055,-0.78372],[-47.55611,-0.78214],[-47.55572,-0.78179],[-47.55499,-0.77814],[-47.55408,-0.7751],[-47.54738,-0.75601],[-47.5462,-0.7536],[-47.54418,-0.75192],[-47.54184,-0.75054],[-47.53917,-0.74966],[-47.53654,-0.74923],[-47.53498,-0.74845],[-47.53271,-0.74668],[-47.53039,-0.7445],[-47.52992,-0.74389],[-47.52969,-0.74316],[-47.52972,-0.7392],[-47.52948,-0.73678],[-47.52997,-0.73063],[-47.53092,-0.72812],[-47.53243,-0.72518],[-47.53311,-0.72004],[-47.53287,-0.71688],[-47.53558,-0.71247],[-47.53965,-0.7051],[-47.54283,-0.69803],[-47.54382,-0.69537],[-47.54498,-0.69127],[-47.54695,-0.68778],[-47.54812,-0.68495],[-47.54938,-0.67795],[-47.54895,-0.67555],[-47.54829,-0.67364],[-47.54534,-0.66981],[-47.54396,-0.66722],[-47.54348,-0.66575],[-47.54338,-0.66321],[-47.54399,-0.66084],[-47.54419,-0.65914],[-47.54377,-0.65459],[-47.54377,-0.6519],[-47.54315,-0.64992],[-47.54092,-0.64714],[-47.54042,-0.64584],[-47.54035,-0.64336],[-47.54112,-0.64334],[-47.54334,-0.64094],[-47.54256,-0.6399],[-47.54233,-0.64002],[-47.54244,-0.64019],[-47.54235,-0.64007]]},"properties":{"id":"16306135177","date":"2025-10-30","name":"Dia 44","chapter":2,"chapter_slug":"amazonia","country":"BR","transport":"bicycle","distance_km":68.2,"elev_gain_m":452,"moving_time_s":14226,"points":145}},{"type":"Feature","geometry":{"type":"LineString","coordinates":[[-47.54093,-0.62477],[-47.54108,-0.62201],[-47.54134,-0.62115],[-47.54197,-0.62033],[-47.5419,-0.62073],[-47.54214,-0.6209],[-47.5417,-0.62122],[-47.54158,-0.62165],[-47.54275,-0.62195],[-47.54433,-0.6227],[-47.54734,-0.62338],[-47.54772,-0.62309],[-47.54834,-0.62207],[-47.54978,-0.62033],[-47.55064,-0.6194],[-47.55106,-0.6192],[-47.55317,-0.61944],[-47.55665,-0.61895],[-47.55809,-0.61904],[-47.56109,-0.61849],[-47.56092,-0.61862],[-47.5619,-0.61859],[-47.56289,-0.61827],[-47.56561,-0.61814],[-47.56824,-0.61855],[-47.56948,-0.6191],[-47.57217,-0.61942],[-47.57325,-0.6189],[-47.57567,-0.61825],[-47.5765,-0.61712],[-47.57721,-0.61676],[-47.57768,-0.61679],[-47.57914,-0.61749],[-47.58105,-0.6178],[-47.58232,-0.61839],[-47.58302,-0.61826],[-47.58406,-0.61951],[-47.58473,-0.61991],[-47.58525,-0.61986],[-47.586,-0.61933],[-47.58601,-0.61916],[-47.58648,-0.62017],[-47.58726,-0.62087],[-47.58771,-0.62097],[-47.58816,-0.62077],[-47.58895,-0.61804],[-47.58824,-0.61611],[-47.58642,-0.60718],[-47.58628,-0.60485],[-47.58656,-0.60102],[-47.58636,-0.60029],[-47.58717,-0.59918],[-47.58734,-0.59826],[-47.58714,-0.59755],[-47.58651,-0.59669],[-47.58658,-0.59685]]},"properties":{"id":"16315384135","date":"2025-10-31","name":"Dia 45","chapter":2,"chapter_slug":"amazonia","country":"BR","transport":"bicycle","distance_km":9.6,"elev_gain_m":43,"moving_time_s":4481,"points":56}},{"type":"Feature","geometry":{"type":"LineString","coordinates":[[-47.63436,-0.63237],[-47.63626,-0.63096],[-47.63927,-0.63111],[-47.63978,-0.62891],[-47.64014,-0.6279],[-47.64032,-0.62785],[-47.65334,-0.63295],[-47.65829,-0.63371],[-47.65986,-0.63438],[-47.66034,-0.63435],[-47.6605,-0.63471],[-47.66367,-0.63628],[-47.67428,-0.63904],[-47.67548,-0.63969],[-47.68084,-0.64653],[-47.68179,-0.64931],[-47.68543,-0.65709],[-47.68561,-0.66105],[-47.68547,-0.67386],[-47.68567,-0.67522],[-47.68625,-0.67686],[-47.69459,-0.68607],[-47.69743,-0.6985],[-47.69748,-0.69906],[-47.69722,-0.69934],[-47.69769,-0.69958],[-47.69798,-0.7009],[-47.6979,-0.70155],[-47.69658,-0.70496],[-47.69725,-0.70702],[-47.69765,-0.70762],[-47.70318,-0.71261],[-47.71102,-0.71497],[-47.71701,-0.71273],[-47.7176,-0.71217],[-47.71957,-0.70925],[-47.72269,-0.70812],[-47.72619,-0.70799],[-47.73072,-0.70922],[-47.73548,-0.70684],[-47.73855,-0.70574],[-47.74041,-0.70543],[-47.74647,-0.70678],[-47.754,-0.70657],[-47.75488,-0.70661],[-47.75538,-0.70683],[-47.75861,-0.70936],[-47.76581,-0.71617],[-47.78283,-0.74887],[-47.78399,-0.75028],[-47.78749,-0.75331],[-47.78849,-0.75444],[-47.79046,-0.76387],[-47.79783,-0.771],[-47.80031,-0.77463],[-47.80148,-0.77529],[-47.81282,-0.7792],[-47.81348,-0.7799],[-47.81513,-0.78279],[-47.81701,-0.78501],[-47.8236,-0.79022],[-47.82453,-0.79032],[-47.8305,-0.78895],[-47.83173,-0.78922],[-47.84213,-0.79698],[-47.84578,-0.79992],[-47.85331,-0.8062],[-47.85489,-0.80833],[-47.85586,-0.81111],[-47.85695,-0.83176],[-47.85685,-0.87089],[-47.85706,-0.91703],[-47.85685,-0.92273],[-47.86592,-0.94404],[-47.86968,-0.95236],[-47.86958,-0.95261],[-47.86999,-0.95309],[-47.87066,-0.95454],[-47.87937,-0.97402],[-47.88113,-0.97673],[-47.88258,-0.97974],[-47.88435,-0.9855],[-47.89059,-0.99976],[-47.89691,-1.01495],[-47.89849,-1.01827],[-47.90989,-1.04642],[-47.90883,-1.05772],[-47.90956,-1.05988],[-47.91439,-1.07144],[-47.91468,-1.07257],[-47.92155,-1.15866],[-47.92193,-1.16052],[-47.92432,-1.16596],[-47.92314,-1.17197],[-47.923,-1.17354],[-47.92486,-1.19859],[-47.92493,-1.19896],[-47.9262,-1.19968]]},"properties":{"id":"16408716789","date":"2025-11-09","name":"Dia 54","chapter":2,"chapter_slug":"amazonia","country":"BR","transport":"bicycle","distance_km":83,"elev_gain_m":523,"moving_time_s":16649,"points":98}},{"type":"Feature","geometry":{"type":"LineString","coordinates":[[-47.92489,-1.19907],[-47.9285,-1.24224],[-47.92738,-1.2484],[-47.92643,-1.25994],[-47.92363,-1.2866],[-47.92329,-1.29198],[-47.92067,-1.29202],[-47.92047,-1.29187],[-47.92086,-1.29217],[-47.92074,-1.29191],[-47.92089,-1.29203],[-47.92037,-1.29198],[-47.92027,-1.29239],[-47.92123,-1.29318],[-47.93018,-1.29383],[-47.93014,-1.29473],[-47.93194,-1.2949],[-47.93664,-1.29673],[-47.94149,-1.2978],[-47.94603,-1.29681],[-47.94792,-1.29668],[-47.981,-1.30057],[-47.98433,-1.30081],[-48.0018,-1.30611],[-48.01194,-1.30572],[-48.02707,-1.3072],[-48.03107,-1.30668],[-48.03902,-1.3068],[-48.03987,-1.30653],[-48.04055,-1.30605],[-48.06411,-1.28367],[-48.06704,-1.28095],[-48.06796,-1.28035],[-48.08095,-1.27657],[-48.08983,-1.27531],[-48.10639,-1.27637],[-48.11169,-1.27829],[-48.1197,-1.27875],[-48.14815,-1.28479],[-48.14978,-1.28564],[-48.15239,-1.28825],[-48.15516,-1.28961],[-48.16063,-1.29175],[-48.16618,-1.29112],[-48.1675,-1.29134],[-48.17147,-1.29324],[-48.17475,-1.29645],[-48.18004,-1.29853],[-48.181,-1.29869],[-48.18838,-1.29811],[-48.18966,-1.29822],[-48.19335,-1.29994],[-48.1956,-1.30183],[-48.20224,-1.30514],[-48.21042,-1.30728],[-48.21897,-1.30866],[-48.2197,-1.3091],[-48.22031,-1.30976],[-48.23811,-1.33256],[-48.23926,-1.3333],[-48.23907,-1.33329]]},"properties":{"id":"16417675656","date":"2025-11-10","name":"Dia 55","chapter":2,"chapter_slug":"amazonia","country":"BR","transport":"bicycle","distance_km":50.4,"elev_gain_m":217,"moving_time_s":8794,"points":61}},{"type":"Feature","geometry":{"type":"LineString","coordinates":[[-48.46683,-1.44306],[-48.46746,-1.44365],[-48.46959,-1.44229],[-48.47312,-1.44227],[-48.4784,-1.44306],[-48.48054,-1.4437],[-48.4805,-1.44382],[-48.48801,-1.44611],[-48.49014,-1.44804],[-48.49324,-1.45021],[-48.49415,-1.45078],[-48.49445,-1.45043],[-48.49478,-1.45059],[-48.49821,-1.45483],[-48.49874,-1.45462],[-48.50193,-1.4567],[-48.50227,-1.45675],[-48.50289,-1.45584],[-48.50354,-1.45597],[-48.50415,-1.45505],[-48.50478,-1.45562],[-48.50555,-1.45584],[-48.50561,-1.45511],[-48.50482,-1.46053],[-48.5041,-1.4633],[-48.50356,-1.46341],[-48.50266,-1.4658],[-48.50291,-1.46601],[-48.50531,-1.46646],[-48.50614,-1.46681],[-48.5064,-1.46757],[-48.50582,-1.46903],[-48.50582,-1.46937],[-48.50596,-1.46928],[-48.50556,-1.46947],[-48.50307,-1.47211],[-48.50559,-1.46924],[-48.5062,-1.46762],[-48.50614,-1.46708],[-48.50572,-1.46673],[-48.50253,-1.46608],[-48.50337,-1.46362],[-48.50268,-1.46293],[-48.50355,-1.46151],[-48.49807,-1.45819],[-48.5001,-1.45568],[-48.49969,-1.45531],[-48.49987,-1.45503],[-48.49952,-1.45464],[-48.49994,-1.45513],[-48.5005,-1.45517],[-48.50019,-1.45493],[-48.49959,-1.45527],[-48.49877,-1.45456],[-48.50006,-1.4535],[-48.4997,-1.45283],[-48.49879,-1.45179],[-48.49651,-1.44984],[-48.49229,-1.44667],[-48.49147,-1.44762],[-48.49131,-1.44758],[-48.49146,-1.44748],[-48.49138,-1.44765],[-48.49139,-1.44749],[-48.49118,-1.44756],[-48.49129,-1.44765],[-48.49104,-1.44747],[-48.49117,-1.44742],[-48.49117,-1.44766],[-48.49123,-1.44732],[-48.49105,-1.44751],[-48.49121,-1.4474],[-48.49142,-1.44756],[-48.49135,-1.44773],[-48.48843,-1.45159],[-48.48825,-1.45159],[-48.48775,-1.45254],[-48.48731,-1.45253],[-48.48714,-1.45236],[-48.48728,-1.45258],[-48.48701,-1.4526],[-48.48722,-1.45245],[-48.48732,-1.45256],[-48.48707,-1.45254],[-48.48722,-1.45294],[-48.48708,-1.45285],[-48.48725,-1.45248],[-48.48736,-1.45276],[-48.48711,-1.45259],[-48.48718,-1.45238],[-48.48726,-1.45266],[-48.48724,-1.45245],[-48.48581,-1.45226],[-48.48146,-1.45234],[-48.46977,-1.45161],[-48.46912,-1.45151],[-48.46764,-1.45022],[-48.46622,-1.44832],[-48.46616,-1.44769],[-48.46636,-1.44775],[-48.46875,-1.4463],[-48.46662,-1.44315],[-48.46627,-1.44333],[-48.4666,-1.44319],[-48.46629,-1.44329],[-48.46658,-1.44324],[-48.46659,-1.44342]]},"properties":{"id":"16431719642","date":"2025-11-11","name":"Dia 56","chapter":2,"chapter_slug":"amazonia","country":"BR","transport":"bicycle","distance_km":17.7,"elev_gain_m":83,"moving_time_s":7278,"points":107}},{"type":"Feature","geometry":{"type":"LineString","coordinates":[[-54.70141,-2.43011],[-54.7087,-2.43122],[-54.711,-2.43177],[-54.71193,-2.4308],[-54.71423,-2.429],[-54.71512,-2.42883],[-54.7177,-2.43107],[-54.7188,-2.43251],[-54.71994,-2.43322],[-54.72643,-2.43933],[-54.72863,-2.43932],[-54.73096,-2.43955],[-54.73325,-2.4405],[-54.73494,-2.44094],[-54.76436,-2.45304],[-54.76742,-2.45371],[-54.76949,-2.45376],[-54.77009,-2.45362],[-54.77075,-2.45962],[-54.77135,-2.46037],[-54.77343,-2.46151],[-54.77614,-2.4647],[-54.77703,-2.46591],[-54.77762,-2.46802],[-54.77843,-2.46936],[-54.78025,-2.47074],[-54.7823,-2.47264],[-54.78493,-2.47616],[-54.79107,-2.47944],[-54.79287,-2.47964],[-54.80019,-2.48189],[-54.80182,-2.48207],[-54.80406,-2.48208],[-54.80643,-2.48129],[-54.80799,-2.48106],[-54.80971,-2.48103],[-54.81149,-2.48151],[-54.81307,-2.4816],[-54.8154,-2.48107],[-54.81817,-2.48134],[-54.82225,-2.48474],[-54.8245,-2.48609],[-54.82564,-2.48643],[-54.82683,-2.48635],[-54.82812,-2.48536],[-54.82895,-2.4851],[-54.82947,-2.48514],[-54.83063,-2.4857],[-54.83347,-2.48796],[-54.83753,-2.48952],[-54.84126,-2.49318],[-54.84241,-2.49488],[-54.84266,-2.49574],[-54.84306,-2.50082],[-54.84363,-2.50219],[-54.8444,-2.50334],[-54.85035,-2.5093],[-54.85845,-2.51792],[-54.86028,-2.51902],[-54.86098,-2.51986],[-54.8612,-2.52052],[-54.8611,-2.52192],[-54.86029,-2.52378],[-54.86024,-2.52438],[-54.86146,-2.53055],[-54.86134,-2.53592],[-54.86184,-2.53672],[-54.8637,-2.53803],[-54.86488,-2.54033],[-54.86553,-2.54068],[-54.86663,-2.54083],[-54.86733,-2.54071],[-54.883,-2.53548],[-54.8886,-2.53627],[-54.89368,-2.53829],[-54.89504,-2.53857],[-54.90913,-2.53543],[-54.91024,-2.5355],[-54.91144,-2.53598],[-54.91167,-2.53627],[-54.91148,-2.53637],[-54.91166,-2.53635],[-54.9124,-2.53564],[-54.9195,-2.53394],[-54.92051,-2.53403],[-54.92387,-2.5352],[-54.9246,-2.53524],[-54.92667,-2.53197],[-54.9274,-2.52944],[-54.92886,-2.52634],[-54.93288,-2.52322],[-54.93488,-2.51879],[-54.93733,-2.5167],[-54.93895,-2.51566],[-54.94514,-2.51319],[-54.94721,-2.51216],[-54.94927,-2.51197],[-54.95017,-2.51158],[-54.95061,-2.511],[-54.95078,-2.51028],[-54.95021,-2.50484],[-54.95021,-2.50293],[-54.95224,-2.50322],[-54.95498,-2.50284],[-54.95534,-2.50265]]},"properties":{"id":"16466035803","date":"2025-11-15","name":"Dia 60","chapter":2,"chapter_slug":"amazonia","country":"BR","transport":"bicycle","distance_km":37.8,"elev_gain_m":468,"moving_time_s":6866,"points":105}},{"type":"Feature","geometry":{"type":"LineString","coordinates":[[-54.95536,-2.50254],[-54.95526,-2.50278],[-54.95259,-2.50316],[-54.95024,-2.50301],[-54.95079,-2.51031],[-54.95057,-2.5111],[-54.95012,-2.51162],[-54.94944,-2.51196],[-54.94808,-2.51204],[-54.94679,-2.51238],[-54.93899,-2.51565],[-54.93769,-2.51643],[-54.93506,-2.51868],[-54.93463,-2.51925],[-54.93292,-2.52316],[-54.92897,-2.52627],[-54.92737,-2.52957],[-54.9267,-2.53193],[-54.92458,-2.53521],[-54.92354,-2.53511],[-54.92052,-2.5341],[-54.91967,-2.53401],[-54.91215,-2.53582],[-54.91191,-2.53613],[-54.91201,-2.53631],[-54.91149,-2.5364],[-54.91116,-2.53588],[-54.90986,-2.53548],[-54.90917,-2.53547],[-54.89505,-2.53866],[-54.89384,-2.53841],[-54.88839,-2.53629],[-54.88303,-2.53558],[-54.87828,-2.53699],[-54.86732,-2.54078],[-54.86548,-2.54067],[-54.86486,-2.54032],[-54.86361,-2.53806],[-54.86183,-2.5368],[-54.8613,-2.53598],[-54.86142,-2.53077],[-54.86019,-2.52455],[-54.86107,-2.52212],[-54.86119,-2.52063],[-54.86096,-2.51981],[-54.86017,-2.51898],[-54.85849,-2.51798],[-54.84422,-2.50303],[-54.84343,-2.50165],[-54.84302,-2.50034],[-54.84263,-2.49566],[-54.84236,-2.49479],[-54.8413,-2.49325],[-54.83765,-2.48969],[-54.83613,-2.48904],[-54.83561,-2.48836],[-54.83516,-2.48866],[-54.83396,-2.48819],[-54.83053,-2.48567],[-54.82947,-2.48518],[-54.82834,-2.48527],[-54.82678,-2.48637],[-54.82556,-2.48644],[-54.82484,-2.48622],[-54.8216,-2.48422],[-54.81814,-2.48138],[-54.81542,-2.4811],[-54.81305,-2.48162],[-54.81158,-2.48154],[-54.80983,-2.48107],[-54.80792,-2.48107],[-54.80391,-2.48212],[-54.80117,-2.48205],[-54.80005,-2.48189],[-54.79292,-2.47971],[-54.79146,-2.47957],[-54.79072,-2.4793],[-54.78486,-2.47612],[-54.78186,-2.47235],[-54.78015,-2.4707],[-54.77833,-2.46929],[-54.77763,-2.46805],[-54.77692,-2.46588],[-54.77574,-2.46432],[-54.77375,-2.46186],[-54.77125,-2.4603],[-54.77075,-2.45959],[-54.77051,-2.45878],[-54.77008,-2.45463],[-54.7697,-2.45394],[-54.76729,-2.45387],[-54.76436,-2.45321],[-54.76,-2.4516],[-54.73526,-2.44129],[-54.73305,-2.44064],[-54.73105,-2.43971],[-54.72875,-2.43935],[-54.72738,-2.43608],[-54.72773,-2.43548],[-54.72863,-2.43119],[-54.72889,-2.42964],[-54.72871,-2.42955],[-54.72889,-2.4295],[-54.72903,-2.4298],[-54.72881,-2.42952],[-54.72897,-2.42892],[-54.72525,-2.42813],[-54.72095,-2.42763],[-54.71839,-2.4271],[-54.72095,-2.42751],[-54.7137,-2.4262],[-54.70804,-2.42493],[-54.7049,-2.42458],[-54.70314,-2.42392],[-54.70269,-2.42479],[-54.70235,-2.42646],[-54.70048,-2.42652],[-54.69861,-2.42449],[-54.69864,-2.42415],[-54.69897,-2.42409],[-54.6985,-2.42334],[-54.69823,-2.42329],[-54.69832,-2.42314]]},"properties":{"id":"16643768608","date":"2025-12-03","name":"Dia 78","chapter":2,"chapter_slug":"amazonia","country":"BR","transport":"bicycle","distance_km":40.1,"elev_gain_m":529,"moving_time_s":9035,"points":123}},{"type":"Feature","geometry":{"type":"LineString","coordinates":[[-60.02278,-3.13031],[-60.02237,-3.13007],[-60.02132,-3.13022],[-60.02066,-3.13008],[-60.02028,-3.12902],[-60.02055,-3.12821],[-60.0205,-3.12748],[-60.02087,-3.12692],[-60.02056,-3.12644],[-60.02059,-3.12467],[-60.0204,-3.12419],[-60.02014,-3.12409],[-60.02007,-3.12371],[-60.02101,-3.12085],[-60.02096,-3.12042],[-60.02053,-3.11998],[-60.02076,-3.11921],[-60.02204,-3.11784],[-60.02223,-3.11739],[-60.02293,-3.11704],[-60.02314,-3.11658],[-60.02295,-3.11565],[-60.02343,-3.11175],[-60.02293,-3.10953],[-60.02318,-3.10762],[-60.02371,-3.10665],[-60.02351,-3.10519],[-60.02412,-3.10044],[-60.02408,-3.09486],[-60.02412,-3.095],[-60.02424,-3.09426],[-60.02442,-3.0941],[-60.02425,-3.09398]]},"properties":{"id":"16658599776","date":"2025-12-05","name":"Dia 80","chapter":2,"chapter_slug":"amazonia","country":"BR","transport":"bicycle","distance_km":4.7,"elev_gain_m":67,"moving_time_s":983,"points":33}},{"type":"Feature","geometry":{"type":"LineString","coordinates":[[-60.02401,-3.09394],[-60.02422,-3.09405],[-60.02423,-3.09469],[-60.02403,-3.10675],[-60.02377,-3.10832],[-60.0232,-3.10854],[-60.02323,-3.10958],[-60.02259,-3.10979],[-60.02344,-3.10961],[-60.02372,-3.10985],[-60.02366,-3.11565],[-60.02189,-3.11605],[-60.01144,-3.11603],[-60.01093,-3.11598],[-60.01054,-3.11568],[-60.01046,-3.1153],[-60.01074,-3.11462],[-60.01186,-3.11446],[-60.01191,-3.11501]]},"properties":{"id":"16677703444","date":"2025-12-07","name":"Dia 82","chapter":2,"chapter_slug":"amazonia","country":"BR","transport":"bicycle","distance_km":4.5,"elev_gain_m":53,"moving_time_s":1020,"points":19}},{"type":"Feature","geometry":{"type":"LineString","coordinates":[[-60.01183,-3.11449],[-60.01075,-3.11463],[-60.0073,-3.11644],[-60.00639,-3.11734],[-60.00602,-3.11842],[-60.00579,-3.11831],[-60.00602,-3.11812],[-60.00592,-3.11979],[-60.00634,-3.12873],[-60.00035,-3.12899],[-60.00011,-3.13103],[-60.00001,-3.13091],[-59.9997,-3.13104],[-60.00005,-3.13112],[-59.99988,-3.13196],[-60.0028,-3.13327],[-60.00441,-3.13484],[-60.00665,-3.13603],[-60.00798,-3.13555],[-60.00797,-3.13306],[-60.00847,-3.13291],[-60.00946,-3.13299],[-60.0097,-3.13329],[-60.01003,-3.13321],[-60.01024,-3.13373],[-60.01047,-3.13369],[-60.01024,-3.13218],[-60.01036,-3.13158],[-60.01196,-3.13159],[-60.01204,-3.13337],[-60.01188,-3.13333],[-60.01195,-3.13306],[-60.01199,-3.13325],[-60.01173,-3.13342],[-60.01199,-3.13332],[-60.01176,-3.13306],[-60.01197,-3.13331],[-60.01196,-3.13305],[-60.01168,-3.13338],[-60.01166,-3.13285],[-60.0116,-3.13317],[-60.01166,-3.13343],[-60.01185,-3.13324],[-60.01195,-3.13344],[-60.01161,-3.13341],[-60.01196,-3.13332],[-60.01208,-3.13465],[-60.01346,-3.1348],[-60.01656,-3.13474],[-60.01682,-3.13483],[-60.01664,-3.1352],[-60.01665,-3.13492],[-60.01708,-3.13484],[-60.01718,-3.13513],[-60.01762,-3.13513],[-60.01782,-3.13531],[-60.01707,-3.13613],[-60.01646,-3.13741],[-60.01611,-3.13765],[-60.01818,-3.14012],[-60.01998,-3.13929],[-60.01922,-3.13817],[-60.02023,-3.13796],[-60.02177,-3.13714],[-60.02204,-3.13719],[-60.02184,-3.13709],[-60.02211,-3.13709],[-60.02198,-3.13685],[-60.02215,-3.13657],[-60.02242,-3.13713],[-60.02183,-3.13719],[-60.02089,-3.13651],[-60.02064,-3.1356],[-60.02074,-3.13278],[-60.02051,-3.12608],[-60.01955,-3.12606],[-60.01927,-3.12689],[-60.01917,-3.12804],[-60.02051,-3.12801],[-60.02062,-3.12643],[-60.02046,-3.12308],[-60.0216,-3.11982],[-60.02174,-3.11829],[-60.02081,-3.11761],[-60.02068,-3.11602],[-60.01673,-3.11595],[-60.01652,-3.11438],[-60.01558,-3.11463],[-60.01551,-3.11449],[-60.01338,-3.11424],[-60.01195,-3.1144],[-60.01172,-3.11483],[-60.01275,-3.11451],[-60.01178,-3.11476],[-60.01185,-3.11498]]},"properties":{"id":"16695357360","date":"2025-12-09","name":"Dia 84","chapter":2,"chapter_slug":"amazonia","country":"BR","transport":"bicycle","distance_km":14.4,"elev_gain_m":140,"moving_time_s":5394,"points":95}},{"type":"Feature","geometry":{"type":"LineString","coordinates":[[-60.01178,-3.11449],[-60.01341,-3.11418],[-60.01359,-3.11545],[-60.01347,-3.11566],[-60.01511,-3.11569],[-60.01565,-3.11634],[-60.01553,-3.1158],[-60.01575,-3.11569],[-60.02577,-3.11578],[-60.0264,-3.11573],[-60.02657,-3.11555],[-60.02641,-3.1021],[-60.02657,-3.09855],[-60.0265,-3.08293],[-60.02633,-3.08134],[-60.02653,-3.07985],[-60.02647,-3.07369],[-60.02603,-3.07307],[-60.0261,-3.07211],[-60.02522,-3.06981],[-60.02493,-3.06829],[-60.02509,-3.05395],[-60.02479,-3.04555],[-60.02474,-3.0454],[-60.02464,-3.0458],[-60.02347,-3.03678],[-60.02269,-3.03591],[-60.01858,-3.03256],[-60.01793,-3.03093],[-60.01784,-3.02958],[-60.01827,-3.02841],[-60.01932,-3.02711],[-60.0193,-3.02692],[-60.02062,-3.02581],[-60.02101,-3.02535],[-60.02112,-3.02486],[-60.02178,-3.02455],[-60.02727,-3.01878],[-60.03018,-3.01438],[-60.03046,-3.01352],[-60.03105,-3.01296],[-60.03237,-3.01087],[-60.03285,-3.00955],[-60.03301,-3.00827],[-60.03126,-2.9994],[-60.03128,-2.99646],[-60.03111,-2.99562],[-60.03072,-2.99503],[-60.0295,-2.99388],[-60.02826,-2.99129],[-60.01868,-2.98213],[-60.01687,-2.97991],[-60.01622,-2.97867],[-60.01568,-2.9768],[-60.01542,-2.97095],[-60.0163,-2.97066],[-60.01667,-2.97017],[-60.0172,-2.96986],[-60.02076,-2.96601],[-60.02086,-2.96568],[-60.02071,-2.96534],[-60.02094,-2.96509],[-60.02107,-2.96516],[-60.02101,-2.96542],[-60.02081,-2.96535],[-60.02098,-2.96508],[-60.02054,-2.96515],[-60.02065,-2.96508],[-60.02061,-2.96522],[-60.02084,-2.96534],[-60.02057,-2.96621],[-60.02069,-2.96596],[-60.02287,-2.96464],[-60.02262,-2.96474],[-60.02257,-2.96449],[-60.02266,-2.9647],[-60.02852,-2.96188],[-60.03062,-2.9611],[-60.03178,-2.96016],[-60.03284,-2.95835],[-60.03317,-2.95688],[-60.03375,-2.93918],[-60.03506,-2.92822],[-60.0355,-2.9268],[-60.03795,-2.92266],[-60.03833,-2.92171],[-60.0389,-2.91358],[-60.03874,-2.91116],[-60.03547,-2.90181],[-60.03502,-2.89262],[-60.03517,-2.89123],[-60.03556,-2.89119],[-60.03523,-2.89118],[-60.03507,-2.8908],[-60.03517,-2.87984],[-60.0354,-2.87964],[-60.03585,-2.87967],[-60.03528,-2.87982],[-60.0352,-2.8797],[-60.03521,-2.87469],[-60.03472,-2.86558],[-60.03503,-2.86405],[-60.03733,-2.85809],[-60.03749,-2.85634],[-60.0369,-2.85481],[-60.03277,-2.84674],[-60.03247,-2.84575],[-60.03241,-2.84474],[-60.03701,-2.80647],[-60.03652,-2.7884],[-60.03642,-2.77264],[-60.0365,-2.76881],[-60.03725,-2.75938],[-60.03786,-2.7577],[-60.04177,-2.75282],[-60.04236,-2.7513],[-60.04605,-2.72829],[-60.04926,-2.70316],[-60.04953,-2.69915],[-60.04885,-2.6928],[-60.04727,-2.68434],[-60.04685,-2.67887],[-60.04581,-2.67205],[-60.04399,-2.66327],[-60.04252,-2.65439],[-60.04008,-2.64275],[-60.03988,-2.63501],[-60.04003,-2.62567],[-60.03983,-2.62228],[-60.03948,-2.62212],[-60.03948,-2.62184],[-60.03941,-2.62199]]},"properties":{"id":"16745246477","date":"2025-12-14","name":"Dia 89","chapter":2,"chapter_slug":"amazonia","country":"BR","transport":"bicycle","distance_km":60.6,"elev_gain_m":927,"moving_time_s":12796,"points":132}},{"type":"Feature","geometry":{"type":"LineString","coordinates":[[-60.0395,-2.62165],[-60.0398,-2.62147],[-60.03978,-2.62039],[-60.03914,-2.60994],[-60.0389,-2.60839],[-60.0378,-2.60473],[-60.03518,-2.59436],[-60.03303,-2.5873],[-60.03241,-2.58591],[-60.02736,-2.57761],[-60.02685,-2.57595],[-60.02617,-2.57075],[-60.02621,-2.5685],[-60.02645,-2.56723],[-60.02751,-2.56404],[-60.03447,-2.55151],[-60.03518,-2.54965],[-60.03701,-2.53999],[-60.03636,-2.53098],[-60.0375,-2.51951],[-60.03626,-2.50698],[-60.03606,-2.50314],[-60.03536,-2.49886],[-60.02476,-2.44953],[-60.02493,-2.44777],[-60.03212,-2.41594],[-60.03946,-2.38225],[-60.03999,-2.38027],[-60.04043,-2.38045],[-60.04017,-2.38037],[-60.04019,-2.38023],[-60.04034,-2.3805],[-60.04029,-2.38032],[-60.04048,-2.38039],[-60.04001,-2.38035],[-60.03996,-2.38013],[-60.04091,-2.37583],[-60.0419,-2.36321],[-60.04529,-2.34586],[-60.04646,-2.33557],[-60.04751,-2.32915],[-60.04001,-2.26738],[-60.03914,-2.26167],[-60.03852,-2.26034],[-60.03031,-2.24633],[-60.02817,-2.24238],[-60.02301,-2.22374],[-60.01982,-2.21263],[-60.01942,-2.21182],[-60.01357,-2.1905],[-59.9968,-2.13297],[-59.99492,-2.12203],[-59.99424,-2.12053],[-59.99155,-2.11666],[-59.99121,-2.11561],[-59.99121,-2.11484],[-59.99196,-2.11172],[-59.99436,-2.1039],[-59.99516,-2.10182],[-59.99632,-2.10003],[-59.99657,-2.09919],[-59.99699,-2.09891],[-60.00652,-2.08272],[-60.00719,-2.08112],[-60.00823,-2.0798],[-60.01891,-2.06175],[-60.0205,-2.05895],[-60.02031,-2.05829],[-60.02032,-2.05851],[-60.02044,-2.0583],[-60.02102,-2.05816],[-60.02231,-2.05598],[-60.02259,-2.055],[-60.0234,-2.05359],[-60.02334,-2.05337],[-60.02173,-2.05234],[-60.01982,-2.0514],[-60.0197,-2.05152],[-60.01981,-2.05133],[-60.01977,-2.05146],[-60.019,-2.05113],[-60.01598,-2.04925],[-60.01443,-2.05039],[-60.01259,-2.0504],[-60.00935,-2.04958],[-60.00671,-2.04787],[-60.00548,-2.04805],[-60.00531,-2.04766],[-60.00545,-2.04762]]},"properties":{"id":"16752738188","date":"2025-12-15","name":"Dia 90","chapter":2,"chapter_slug":"amazonia","country":"BR","transport":"bicycle","distance_km":69.9,"elev_gain_m":1120,"moving_time_s":17567,"points":89}},{"type":"Feature","geometry":{"type":"LineString","coordinates":[[-60.00559,-2.04754],[-60.00572,-2.04746],[-60.00559,-2.04756],[-60.00567,-2.04797],[-60.00641,-2.04774],[-60.00693,-2.04784],[-60.00962,-2.04947],[-60.01276,-2.05021],[-60.01435,-2.05026],[-60.01593,-2.04906],[-60.01839,-2.05078],[-60.02047,-2.05157],[-60.02323,-2.0532],[-60.02387,-2.05333],[-60.02396,-2.05362],[-60.02375,-2.05409],[-60.02116,-2.05809],[-60.02057,-2.05818]]},"properties":{"id":"16753409049","date":"2025-12-15","name":"Pedalada ao entardecer","chapter":2,"chapter_slug":"amazonia","country":"BR","transport":"bicycle","distance_km":3.1,"elev_gain_m":31,"moving_time_s":971,"points":18}},{"type":"Feature","geometry":{"type":"LineString","coordinates":[[-60.02037,-2.05826],[-60.02099,-2.05819],[-60.02203,-2.05646],[-60.02229,-2.05632],[-60.02248,-2.05651],[-60.02239,-2.05633],[-60.02315,-2.0552],[-60.02541,-2.05571],[-60.02657,-2.05164],[-60.02722,-2.0521],[-60.0273,-2.052],[-60.02725,-2.05235],[-60.02782,-2.05262],[-60.02774,-2.05289],[-60.0273,-2.05278],[-60.02735,-2.05267],[-60.02717,-2.05284],[-60.02734,-2.05311],[-60.02756,-2.05301],[-60.02726,-2.05271],[-60.0286,-2.05304],[-60.02814,-2.05306],[-60.02713,-2.05264],[-60.02665,-2.05318],[-60.02719,-2.05287],[-60.02707,-2.05264],[-60.02725,-2.05219],[-60.02609,-2.05124],[-60.02618,-2.05074],[-60.02632,-2.05098],[-60.02627,-2.05075],[-60.02614,-2.05085],[-60.02633,-2.05075],[-60.02601,-2.05108],[-60.02545,-2.05071],[-60.02579,-2.04981],[-60.0255,-2.04971],[-60.02546,-2.04912],[-60.02435,-2.04823],[-60.02355,-2.04794],[-60.01773,-2.04727],[-60.01754,-2.04816],[-60.01711,-2.04863],[-60.01559,-2.04933],[-60.01446,-2.05035],[-60.01313,-2.05038],[-60.00949,-2.0496],[-60.00704,-2.04808],[-60.0063,-2.04787],[-60.00605,-2.04767],[-60.00612,-2.04735],[-60.00627,-2.04776],[-60.00715,-2.04792],[-60.00969,-2.04947],[-60.01343,-2.05023],[-60.01444,-2.05025],[-60.01573,-2.04921],[-60.01717,-2.04855],[-60.01761,-2.04736],[-60.01816,-2.04724],[-60.01799,-2.04715],[-60.02409,-2.04796],[-60.02521,-2.04877],[-60.02506,-2.0488],[-60.02515,-2.04913],[-60.02499,-2.04882],[-60.02561,-2.04898],[-60.02608,-2.04883],[-60.02622,-2.0493],[-60.02669,-2.04967],[-60.02616,-2.05125],[-60.02603,-2.05122],[-60.0265,-2.05146],[-60.02661,-2.0518],[-60.02595,-2.05401],[-60.02588,-2.05412],[-60.02634,-2.0524],[-60.02613,-2.05349],[-60.0259,-2.05412],[-60.02578,-2.05404],[-60.02599,-2.05415],[-60.02541,-2.05581],[-60.02353,-2.05537],[-60.02354,-2.05508],[-60.02315,-2.05516],[-60.02243,-2.05595],[-60.02119,-2.05802],[-60.02051,-2.05843],[-60.02045,-2.05826]]},"properties":{"id":"16763664232","date":"2025-12-16","name":"Dia 91","chapter":2,"chapter_slug":"amazonia","country":"BR","transport":"bicycle","distance_km":10.7,"elev_gain_m":162,"moving_time_s":5146,"points":89}},{"type":"Feature","geometry":{"type":"LineString","coordinates":[[-60.02061,-2.0582],[-60.02048,-2.05822],[-60.02093,-2.0583],[-60.02118,-2.0579],[-60.02237,-2.05589],[-60.02262,-2.05496],[-60.02349,-2.05347],[-60.02375,-2.05325],[-60.02398,-2.05339],[-60.02369,-2.05323],[-60.02359,-2.05269],[-60.02412,-2.05264],[-60.02485,-2.05159],[-60.02535,-2.05054],[-60.02535,-2.04974],[-60.02578,-2.04979],[-60.02622,-2.04938],[-60.02663,-2.04953],[-60.02659,-2.04991],[-60.02685,-2.05004],[-60.02672,-2.05061],[-60.02699,-2.05076],[-60.02697,-2.05107],[-60.02614,-2.05102],[-60.0265,-2.05009],[-60.02623,-2.04996],[-60.02716,-2.05015],[-60.02694,-2.05112],[-60.02752,-2.05148],[-60.02727,-2.05232],[-60.02784,-2.05264],[-60.02775,-2.05287],[-60.02718,-2.05269],[-60.02726,-2.05244],[-60.02766,-2.05269],[-60.02722,-2.05236],[-60.0274,-2.05172],[-60.02716,-2.05266],[-60.0273,-2.05278],[-60.02776,-2.05281],[-60.02828,-2.05122],[-60.02766,-2.04991],[-60.02614,-2.04932],[-60.02593,-2.04644],[-60.02564,-2.04571],[-60.0256,-2.04481],[-60.02561,-2.04231],[-60.02591,-2.04042],[-60.02593,-2.0265],[-60.02643,-1.9961],[-60.02974,-1.97748],[-60.03132,-1.96989],[-60.06939,-1.88989],[-60.07187,-1.88475],[-60.07218,-1.88461],[-60.07188,-1.88472],[-60.0807,-1.86605],[-60.08296,-1.86262],[-60.08565,-1.85959],[-60.08731,-1.85871],[-60.09434,-1.85681],[-60.09656,-1.85601],[-60.09861,-1.85437],[-60.11334,-1.83976],[-60.11774,-1.83663],[-60.1209,-1.83479],[-60.12505,-1.83324],[-60.12829,-1.83169],[-60.12938,-1.83098],[-60.14293,-1.81964],[-60.14535,-1.81589],[-60.14661,-1.80913],[-60.1462,-1.80352],[-60.14548,-1.80053],[-60.1418,-1.78811],[-60.14168,-1.78651],[-60.1439,-1.76526],[-60.14551,-1.76022],[-60.1483,-1.75465],[-60.14854,-1.75255],[-60.14844,-1.75032],[-60.14862,-1.74937],[-60.15153,-1.74133],[-60.15326,-1.73778],[-60.15418,-1.73493],[-60.15411,-1.73189],[-60.15314,-1.72156],[-60.15295,-1.71994],[-60.15243,-1.71953]]},"properties":{"id":"16772005354","date":"2025-12-17","name":"Dia 92","chapter":2,"chapter_slug":"amazonia","country":"BR","transport":"bicycle","distance_km":45.9,"elev_gain_m":471,"moving_time_s":10778,"points":89}},{"type":"Feature","geometry":{"type":"LineString","coordinates":[[-60.15291,-1.71909],[-60.15281,-1.71639],[-60.15579,-1.69619],[-60.15637,-1.69382],[-60.18061,-1.65286],[-60.20243,-1.60763],[-60.20936,-1.59377],[-60.20966,-1.59311],[-60.20973,-1.59226],[-60.20957,-1.59212],[-60.21015,-1.59218],[-60.23671,-1.53829],[-60.2378,-1.53566],[-60.23929,-1.53295],[-60.24876,-1.51357],[-60.25074,-1.50987],[-60.27161,-1.48029],[-60.27405,-1.47709],[-60.27436,-1.47635],[-60.27896,-1.46992],[-60.28908,-1.45974],[-60.29554,-1.44695],[-60.33715,-1.38809],[-60.33773,-1.38693],[-60.33767,-1.38718],[-60.33764,-1.38681],[-60.33776,-1.38694],[-60.33757,-1.38689],[-60.33792,-1.38696],[-60.33848,-1.38625],[-60.34302,-1.37966],[-60.34455,-1.37797],[-60.34713,-1.37664],[-60.34822,-1.37575],[-60.35073,-1.37201],[-60.35214,-1.37044],[-60.35343,-1.36961],[-60.35775,-1.36779],[-60.35932,-1.36622],[-60.35993,-1.36492],[-60.36019,-1.36357],[-60.35995,-1.35748],[-60.36006,-1.35656],[-60.36055,-1.35512],[-60.36135,-1.354],[-60.37395,-1.34113],[-60.37782,-1.33452],[-60.37856,-1.33269],[-60.3802,-1.33053],[-60.38787,-1.31739],[-60.38818,-1.31677],[-60.38814,-1.31624],[-60.3879,-1.31636],[-60.38838,-1.31648],[-60.3941,-1.30679],[-60.39933,-1.30063],[-60.39946,-1.30018],[-60.39926,-1.30003],[-60.3998,-1.30011],[-60.40492,-1.29391],[-60.40565,-1.2919],[-60.40578,-1.29111],[-60.40562,-1.29053]]},"properties":{"id":"16779212746","date":"2025-12-18","name":"Dia 93","chapter":2,"chapter_slug":"amazonia","country":"BR","transport":"bicycle","distance_km":56.9,"elev_gain_m":260,"moving_time_s":11848,"points":63}},{"type":"Feature","geometry":{"type":"LineString","coordinates":[[-60.40607,-1.28964],[-60.40828,-1.27746],[-60.4065,-1.2656],[-60.40627,-1.26057],[-60.40934,-1.25011],[-60.41024,-1.24617],[-60.41103,-1.24458],[-60.42143,-1.23173],[-60.42273,-1.22983],[-60.43357,-1.20124],[-60.43833,-1.17338],[-60.44528,-1.13611],[-60.44601,-1.13422],[-60.45552,-1.11701],[-60.45888,-1.11023],[-60.46225,-1.08796],[-60.47403,-1.05072],[-60.48429,-1.0159],[-60.49464,-0.97959],[-60.5051,-0.9451],[-60.51246,-0.92147],[-60.52002,-0.89844],[-60.52014,-0.89649],[-60.51401,-0.86999],[-60.51389,-0.86848],[-60.51407,-0.8676],[-60.51749,-0.86273],[-60.52254,-0.85617],[-60.52374,-0.85363],[-60.52802,-0.8393],[-60.53588,-0.81457],[-60.53629,-0.81272],[-60.53785,-0.80842],[-60.53818,-0.80681],[-60.54908,-0.77233],[-60.56362,-0.7375],[-60.57692,-0.70656],[-60.58913,-0.67023],[-60.59704,-0.64748],[-60.60594,-0.61241],[-60.60713,-0.60837],[-60.62871,-0.55591],[-60.64454,-0.50705],[-60.65574,-0.47754],[-60.67652,-0.41978],[-60.68131,-0.39163],[-60.68264,-0.38339],[-60.68286,-0.38097],[-60.68522,-0.36757],[-60.68806,-0.34973],[-60.68845,-0.34546],[-60.68997,-0.32396],[-60.68799,-0.31259],[-60.68798,-0.31016],[-60.68877,-0.30128],[-60.69153,-0.29485],[-60.6923,-0.2926],[-60.69341,-0.27734],[-60.69011,-0.25905],[-60.69219,-0.22581],[-60.69173,-0.22461],[-60.69183,-0.22379],[-60.69237,-0.22281],[-60.69231,-0.22176],[-60.69194,-0.22087]]},"properties":{"id":"16787691879","date":"2025-12-19","name":"Dia 94","chapter":2,"chapter_slug":"amazonia","country":"BR","transport":"bicycle","distance_km":125.3,"elev_gain_m":509,"moving_time_s":25821,"points":65}},{"type":"Feature","geometry":{"type":"LineString","coordinates":[[-60.69186,-0.22108],[-60.69235,-0.22188],[-60.69239,-0.22259],[-60.69176,-0.22454],[-60.69235,-0.22281],[-60.69227,-0.22095],[-60.69272,-0.21181],[-60.69327,-0.21145],[-60.69341,-0.21086],[-60.69351,-0.2084],[-60.69303,-0.20698],[-60.69313,-0.20357],[-60.68981,-0.19071],[-60.68735,-0.18024],[-60.68469,-0.16275],[-60.68559,-0.13857],[-60.68595,-0.13425],[-60.69243,-0.11801],[-60.69727,-0.11015],[-60.69805,-0.10792],[-60.69842,-0.09773],[-60.6994,-0.08119],[-60.69901,-0.07934],[-60.69654,-0.07268],[-60.68587,-0.04503],[-60.68071,-0.03193],[-60.67984,-0.03015],[-60.67853,-0.02863],[-60.667,-0.02272],[-60.66776,-0.02312],[-60.66735,-0.02306],[-60.66568,-0.02183],[-60.65104,-0.00265],[-60.64918,0.0001],[-60.64954,-0.00037],[-60.64955,-0.0001],[-60.64897,0.00021],[-60.64869,0.00068],[-60.64258,0.02076],[-60.64235,0.02186],[-60.64251,0.02232],[-60.64263,0.02228],[-60.64256,0.02217],[-60.642,0.02254],[-60.63406,0.04895],[-60.63345,0.05026],[-60.63225,0.05164],[-60.61769,0.0643],[-60.61055,0.0718],[-60.60933,0.07412],[-60.60361,0.08738],[-60.60291,0.08854],[-60.58147,0.11343],[-60.56998,0.13037],[-60.56086,0.13963],[-60.54312,0.16563],[-60.54254,0.16693],[-60.52972,0.20994],[-60.52293,0.23129],[-60.52226,0.2319]]},"properties":{"id":"16797291061","date":"2025-12-20","name":"Dia 95","chapter":2,"chapter_slug":"amazonia","country":"BR","transport":"bicycle","distance_km":58.6,"elev_gain_m":200,"moving_time_s":13088,"points":60}},{"type":"Feature","geometry":{"type":"LineString","coordinates":[[-60.52248,0.23188],[-60.52264,0.23235],[-60.51662,0.25123],[-60.51615,0.25338],[-60.52013,0.28647],[-60.52156,0.29205],[-60.52135,0.29756],[-60.52381,0.32279],[-60.52398,0.3252],[-60.52381,0.32656],[-60.51636,0.34397],[-60.51467,0.35125],[-60.51396,0.35241],[-60.50752,0.35924],[-60.50651,0.36075],[-60.47402,0.43555],[-60.47317,0.43815],[-60.46401,0.533],[-60.46115,0.56522],[-60.46131,0.57992],[-60.46118,0.58015],[-60.46064,0.58008],[-60.46131,0.58045],[-60.46137,0.58462],[-60.46125,0.58466],[-60.46177,0.58494],[-60.46139,0.58539],[-60.46165,0.60653],[-60.44877,0.67374],[-60.44403,0.69958],[-60.44411,0.70092],[-60.44445,0.70208],[-60.45768,0.73234],[-60.45808,0.73395],[-60.4581,0.73525],[-60.45415,0.77111],[-60.44937,0.7886],[-60.44333,0.8093],[-60.43795,0.83595],[-60.43735,0.84278],[-60.43635,0.84681],[-60.43646,0.85198],[-60.43381,0.88014],[-60.4332,0.89616],[-60.43284,0.8994],[-60.43295,0.90195],[-60.4323,0.91827],[-60.43206,0.91978],[-60.43078,0.9235],[-60.43062,0.92374],[-60.43016,0.92374],[-60.43021,0.924],[-60.43009,0.92359],[-60.42991,0.92365],[-60.42983,0.92382],[-60.43034,0.92402],[-60.42979,0.92369],[-60.4301,0.9236],[-60.43009,0.92387],[-60.42986,0.92392],[-60.42991,0.9238],[-60.4301,0.92405],[-60.43,0.92396]]},"properties":{"id":"16805997917","date":"2025-12-21","name":"Dia 96","chapter":2,"chapter_slug":"amazonia","country":"BR","transport":"bicycle","distance_km":80.3,"elev_gain_m":376,"moving_time_s":17536,"points":63}},{"type":"Feature","geometry":{"type":"LineString","coordinates":[[-60.42955,0.92722],[-60.42725,0.93392],[-60.42745,0.93432],[-60.42687,0.93606],[-60.42746,0.93644],[-60.43024,0.9374],[-60.43064,0.93743],[-60.43079,0.93725],[-60.43056,0.93727],[-60.4308,0.93713],[-60.43055,0.93744],[-60.42683,0.93614],[-60.4264,0.93639],[-60.42369,0.94437],[-60.42297,0.94453],[-60.42339,0.94523],[-60.42143,0.95081],[-60.4054,0.98094],[-60.40392,0.99571],[-60.40432,0.99972],[-60.40334,1.01233],[-60.40292,1.01431],[-60.40204,1.01583],[-60.39905,1.01959],[-60.39458,1.02294],[-60.39358,1.02398],[-60.39008,1.03038],[-60.38417,1.03819],[-60.38351,1.04038],[-60.3824,1.05289],[-60.38199,1.05367],[-60.3823,1.05394],[-60.38064,1.07283],[-60.38082,1.07481],[-60.38154,1.07692],[-60.38251,1.0789],[-60.39705,1.11853],[-60.40896,1.15696],[-60.40955,1.15942],[-60.40955,1.16123],[-60.40728,1.18366],[-60.4025,1.20707],[-60.40174,1.20885],[-60.4004,1.21032],[-60.38838,1.21822],[-60.38707,1.21978],[-60.38727,1.22079],[-60.38705,1.22066],[-60.38619,1.22142],[-60.38547,1.22258],[-60.38455,1.22325],[-60.38446,1.22418],[-60.38419,1.22401],[-60.38449,1.22417],[-60.38453,1.22385],[-60.38511,1.22394],[-60.38539,1.22366],[-60.38549,1.22274],[-60.38628,1.22118],[-60.38606,1.22092],[-60.38597,1.22108],[-60.38595,1.22087],[-60.38635,1.22107],[-60.38636,1.22127],[-60.38714,1.22076],[-60.38734,1.22083],[-60.3862,1.22149],[-60.38548,1.22257],[-60.38459,1.2232],[-60.38449,1.22448],[-60.38422,1.22505],[-60.38018,1.23246],[-60.38001,1.23241],[-60.38008,1.23265],[-60.37781,1.23686],[-60.34373,1.29958],[-60.34338,1.30069],[-60.34337,1.30366],[-60.34318,1.30463],[-60.33748,1.31396],[-60.33664,1.32081],[-60.33685,1.3259],[-60.33576,1.35472],[-60.33554,1.35595],[-60.33604,1.35735],[-60.3363,1.35927],[-60.33536,1.3617],[-60.33472,1.37455],[-60.33437,1.37698],[-60.33458,1.38079],[-60.33391,1.39533],[-60.33325,1.40181],[-60.33343,1.4067],[-60.33107,1.46259],[-60.33065,1.46432],[-60.3277,1.46913],[-60.32735,1.47043],[-60.32755,1.47155],[-60.33002,1.47641],[-60.33037,1.4776],[-60.33039,1.47882],[-60.33061,1.47885],[-60.33032,1.4792],[-60.33033,1.48531],[-60.33082,1.49249],[-60.33375,1.55886],[-60.33434,1.5604],[-60.34344,1.57759],[-60.36209,1.61378],[-60.36276,1.61561],[-60.3646,1.6185],[-60.36729,1.62385],[-60.37065,1.63172],[-60.37137,1.64005],[-60.37159,1.64088],[-60.37208,1.64156],[-60.37633,1.64502],[-60.37743,1.64727],[-60.37784,1.64739]]},"properties":{"id":"16815833851","date":"2025-12-22","name":"Dia 97","chapter":2,"chapter_slug":"amazonia","country":"BR","transport":"bicycle","distance_km":89,"elev_gain_m":365,"moving_time_s":19937,"points":119}},{"type":"Feature","geometry":{"type":"LineString","coordinates":[[-60.37762,1.64729],[-60.37751,1.64736],[-60.37789,1.64843],[-60.39073,1.67813],[-60.39265,1.68026],[-60.39301,1.6835],[-60.39454,1.68694],[-60.39524,1.68786],[-60.3991,1.69066],[-60.47073,1.72023],[-60.47165,1.72079],[-60.47806,1.72591],[-60.47888,1.72627],[-60.48297,1.72698],[-60.4835,1.72752],[-60.4837,1.72821],[-60.48364,1.7288],[-60.48339,1.72892],[-60.48352,1.72915],[-60.48337,1.72896],[-60.48352,1.72915],[-60.48343,1.7289],[-60.48357,1.72894],[-60.48307,1.73059],[-60.48318,1.73131],[-60.4836,1.73197],[-60.48856,1.73431],[-60.49764,1.74141],[-60.50123,1.74448],[-60.50205,1.74472],[-60.50213,1.74518],[-60.50256,1.74556],[-60.52122,1.76064],[-60.52386,1.76491],[-60.52967,1.77514],[-60.52981,1.77499],[-60.52992,1.77509],[-60.52981,1.77523],[-60.52986,1.77493],[-60.52975,1.77511],[-60.52955,1.77483],[-60.53945,1.79216],[-60.54001,1.79379],[-60.54201,1.79672],[-60.54373,1.79967],[-60.58015,1.86338],[-60.58111,1.86508],[-60.58093,1.86526],[-60.58119,1.86475],[-60.58105,1.86482],[-60.58125,1.86534],[-60.59303,1.8858],[-60.5938,1.88818],[-60.59541,1.88996],[-60.60123,1.89995],[-60.6037,1.90225],[-60.60455,1.9033],[-60.6052,1.90479],[-60.60593,1.90819],[-60.61277,1.91922],[-60.6138,1.92338],[-60.6144,1.92419],[-60.61679,1.92583],[-60.61729,1.92643],[-60.67216,2.0145],[-60.6724,2.01539],[-60.67213,2.01652],[-60.66469,2.0298],[-60.66314,2.03338],[-60.66189,2.03517],[-60.65548,2.04859],[-60.64939,2.05723],[-60.64391,2.0661],[-60.64299,2.0672],[-60.63847,2.07405],[-60.63749,2.07522],[-60.63696,2.07639],[-60.61538,2.11187],[-60.61592,2.11235],[-60.63411,2.12313],[-60.66233,2.14039],[-60.66344,2.1408],[-60.66739,2.14087],[-60.66871,2.14141],[-60.66944,2.14202],[-60.67285,2.14618],[-60.6739,2.14708],[-60.70089,2.16277],[-60.70824,2.16725],[-60.70981,2.16842],[-60.71088,2.16991],[-60.71126,2.1712],[-60.71137,2.17237],[-60.71113,2.17384],[-60.71054,2.17514],[-60.67472,2.23365],[-60.67473,2.23394],[-60.67558,2.23451],[-60.67478,2.23385],[-60.67515,2.23325],[-60.67613,2.23387],[-60.67603,2.23416],[-60.67611,2.23393],[-60.67587,2.23361],[-60.67512,2.23332]]},"properties":{"id":"16823956992","date":"2025-12-23","name":"Dia 98","chapter":2,"chapter_slug":"amazonia","country":"BR","transport":"bicycle","distance_km":89.6,"elev_gain_m":336,"moving_time_s":20076,"points":105}},{"type":"Feature","geometry":{"type":"LineString","coordinates":[[-60.67509,2.23326],[-60.67475,2.2338],[-60.67485,2.234],[-60.6813,2.23792],[-60.68444,2.24101],[-60.68554,2.2416],[-60.6887,2.24263],[-60.69012,2.24328],[-60.71932,2.26193],[-60.72042,2.26285],[-60.71743,2.26756],[-60.71531,2.26969],[-60.71415,2.2714],[-60.71214,2.27601],[-60.70571,2.28617],[-60.7041,2.29218],[-60.70164,2.29518],[-60.69962,2.29627],[-60.69888,2.29696],[-60.68835,2.31392],[-60.68807,2.31462],[-60.68799,2.31632],[-60.69133,2.33807],[-60.6903,2.34901],[-60.6882,2.35891],[-60.68519,2.36742],[-60.68468,2.36963],[-60.68373,2.37914],[-60.68426,2.38924],[-60.68416,2.39047],[-60.68346,2.39177],[-60.67422,2.40392],[-60.67355,2.41104],[-60.67356,2.41195],[-60.67417,2.4149],[-60.67389,2.41636],[-60.67298,2.41758],[-60.66873,2.42075],[-60.66502,2.4238],[-60.64605,2.4397],[-60.64539,2.44043],[-60.64489,2.44156],[-60.64382,2.44766],[-60.639,2.46937],[-60.63837,2.47048],[-60.63529,2.47401],[-60.63475,2.47519],[-60.63477,2.47737],[-60.63867,2.53736],[-60.63717,2.54524],[-60.63526,2.55317],[-60.63477,2.55618],[-60.63447,2.55986],[-60.6356,2.56617],[-60.63561,2.56706],[-60.63525,2.56895],[-60.63555,2.57097],[-60.63535,2.57159],[-60.63457,2.57252],[-60.63441,2.57312],[-60.63479,2.57408],[-60.6403,2.58299],[-60.64012,2.58279],[-60.6404,2.58348],[-60.63376,2.5866],[-60.63126,2.58821],[-60.62885,2.58894],[-60.62555,2.59106],[-60.62389,2.59247],[-60.62245,2.59483],[-60.62119,2.596],[-60.61907,2.59787],[-60.61753,2.59868],[-60.61458,2.60066],[-60.61227,2.60309],[-60.61154,2.60319],[-60.60986,2.60225],[-60.60682,2.6013],[-60.60501,2.60126],[-60.60357,2.60173],[-60.60237,2.60237],[-60.59859,2.60484],[-60.5975,2.60608],[-60.59724,2.60597],[-60.59739,2.60559],[-60.59716,2.60985],[-60.59693,2.61023],[-60.59543,2.61135],[-60.59519,2.61174],[-60.59555,2.61791],[-60.59513,2.61948],[-60.59393,2.62168],[-60.59369,2.62251],[-60.59397,2.62616],[-60.59314,2.63139],[-60.59237,2.63322],[-60.5919,2.63507],[-60.59174,2.6383],[-60.592,2.64216],[-60.59052,2.65006],[-60.59059,2.65404],[-60.5911,2.6575],[-60.59082,2.66318],[-60.59329,2.6682],[-60.59497,2.67214],[-60.59522,2.67331],[-60.59534,2.67724],[-60.59561,2.67824],[-60.59656,2.67993],[-60.60155,2.68518],[-60.60796,2.69691],[-60.61014,2.72707],[-60.60832,2.73726],[-60.60965,2.80917],[-60.61016,2.81026],[-60.61102,2.81067],[-60.61102,2.81104],[-60.61125,2.81114],[-60.63524,2.79775],[-60.63763,2.79597],[-60.64599,2.78773],[-60.64809,2.78665],[-60.65039,2.78624],[-60.65228,2.78644],[-60.65405,2.78713],[-60.68071,2.80157],[-60.6808,2.80214],[-60.67941,2.80381],[-60.69011,2.81331],[-60.69172,2.81163],[-60.69176,2.81096],[-60.69127,2.8088],[-60.6941,2.80973],[-60.69428,2.81047],[-60.69508,2.81011],[-60.69496,2.81028],[-60.69515,2.81088],[-60.69368,2.81148],[-60.69398,2.81255],[-60.69322,2.81297],[-60.67396,2.82045],[-60.67363,2.82044],[-60.6727,2.8196],[-60.67215,2.82058],[-60.67191,2.82072],[-60.67177,2.82059],[-60.67141,2.82114],[-60.67142,2.82143],[-60.6718,2.82182],[-60.67173,2.822],[-60.64866,2.8485],[-60.64896,2.84845],[-60.65176,2.84531],[-60.65621,2.84926],[-60.65688,2.8494]]},"properties":{"id":"16832818635","date":"2025-12-24","name":"Dia 99","chapter":2,"chapter_slug":"amazonia","country":"BR","transport":"bicycle","distance_km":96.1,"elev_gain_m":351,"moving_time_s":20896,"points":155}},{"type":"Feature","geometry":{"type":"LineString","coordinates":[[-60.65673,2.84946],[-60.65654,2.84912],[-60.65949,2.84576],[-60.66186,2.84706],[-60.66254,2.84646],[-60.66919,2.84301],[-60.69636,2.82797],[-60.69731,2.82739],[-60.69748,2.82689],[-60.69768,2.82697],[-60.69736,2.82676],[-60.69699,2.82584],[-60.70011,2.82576],[-60.70023,2.8256],[-60.70004,2.82491],[-60.71936,2.82879],[-60.72594,2.83005],[-60.72608,2.82991]]},"properties":{"id":"16854605963","date":"2025-12-27","name":"Dia 102","chapter":2,"chapter_slug":"amazonia","country":"BR","transport":"bicycle","distance_km":9.1,"elev_gain_m":5,"moving_time_s":1843,"points":18}},{"type":"Feature","geometry":{"type":"LineString","coordinates":[[-60.65693,2.8487],[-60.6595,2.84577],[-60.66187,2.84703],[-60.66302,2.84618],[-60.67126,2.84185],[-60.6972,2.82748],[-60.69811,2.82918],[-60.70077,2.83604],[-60.70792,2.83369],[-60.70843,2.83372],[-60.71139,2.83945],[-60.70499,2.84889],[-60.70424,2.85033],[-60.69875,2.85859],[-60.69657,2.86724],[-60.69816,2.87718],[-60.69766,2.87766],[-60.69766,2.87813],[-60.69771,2.87751],[-60.69798,2.87726],[-60.69762,2.87797],[-60.6978,2.87819],[-60.69766,2.87805],[-60.69737,2.87843],[-60.69761,2.87892],[-60.69753,2.87816],[-60.6977,2.87773],[-60.69825,2.87811],[-60.69959,2.88492],[-60.71373,2.92713],[-60.71793,2.94044],[-60.71904,2.94222],[-60.74437,2.97101],[-60.76476,3.00922],[-60.77742,3.02241],[-60.77764,3.02223],[-60.7779,3.02287],[-60.77979,3.0248],[-60.78061,3.02595],[-60.79565,3.05124],[-60.81846,3.09722],[-60.81901,3.09807],[-60.81953,3.09823],[-60.81932,3.09857],[-60.81936,3.09898],[-60.8256,3.11162],[-60.83275,3.14014],[-60.8328,3.1417],[-60.83093,3.16811],[-60.84229,3.24845],[-60.84443,3.26239],[-60.87276,3.35461],[-60.87871,3.37351],[-60.89266,3.41601],[-60.89386,3.41834],[-60.90599,3.4343],[-60.90682,3.43604],[-60.91485,3.49167],[-60.92236,3.5175],[-60.92885,3.53906],[-60.94032,3.56233],[-60.9608,3.6023],[-60.96446,3.61396],[-60.97287,3.64376],[-60.97355,3.64439],[-60.97322,3.64502],[-60.9736,3.64637],[-60.97349,3.64697],[-60.97366,3.64739],[-60.97394,3.64753],[-60.97404,3.6469],[-60.97348,3.64385],[-60.97342,3.64422],[-60.9739,3.64481],[-60.97346,3.64426],[-60.97352,3.64396],[-60.97347,3.64407]]},"properties":{"id":"16888278598","date":"2025-12-30","name":"Dia 105","chapter":2,"chapter_slug":"amazonia","country":"BR","transport":"bicycle","distance_km":107.1,"elev_gain_m":292,"moving_time_s":21275,"points":77}},{"type":"Feature","geometry":{"type":"LineString","coordinates":[[-60.97514,3.64449],[-61.01135,3.6468],[-61.07001,3.64833],[-61.07117,3.64851],[-61.13423,3.66851],[-61.21998,3.70789],[-61.22186,3.70815],[-61.22166,3.70821],[-61.22202,3.7076],[-61.2394,3.69497],[-61.24271,3.69324],[-61.25268,3.68598],[-61.27654,3.675],[-61.27842,3.67473],[-61.29661,3.6736],[-61.29738,3.67389],[-61.3057,3.67866],[-61.3091,3.68021],[-61.31038,3.68033],[-61.31664,3.67862],[-61.31935,3.67864],[-61.32628,3.67769],[-61.34782,3.67333],[-61.35847,3.66516],[-61.36358,3.6598],[-61.37045,3.6549],[-61.37123,3.65453],[-61.39371,3.6571],[-61.3968,3.65731],[-61.41738,3.6546],[-61.41747,3.65498],[-61.41751,3.65456],[-61.41822,3.65449],[-61.41827,3.65463],[-61.41837,3.65443],[-61.42065,3.65412],[-61.43574,3.65035],[-61.43655,3.65038],[-61.44102,3.65135],[-61.44197,3.65139],[-61.44529,3.65036],[-61.46511,3.64642],[-61.46646,3.64598],[-61.48225,3.63813],[-61.49193,3.63208],[-61.5012,3.62549],[-61.52336,3.61418],[-61.52542,3.61338],[-61.52709,3.61324],[-61.54561,3.61489],[-61.55919,3.61458],[-61.56306,3.61608],[-61.57459,3.61714],[-61.585,3.61845],[-61.58447,3.61873],[-61.58504,3.61842],[-61.59414,3.61882],[-61.59654,3.61857],[-61.59772,3.61891],[-61.59898,3.619],[-61.64411,3.62051],[-61.64669,3.62147],[-61.65561,3.62546],[-61.65719,3.62632],[-61.658,3.62725],[-61.66306,3.63504],[-61.66413,3.63613],[-61.67453,3.64201],[-61.67482,3.642],[-61.67606,3.6429],[-61.6817,3.646],[-61.68547,3.65034],[-61.69031,3.65334],[-61.69375,3.65631],[-61.69419,3.65968],[-61.69579,3.66366],[-61.69594,3.66474],[-61.6959,3.66709],[-61.69486,3.67303],[-61.69598,3.67496],[-61.69769,3.6764],[-61.69802,3.67705],[-61.69761,3.67891],[-61.69648,3.68129],[-61.69658,3.68251],[-61.69729,3.68451],[-61.6967,3.68677],[-61.6969,3.68818],[-61.69757,3.68913],[-61.69801,3.68942],[-61.69999,3.68998],[-61.70149,3.68988],[-61.70198,3.69008],[-61.70334,3.69135],[-61.70503,3.69434],[-61.70638,3.69563],[-61.70737,3.69599],[-61.70928,3.69618],[-61.71001,3.69674],[-61.7111,3.69706],[-61.71235,3.69884],[-61.71328,3.69947],[-61.71411,3.70206],[-61.71521,3.70295],[-61.71584,3.70377],[-61.71616,3.70527],[-61.71566,3.70678],[-61.7162,3.70821],[-61.71636,3.71086],[-61.71622,3.71331],[-61.71677,3.71685],[-61.7173,3.71864],[-61.71795,3.72316],[-61.72036,3.72546],[-61.72122,3.72598],[-61.72235,3.7273],[-61.72288,3.72902],[-61.72333,3.72965],[-61.72348,3.73103],[-61.72427,3.73206],[-61.72467,3.73304],[-61.72493,3.73471],[-61.72596,3.73591],[-61.72661,3.73712],[-61.72831,3.73876],[-61.72931,3.7381],[-61.72991,3.73823],[-61.73067,3.73802],[-61.73126,3.73877],[-61.73111,3.73907],[-61.73032,3.7396],[-61.72995,3.74033],[-61.72978,3.74146],[-61.73018,3.74214],[-61.7293,3.74347],[-61.7293,3.74513],[-61.72856,3.74522],[-61.72778,3.74596],[-61.72736,3.74596],[-61.72664,3.74552],[-61.72629,3.74588]]},"properties":{"id":"16898515330","date":"2025-12-31","name":"Dia 106","chapter":2,"chapter_slug":"amazonia","country":"BR","transport":"bicycle","distance_km":99.1,"elev_gain_m":895,"moving_time_s":22340,"points":141}},{"type":"Feature","geometry":{"type":"LineString","coordinates":[[-61.73297,3.77778],[-61.72921,3.78103],[-61.7249,3.78151],[-61.72291,3.78085],[-61.72194,3.7797],[-61.72176,3.77904],[-61.72232,3.77649],[-61.72169,3.77268],[-61.72293,3.76871],[-61.72312,3.76719],[-61.72295,3.7665],[-61.72334,3.7659],[-61.72344,3.7652],[-61.7232,3.76346],[-61.72205,3.7634],[-61.72146,3.76311],[-61.7216,3.76231],[-61.72135,3.76191],[-61.7216,3.76213],[-61.72191,3.76191],[-61.7222,3.76145],[-61.72212,3.76093],[-61.722,3.76106],[-61.72221,3.76143],[-61.72161,3.76213],[-61.72144,3.7631],[-61.72225,3.76345],[-61.72317,3.76348],[-61.72344,3.76516],[-61.72335,3.76586],[-61.72298,3.76645],[-61.72315,3.76734],[-61.72291,3.76873],[-61.72171,3.77261],[-61.72234,3.77649],[-61.72174,3.77902],[-61.722,3.77979],[-61.72291,3.78088],[-61.72502,3.78153],[-61.7265,3.78137],[-61.72654,3.78116],[-61.72701,3.78132],[-61.7293,3.78101],[-61.72964,3.78122],[-61.72956,3.78084],[-61.73296,3.77777],[-61.73316,3.77814],[-61.73302,3.77796]]},"properties":{"id":"16916778337","date":"2026-01-02","name":"Dia 108","chapter":2,"chapter_slug":"amazonia","country":"BR","transport":"bicycle","distance_km":8.3,"elev_gain_m":141,"moving_time_s":3120,"points":48}},{"type":"Feature","geometry":{"type":"LineString","coordinates":[[-61.72974,3.78131],[-61.73088,3.78264],[-61.73269,3.78399],[-61.73282,3.7843],[-61.7327,3.78524],[-61.73233,3.78646],[-61.73158,3.78689],[-61.73012,3.78724],[-61.72935,3.78772],[-61.72876,3.78838],[-61.7277,3.78894],[-61.72592,3.7892],[-61.7243,3.79012],[-61.72302,3.79053],[-61.72263,3.79091],[-61.72317,3.79277],[-61.72303,3.7947],[-61.7247,3.7982],[-61.72567,3.79859],[-61.7269,3.79981],[-61.72748,3.79994],[-61.72874,3.79924],[-61.73074,3.79864],[-61.73329,3.79754],[-61.73516,3.80001],[-61.73635,3.80066],[-61.73725,3.80219],[-61.73849,3.80208],[-61.74013,3.80116],[-61.74067,3.8011],[-61.74103,3.8013],[-61.74138,3.80246],[-61.74191,3.80336],[-61.74475,3.80335],[-61.74495,3.80381],[-61.74453,3.80335],[-61.74279,3.8035],[-61.74186,3.80337],[-61.74108,3.80137],[-61.74066,3.80111],[-61.74019,3.80118],[-61.7385,3.80212],[-61.73723,3.80221],[-61.73636,3.80067],[-61.73519,3.80006],[-61.73333,3.79757],[-61.7288,3.79923],[-61.72749,3.79999],[-61.72686,3.7998],[-61.72561,3.79855],[-61.72474,3.79825],[-61.72304,3.79472],[-61.72318,3.79255],[-61.72271,3.79083],[-61.72609,3.7892],[-61.72748,3.78906],[-61.72837,3.78865],[-61.7302,3.78722],[-61.73219,3.78665],[-61.73257,3.7858],[-61.73283,3.78439],[-61.73266,3.78392],[-61.73104,3.78278],[-61.72975,3.7813],[-61.72955,3.78149]]},"properties":{"id":"16949871734","date":"2026-01-05","name":"Dia 111","chapter":2,"chapter_slug":"amazonia","country":"BR","transport":"bicycle","distance_km":11.4,"elev_gain_m":221,"moving_time_s":3107,"points":65}},{"type":"Feature","geometry":{"type":"LineString","coordinates":[[-61.7295,3.78145],[-61.72971,3.78129],[-61.72949,3.78093],[-61.73641,3.77457],[-61.73966,3.7705],[-61.74033,3.77011],[-61.74158,3.76981],[-61.74497,3.76635],[-61.74903,3.76434],[-61.74936,3.76465],[-61.74943,3.76621],[-61.74959,3.7665],[-61.75239,3.76611],[-61.75425,3.76527],[-61.75491,3.76462],[-61.75511,3.76379],[-61.7548,3.76381],[-61.7549,3.76358],[-61.75405,3.76304],[-61.75396,3.76259],[-61.75421,3.76213],[-61.75452,3.76195],[-61.75515,3.76233],[-61.75543,3.76215],[-61.75626,3.7624],[-61.75586,3.76231],[-61.75584,3.76244],[-61.75595,3.76231],[-61.75628,3.76255],[-61.75618,3.76224],[-61.75632,3.7626],[-61.75604,3.76263],[-61.75657,3.76273],[-61.75703,3.76317],[-61.75733,3.76289],[-61.75731,3.76323],[-61.75739,3.76283],[-61.75706,3.76257],[-61.75735,3.7628],[-61.75744,3.76231],[-61.7572,3.76217],[-61.75739,3.76252],[-61.75704,3.76321],[-61.7565,3.763],[-61.75623,3.76244],[-61.75533,3.76212],[-61.75516,3.76236],[-61.75469,3.76225],[-61.75403,3.76133],[-61.75399,3.76078],[-61.75349,3.7604],[-61.75364,3.75991],[-61.75387,3.7598],[-61.75361,3.75984],[-61.75355,3.75958],[-61.75323,3.75936],[-61.7531,3.75909],[-61.75324,3.7589],[-61.75312,3.75956],[-61.75396,3.76073],[-61.75403,3.76128],[-61.75445,3.76197],[-61.75418,3.7621],[-61.75395,3.76284],[-61.75487,3.76355],[-61.75482,3.76381],[-61.75507,3.76387],[-61.75488,3.76463],[-61.7545,3.76508],[-61.75221,3.76613],[-61.74959,3.76649],[-61.74945,3.76635],[-61.74935,3.76462],[-61.74895,3.76433],[-61.74581,3.76585],[-61.7448,3.76649],[-61.74154,3.76982],[-61.74023,3.77013],[-61.73967,3.77046],[-61.73653,3.77441],[-61.7296,3.78085],[-61.72969,3.78129],[-61.72962,3.78154],[-61.7296,3.78133],[-61.7295,3.78146],[-61.72962,3.78129],[-61.72949,3.78147],[-61.72957,3.78131],[-61.72965,3.78154],[-61.7295,3.78085],[-61.73335,3.7772],[-61.73049,3.77976],[-61.7295,3.7808],[-61.7295,3.78103],[-61.72671,3.7813],[-61.72657,3.78103],[-61.72669,3.78125],[-61.72701,3.78131],[-61.72931,3.78101],[-61.72962,3.78124],[-61.72948,3.78102],[-61.72944,3.78133],[-61.72952,3.78115],[-61.72965,3.78129],[-61.7295,3.78172],[-61.72961,3.78149],[-61.7294,3.78158],[-61.72968,3.78121],[-61.7293,3.78087],[-61.72895,3.78108],[-61.72532,3.78155],[-61.72447,3.78139]]},"properties":{"id":"16974183259","date":"2026-01-06","name":"Dia 112","chapter":2,"chapter_slug":"amazonia","country":"BR","transport":"bicycle","distance_km":15,"elev_gain_m":462,"moving_time_s":18404,"points":112}},{"type":"Feature","geometry":{"type":"LineString","coordinates":[[-61.73321,3.77745],[-61.72921,3.78099],[-61.72666,3.78128],[-61.72661,3.78111],[-61.72645,3.78131],[-61.72487,3.78143],[-61.72287,3.78079],[-61.72193,3.77969],[-61.72173,3.77907],[-61.72234,3.77637],[-61.7217,3.77259],[-61.72293,3.76868],[-61.72316,3.76729],[-61.72297,3.76647],[-61.72336,3.76585],[-61.72345,3.76511],[-61.72321,3.76343],[-61.72216,3.76335],[-61.72148,3.76305],[-61.7216,3.76211],[-61.72223,3.76144],[-61.72206,3.76095],[-61.7222,3.76135],[-61.72163,3.76203],[-61.72142,3.76305],[-61.72226,3.76338],[-61.72317,3.7634],[-61.72344,3.76518],[-61.72333,3.76581],[-61.72297,3.76634],[-61.72313,3.76723],[-61.7229,3.76867],[-61.72171,3.77248],[-61.72206,3.77483],[-61.72069,3.77542],[-61.71978,3.77556],[-61.71907,3.77532],[-61.71814,3.77536],[-61.7176,3.77563],[-61.71772,3.77637],[-61.7171,3.77726],[-61.71717,3.7777],[-61.71695,3.7782],[-61.71713,3.77871],[-61.71693,3.77936],[-61.71645,3.78062],[-61.715,3.78217],[-61.715,3.78335],[-61.71419,3.78484],[-61.71442,3.78574],[-61.71424,3.78549],[-61.7144,3.78571],[-61.71422,3.78541],[-61.71423,3.78471],[-61.71523,3.78309],[-61.71703,3.78211],[-61.71824,3.78115],[-61.71843,3.78075],[-61.71867,3.78089],[-61.71996,3.78085],[-61.72212,3.78002],[-61.72292,3.78089],[-61.72502,3.78154],[-61.72935,3.78098],[-61.73324,3.77744],[-61.72964,3.78078],[-61.72955,3.78151],[-61.72939,3.7814],[-61.72952,3.78147]]},"properties":{"id":"16984776589","date":"2026-01-08","name":"Dia 114","chapter":2,"chapter_slug":"amazonia","country":"BR","transport":"bicycle","distance_km":11.1,"elev_gain_m":159,"moving_time_s":5910,"points":69}},{"type":"Feature","geometry":{"type":"LineString","coordinates":[[-61.73279,3.77786],[-61.7294,3.78093],[-61.72864,3.78106],[-61.72495,3.78147],[-61.72286,3.7808],[-61.72178,3.77933],[-61.72237,3.77647],[-61.72172,3.77266],[-61.72297,3.76857],[-61.72316,3.76723],[-61.72301,3.76639],[-61.72336,3.76588],[-61.72345,3.76524],[-61.72325,3.76353],[-61.72155,3.76318],[-61.72158,3.7621],[-61.72091,3.76157],[-61.71959,3.76179],[-61.7188,3.76146],[-61.71867,3.75996],[-61.71789,3.75758],[-61.71739,3.75709],[-61.71627,3.7568],[-61.71735,3.75629],[-61.71751,3.7559],[-61.71745,3.75518],[-61.71746,3.75562],[-61.71843,3.75464],[-61.72055,3.75323],[-61.7216,3.75303],[-61.72246,3.75188],[-61.72332,3.75134],[-61.72406,3.75058],[-61.72485,3.75047],[-61.72484,3.75002],[-61.72429,3.74951],[-61.72443,3.74873],[-61.72494,3.74771],[-61.72628,3.74651],[-61.72642,3.74565],[-61.72673,3.74559],[-61.72736,3.74601],[-61.72794,3.74604],[-61.72855,3.7453],[-61.72934,3.74517],[-61.72935,3.74351],[-61.73019,3.74239],[-61.72982,3.74135],[-61.73003,3.74016],[-61.73049,3.73953],[-61.73117,3.73913],[-61.73132,3.73876],[-61.73098,3.73816],[-61.73067,3.73798],[-61.72987,3.73816],[-61.72929,3.73807],[-61.72832,3.7387],[-61.72685,3.73732],[-61.7261,3.73603],[-61.72499,3.73469],[-61.72466,3.7329],[-61.72433,3.73207],[-61.72354,3.73104],[-61.72337,3.72963],[-61.72281,3.72866],[-61.72233,3.72722],[-61.72131,3.72598],[-61.71997,3.72505],[-61.71796,3.72304],[-61.71743,3.71924],[-61.71682,3.71691],[-61.71625,3.71324],[-61.7164,3.71102],[-61.71629,3.7082],[-61.71574,3.70677],[-61.71614,3.70575],[-61.71614,3.70451],[-61.71549,3.70321],[-61.71411,3.70193],[-61.7133,3.69943],[-61.71228,3.69871],[-61.71107,3.697],[-61.71017,3.69676],[-61.70925,3.69613],[-61.7074,3.69597],[-61.70634,3.69554],[-61.70511,3.69438],[-61.70322,3.69118],[-61.70188,3.68994],[-61.70006,3.68994],[-61.69804,3.68939],[-61.69758,3.68911],[-61.69696,3.6882],[-61.69676,3.68671],[-61.69734,3.68461],[-61.69658,3.68246],[-61.69654,3.68129],[-61.69764,3.6789],[-61.69804,3.6771],[-61.69768,3.67639],[-61.69588,3.67476],[-61.69495,3.67326],[-61.69492,3.67251],[-61.69552,3.6701],[-61.69597,3.66666],[-61.69593,3.6642],[-61.69428,3.65973],[-61.69377,3.65624],[-61.69054,3.65348],[-61.68563,3.65045],[-61.68226,3.64647],[-61.68162,3.64595],[-61.6641,3.63606],[-61.66266,3.63443],[-61.65795,3.62713],[-61.65692,3.62609],[-61.64592,3.62108],[-61.6437,3.62038],[-61.62236,3.61983],[-61.59984,3.61898],[-61.5977,3.61886],[-61.59636,3.61849],[-61.5944,3.61878],[-61.58576,3.61847],[-61.57463,3.61708],[-61.56299,3.61603],[-61.56003,3.61476],[-61.5588,3.61449],[-61.54554,3.61482],[-61.52708,3.61319],[-61.52554,3.61328],[-61.52415,3.61371],[-61.50104,3.62551],[-61.49204,3.63192],[-61.48236,3.63796],[-61.46606,3.64607],[-61.46523,3.64632],[-61.44524,3.65029],[-61.4419,3.65132],[-61.44096,3.65129],[-61.43645,3.65031],[-61.43537,3.65033],[-61.42343,3.65316],[-61.4203,3.65408],[-61.41914,3.6542],[-61.41884,3.65379],[-61.41875,3.65416],[-61.41893,3.6543],[-61.41746,3.65449],[-61.41762,3.65549],[-61.41738,3.65447],[-61.41658,3.65447],[-61.41683,3.65463],[-61.41857,3.65443],[-61.41866,3.65473],[-61.41855,3.65439],[-61.41719,3.65454],[-61.41711,3.65472],[-61.41669,3.65457],[-61.41383,3.65486],[-61.39638,3.65726],[-61.37116,3.65445],[-61.37036,3.65486],[-61.36316,3.66001],[-61.35859,3.66493],[-61.34777,3.67328],[-61.32637,3.67761],[-61.3194,3.67856],[-61.31665,3.67853],[-61.31034,3.68024],[-61.30911,3.68015],[-61.30522,3.67838],[-61.29657,3.67353],[-61.2767,3.67483],[-61.25242,3.68603],[-61.24274,3.69311],[-61.23945,3.69484],[-61.22301,3.70675],[-61.22199,3.70757],[-61.22181,3.70811]]},"properties":{"id":"17017603887","date":"2026-01-11","name":"Dia 117","chapter":2,"chapter_slug":"amazonia","country":"BR","transport":"bicycle","distance_km":77.8,"elev_gain_m":643,"moving_time_s":18052,"points":180}},{"type":"Feature","geometry":{"type":"LineString","coordinates":[[-61.2203,3.70793],[-61.13449,3.66855],[-61.07123,3.6485],[-61.07,3.64831],[-61.01111,3.64674],[-60.97367,3.64434],[-60.97347,3.64428],[-60.97346,3.64387],[-60.97346,3.64428],[-60.97371,3.64441],[-60.9739,3.64431],[-60.97368,3.6436],[-60.97335,3.64348],[-60.97324,3.64368],[-60.97348,3.64399],[-60.97328,3.64422],[-60.97377,3.64452],[-60.97355,3.64446],[-60.97329,3.64468],[-60.97331,3.64532],[-60.99887,3.73904],[-60.99899,3.74172],[-60.99831,3.75092],[-60.99444,3.78877],[-60.99404,3.79549],[-60.9967,3.83007],[-61.00006,3.86341],[-60.9999,3.86331],[-61.00013,3.86437],[-61.00183,3.882],[-61.00218,3.88414],[-61.00346,3.88877],[-61.03797,3.98543],[-61.03804,3.98559],[-61.038,3.98541],[-61.03813,3.98545],[-61.03797,3.98541],[-61.03874,3.98734],[-61.04234,3.99562],[-61.04296,3.99756],[-61.04321,3.99948],[-61.14791,4.47481],[-61.14802,4.47645],[-61.14612,4.47652],[-61.14606,4.47851],[-61.14453,4.4788],[-61.14436,4.48254],[-61.14036,4.48294],[-61.1404,4.4832],[-61.14023,4.48303],[-61.14021,4.48328],[-61.14016,4.48258],[-61.14035,4.48313],[-61.14036,4.48297],[-61.14438,4.48262],[-61.14457,4.48005],[-61.14414,4.47999]]},"properties":{"id":"17028482627","date":"2026-01-12","name":"Dia 118","chapter":2,"chapter_slug":"amazonia","country":"BR","transport":"bicycle","distance_km":73.5,"elev_gain_m":193,"moving_time_s":17725,"points":57}},{"type":"Feature","geometry":{"type":"LineString","coordinates":[[-61.14456,4.48003],[-61.14468,4.47879],[-61.14822,4.47851],[-61.14856,4.48277],[-61.14865,4.48259],[-61.14839,4.48368],[-61.14844,4.48333],[-61.14824,4.48322],[-61.14843,4.48334],[-61.14883,4.4879],[-61.14899,4.48777],[-61.14914,4.48797],[-61.14887,4.48795],[-61.14893,4.48881],[-61.14929,4.49005],[-61.15214,4.49694],[-61.15244,4.49993],[-61.14933,4.50513],[-61.14044,4.51223],[-61.13939,4.51354],[-61.13738,4.5183],[-61.13642,4.52806],[-61.13598,4.52884],[-61.13447,4.53016],[-61.13418,4.53073],[-61.13384,4.5349],[-61.13325,4.53739],[-61.13312,4.54275],[-61.13228,4.54414],[-61.13254,4.54653],[-61.13221,4.5478],[-61.12846,4.55807],[-61.12769,4.55894],[-61.12629,4.55982],[-61.1258,4.56045],[-61.12357,4.56887],[-61.12277,4.56972],[-61.11872,4.57272],[-61.11812,4.57356],[-61.11813,4.57464],[-61.11965,4.5788],[-61.11975,4.57984],[-61.11909,4.5821],[-61.11807,4.58334],[-61.11725,4.58499],[-61.11674,4.58541],[-61.1156,4.58566],[-61.11521,4.58612],[-61.11513,4.58967],[-61.1138,4.59082],[-61.11297,4.59565],[-61.11218,4.59678],[-61.11254,4.5981],[-61.11314,4.59933],[-61.11316,4.59992],[-61.11297,4.60084],[-61.11198,4.60197],[-61.11183,4.60341],[-61.11477,4.60368],[-61.11691,4.60488],[-61.11972,4.60514],[-61.11985,4.60497],[-61.11957,4.60381],[-61.11988,4.6026],[-61.12129,4.60246],[-61.12111,4.60254]]},"properties":{"id":"17052105143","date":"2026-01-14","name":"Dia 120","chapter":3,"chapter_slug":"gran-sabana-leste","country":"VE","transport":"bicycle","distance_km":18.3,"elev_gain_m":135,"moving_time_s":5016,"points":66}},{"type":"Feature","geometry":{"type":"LineString","coordinates":[[-61.12074,4.60243],[-61.11998,4.6025],[-61.11981,4.60276],[-61.11953,4.60388],[-61.11976,4.60508],[-61.11687,4.60478],[-61.11481,4.60363],[-61.11223,4.60339],[-61.11221,4.60296],[-61.11185,4.60275],[-61.11189,4.60242],[-61.11214,4.60184],[-61.11311,4.60072],[-61.11324,4.59963],[-61.11249,4.59775],[-61.11234,4.59678],[-61.11304,4.59583],[-61.1139,4.59081],[-61.11519,4.58978],[-61.11535,4.58606],[-61.11565,4.58573],[-61.11677,4.58548],[-61.11727,4.58508],[-61.11819,4.58327],[-61.11915,4.58219],[-61.11984,4.57994],[-61.11964,4.57856],[-61.1182,4.57461],[-61.11823,4.5735],[-61.11874,4.57279],[-61.12312,4.56956],[-61.12364,4.56893],[-61.12582,4.56065],[-61.12627,4.55995],[-61.12773,4.55901],[-61.12857,4.55802],[-61.13246,4.54725],[-61.13261,4.54647],[-61.13237,4.54424],[-61.13306,4.54313],[-61.13322,4.5425],[-61.13334,4.53725],[-61.1339,4.53491],[-61.13426,4.53073],[-61.13455,4.53018],[-61.1361,4.52878],[-61.13652,4.52795],[-61.13732,4.51914],[-61.13775,4.51757],[-61.13983,4.513],[-61.14087,4.51197],[-61.14934,4.50523],[-61.15246,4.50011],[-61.15226,4.49714],[-61.14927,4.48979],[-61.14898,4.4879],[-61.14915,4.48969],[-61.15219,4.49718],[-61.15239,4.50006],[-61.14927,4.50519],[-61.13984,4.51287],[-61.13935,4.51364],[-61.13762,4.51765],[-61.13724,4.51904],[-61.13645,4.5279],[-61.13603,4.52878],[-61.13449,4.53015],[-61.13417,4.53078],[-61.1338,4.53498],[-61.13323,4.53747],[-61.1331,4.54273],[-61.13229,4.54421],[-61.13254,4.54655],[-61.13237,4.5473],[-61.12846,4.55808],[-61.12767,4.55897],[-61.12624,4.55989],[-61.12579,4.56049],[-61.12352,4.56898],[-61.12294,4.5696],[-61.11865,4.5728],[-61.11813,4.57358],[-61.11821,4.57492],[-61.11975,4.57911],[-61.11972,4.58029],[-61.11905,4.58226],[-61.11813,4.58326],[-61.11729,4.58496],[-61.11671,4.58544],[-61.11554,4.58572],[-61.11525,4.58609],[-61.11511,4.58976],[-61.11382,4.5908],[-61.11296,4.59571],[-61.11227,4.59681],[-61.1125,4.59798],[-61.11316,4.59942],[-61.11307,4.6006],[-61.11264,4.60124],[-61.11142,4.60238],[-61.11147,4.60355],[-61.11065,4.60374],[-61.11111,4.60658],[-61.10831,4.60787],[-61.10845,4.60798],[-61.1085,4.6078],[-61.10831,4.60782],[-61.11152,4.60645],[-61.11156,4.60444],[-61.11177,4.60461],[-61.11225,4.60451],[-61.11295,4.60402],[-61.11308,4.60345],[-61.115,4.60374],[-61.11693,4.60488],[-61.11972,4.60512],[-61.11984,4.60496],[-61.11956,4.60385],[-61.11988,4.60262],[-61.12121,4.6025],[-61.12072,4.60226],[-61.12106,4.60252],[-61.1214,4.6024],[-61.12161,4.6027],[-61.12116,4.60244],[-61.12155,4.60275],[-61.1213,4.60253]]},"properties":{"id":"17072279099","date":"2026-01-16","name":"Pedalada matinal","chapter":3,"chapter_slug":"gran-sabana-leste","country":"VE","transport":"bicycle","distance_km":34.4,"elev_gain_m":296,"moving_time_s":7957,"points":127}},{"type":"Feature","geometry":{"type":"LineString","coordinates":[[-61.12058,4.60242],[-61.11996,4.6025],[-61.11983,4.60267],[-61.11955,4.60382],[-61.11976,4.6051],[-61.11682,4.60478],[-61.11493,4.60367],[-61.11226,4.60341],[-61.1121,4.60286],[-61.10762,4.6027],[-61.10677,4.60335],[-61.10632,4.60405],[-61.1067,4.60626],[-61.10625,4.60847],[-61.10486,4.60894],[-61.09998,4.60981],[-61.09923,4.61019],[-61.09858,4.61112],[-61.09817,4.61226],[-61.09819,4.61367],[-61.09871,4.61478],[-61.09977,4.61568],[-61.10013,4.61622],[-61.10023,4.61709],[-61.0998,4.61803],[-61.08964,4.62863],[-61.0872,4.63207],[-61.0862,4.63257],[-61.08404,4.63244],[-61.08291,4.63294],[-61.07398,4.64092],[-61.07272,4.64257],[-61.06789,4.66615],[-61.06737,4.66971],[-61.06747,4.67115],[-61.06817,4.67407],[-61.07113,4.68223],[-61.07117,4.68741],[-61.0721,4.69171],[-61.07203,4.69389],[-61.07142,4.69554],[-61.06819,4.70101],[-61.06568,4.70645],[-61.06501,4.7086],[-61.05918,4.72248],[-61.05398,4.73544],[-61.05315,4.73853],[-61.04696,4.75638],[-61.04658,4.75816],[-61.04718,4.76646],[-61.04768,4.76862],[-61.06379,4.80468],[-61.06447,4.8091],[-61.06449,4.8165],[-61.06424,4.81789],[-61.06272,4.82231],[-61.06261,4.82451],[-61.06297,4.82564],[-61.0698,4.83504],[-61.07409,4.844],[-61.07541,4.84471],[-61.07642,4.84467],[-61.09047,4.83905],[-61.0915,4.83912],[-61.09211,4.83993],[-61.09283,4.8461],[-61.09314,4.84693],[-61.09678,4.85171],[-61.09804,4.85403],[-61.10013,4.85536],[-61.10164,4.85595],[-61.10263,4.85756],[-61.10437,4.85838],[-61.1046,4.85874],[-61.10457,4.85939],[-61.1043,4.8597],[-61.10285,4.85999],[-61.10218,4.86044],[-61.10021,4.86439],[-61.10018,4.86617],[-61.10125,4.86893],[-61.10097,4.87014],[-61.10032,4.87101],[-61.09969,4.87119],[-61.09904,4.871],[-61.09772,4.86904],[-61.09612,4.86759],[-61.09543,4.86735],[-61.09412,4.86733],[-61.09356,4.86743],[-61.09244,4.86803],[-61.09068,4.86762],[-61.08997,4.86777],[-61.08947,4.86846],[-61.08926,4.86972],[-61.08936,4.87019],[-61.08929,4.86972],[-61.08772,4.87068],[-61.08723,4.8714],[-61.08727,4.87221],[-61.08786,4.8731],[-61.0909,4.87578],[-61.09251,4.87691],[-61.09272,4.8777],[-61.09229,4.87891],[-61.09229,4.87948],[-61.0936,4.88107],[-61.09391,4.8819],[-61.0928,4.88891],[-61.09159,4.89845],[-61.09293,4.90308],[-61.09353,4.90624],[-61.09344,4.90643],[-61.09278,4.90584],[-61.09269,4.90633],[-61.09151,4.90604],[-61.09139,4.90621],[-61.09156,4.90602],[-61.09211,4.90627],[-61.09265,4.90634],[-61.09271,4.90621],[-61.09271,4.90604],[-61.09266,4.90633],[-61.09146,4.90606],[-61.09099,4.90696],[-61.09021,4.90719],[-61.0902,4.90758],[-61.08989,4.90795],[-61.08899,4.90831],[-61.0886,4.90793],[-61.08873,4.90822],[-61.0888,4.9079],[-61.0888,4.90831],[-61.0889,4.90821],[-61.08874,4.90823],[-61.08861,4.90792],[-61.0887,4.90827],[-61.08884,4.90822],[-61.08873,4.90841],[-61.08978,4.90807],[-61.09025,4.90756],[-61.09025,4.9072],[-61.091,4.90697],[-61.09146,4.90607],[-61.09299,4.9065],[-61.09358,4.90643],[-61.09409,4.91078],[-61.09561,4.91412],[-61.09851,4.91818],[-61.10515,4.92873],[-61.11299,4.93508],[-61.11489,4.93876],[-61.11674,4.94079],[-61.11767,4.94149],[-61.11978,4.94256],[-61.12118,4.94417],[-61.12226,4.94579],[-61.12453,4.94669],[-61.12566,4.9478],[-61.12702,4.95088],[-61.12795,4.95195],[-61.12824,4.95265],[-61.12802,4.95368],[-61.12688,4.95467],[-61.12648,4.95542],[-61.12619,4.95661],[-61.12633,4.9571],[-61.1267,4.95741],[-61.12878,4.95826],[-61.13102,4.96065],[-61.13196,4.96216],[-61.13283,4.9646],[-61.13363,4.96567],[-61.14616,4.97562],[-61.14834,4.97826],[-61.1503,4.97918],[-61.15074,4.97986],[-61.15131,4.9817],[-61.15335,4.9838],[-61.15381,4.9847],[-61.15376,4.98551],[-61.15168,4.99431],[-61.14962,4.99682],[-61.14802,4.99824],[-61.14723,4.99923],[-61.14437,5.00555],[-61.14281,5.0083],[-61.14215,5.00901],[-61.14071,5.00966],[-61.13832,5.00949],[-61.13752,5.00961],[-61.13682,5.01009],[-61.13508,5.0119],[-61.13365,5.01246],[-61.12625,5.01117],[-61.12498,5.01132],[-61.12355,5.01215],[-61.12185,5.01407],[-61.12165,5.01474],[-61.12196,5.01631],[-61.1206,5.01803],[-61.11935,5.01851],[-61.11546,5.01826],[-61.11461,5.01877],[-61.11405,5.02006],[-61.11359,5.02042],[-61.1128,5.02063],[-61.11127,5.02011],[-61.11033,5.02059],[-61.10939,5.02237],[-61.10881,5.02529],[-61.1058,5.02947],[-61.10458,5.03651],[-61.10416,5.0379],[-61.09824,5.04999],[-61.09754,5.0548],[-61.09759,5.05569],[-61.09814,5.0557],[-61.09829,5.05464],[-61.09896,5.0546],[-61.09881,5.0539],[-61.09883,5.05408]]},"properties":{"id":"17132235600","date":"2026-01-21","name":"Dia 128","chapter":3,"chapter_slug":"gran-sabana-leste","country":"VE","transport":"bicycle","distance_km":71.4,"elev_gain_m":920,"moving_time_s":20106,"points":222}},{"type":"Feature","geometry":{"type":"LineString","coordinates":[[-61.0976,5.05506],[-61.09738,5.05636],[-61.09756,5.05625],[-61.09754,5.05666],[-61.0973,5.05706],[-61.09681,5.0612],[-61.09458,5.07344],[-61.09461,5.07508],[-61.09527,5.0767],[-61.09874,5.08231],[-61.09993,5.08549],[-61.10119,5.08795],[-61.10205,5.08921],[-61.10412,5.09128],[-61.10497,5.09297],[-61.10854,5.11641],[-61.11163,5.12593],[-61.11185,5.12723],[-61.11169,5.12843],[-61.11046,5.13224],[-61.10877,5.14094],[-61.108,5.14252],[-61.10275,5.14994],[-61.10208,5.15118],[-61.0989,5.16347],[-61.09792,5.16474],[-61.0962,5.16565],[-61.09537,5.16632],[-61.09501,5.16617],[-61.09492,5.16676],[-61.0927,5.16999],[-61.09222,5.17141],[-61.09346,5.19561],[-61.098,5.23201],[-61.09838,5.23339],[-61.10948,5.25195],[-61.11066,5.25335],[-61.11519,5.2576],[-61.11614,5.25877],[-61.12069,5.26897],[-61.12142,5.27024],[-61.12275,5.27125],[-61.12833,5.27312],[-61.12995,5.27389],[-61.15156,5.2961],[-61.15351,5.29861],[-61.16319,5.31411],[-61.16443,5.31554],[-61.17585,5.32339],[-61.17696,5.32461],[-61.1843,5.33422],[-61.18892,5.3382],[-61.19089,5.33899],[-61.21515,5.34446],[-61.21607,5.34503],[-61.21693,5.34667],[-61.21756,5.34735],[-61.21831,5.34778],[-61.21978,5.34808],[-61.22039,5.3486],[-61.22066,5.34941],[-61.22054,5.35015],[-61.2181,5.35288],[-61.21618,5.35929],[-61.21632,5.36094],[-61.218,5.36458],[-61.21749,5.36554],[-61.211,5.37331],[-61.2102,5.37503],[-61.20942,5.39148],[-61.20964,5.39335],[-61.21699,5.4154],[-61.21778,5.4164],[-61.21762,5.41608],[-61.21785,5.41588],[-61.21782,5.41518],[-61.21774,5.41585],[-61.21861,5.41616],[-61.21875,5.41641],[-61.21912,5.41596],[-61.21892,5.41587],[-61.21955,5.41605],[-61.21937,5.41551],[-61.21934,5.41591],[-61.21887,5.41592],[-61.21921,5.41595],[-61.21888,5.41602],[-61.21877,5.41629]]},"properties":{"id":"17228310834","date":"2026-01-29","name":"Dia 135","chapter":3,"chapter_slug":"gran-sabana-leste","country":"VE","transport":"bicycle","distance_km":49.7,"elev_gain_m":676,"moving_time_s":13014,"points":88}},{"type":"Feature","geometry":{"type":"LineString","coordinates":[[-61.21827,5.41669],[-61.22087,5.41791],[-61.22178,5.41871],[-61.24376,5.44373],[-61.2449,5.44532],[-61.2487,5.4536],[-61.24963,5.45486],[-61.26713,5.46706],[-61.26869,5.46877],[-61.28898,5.51274],[-61.2945,5.52041],[-61.30414,5.5402],[-61.30482,5.54105],[-61.31216,5.54797],[-61.31298,5.54901],[-61.31355,5.5501],[-61.31554,5.55596],[-61.31578,5.55728],[-61.31564,5.55901],[-61.31257,5.57474],[-61.31292,5.57904],[-61.31335,5.58118],[-61.31454,5.5836],[-61.31909,5.58833],[-61.32027,5.58892],[-61.32155,5.58888],[-61.3296,5.58652],[-61.33209,5.58632],[-61.33686,5.5865],[-61.34085,5.58703],[-61.34438,5.58774],[-61.34719,5.58871],[-61.35042,5.59053],[-61.35094,5.59119],[-61.35281,5.59496],[-61.35952,5.60918],[-61.35963,5.6095],[-61.35939,5.60969],[-61.35968,5.60955],[-61.36035,5.61094],[-61.36183,5.61574],[-61.36361,5.61758],[-61.36385,5.61746],[-61.36359,5.61735],[-61.36429,5.61735],[-61.36463,5.61697],[-61.36464,5.61651],[-61.3646,5.61687],[-61.3641,5.61736],[-61.36479,5.61681],[-61.36436,5.61741],[-61.36448,5.61707],[-61.36417,5.6171],[-61.3643,5.61691],[-61.36433,5.61727],[-61.36447,5.61706],[-61.36435,5.61728],[-61.36364,5.6177],[-61.37032,5.63185],[-61.3708,5.63225],[-61.37297,5.63318],[-61.37594,5.63533],[-61.37664,5.63644],[-61.37762,5.6401],[-61.37816,5.64086],[-61.3789,5.64124],[-61.38017,5.64128],[-61.3809,5.64161],[-61.39883,5.65481],[-61.40132,5.65704],[-61.40221,5.65806],[-61.40272,5.6596],[-61.40414,5.66827],[-61.40334,5.67621],[-61.40293,5.67721],[-61.40078,5.68074],[-61.40045,5.68196],[-61.40085,5.69005],[-61.39988,5.69571],[-61.40023,5.70119],[-61.39999,5.70479],[-61.40015,5.70572],[-61.4008,5.70709],[-61.40262,5.70937],[-61.40315,5.71033],[-61.40415,5.7153],[-61.40643,5.71934],[-61.40661,5.72042],[-61.40256,5.73385],[-61.40253,5.736],[-61.40347,5.74197],[-61.40143,5.74687],[-61.40031,5.75166],[-61.40025,5.75258],[-61.4009,5.75445],[-61.40857,5.7709],[-61.40879,5.77197],[-61.40836,5.77338],[-61.40634,5.77568],[-61.40593,5.77659],[-61.40588,5.77761],[-61.40694,5.78287],[-61.40676,5.78587],[-61.40628,5.78737],[-61.40396,5.79129],[-61.40372,5.79209],[-61.40383,5.79323],[-61.41663,5.81337],[-61.41991,5.81702],[-61.4443,5.83158],[-61.45304,5.83497],[-61.45429,5.83564],[-61.46583,5.84423],[-61.46634,5.84514],[-61.46684,5.84731],[-61.4676,5.84697],[-61.46774,5.84675],[-61.46758,5.84655],[-61.46776,5.84642],[-61.46756,5.84694],[-61.46695,5.84723],[-61.46692,5.84784],[-61.46707,5.84784],[-61.46591,5.84837]]},"properties":{"id":"17232534591","date":"2026-01-30","name":"Dia 136","chapter":3,"chapter_slug":"gran-sabana-leste","country":"VE","transport":"bicycle","distance_km":64,"elev_gain_m":741,"moving_time_s":17439,"points":124}},{"type":"Feature","geometry":{"type":"LineString","coordinates":[[-61.46604,5.85549],[-61.46206,5.86727],[-61.45925,5.87733],[-61.45949,5.87651],[-61.45885,5.8765],[-61.4585,5.87687],[-61.45853,5.87706],[-61.45849,5.87687],[-61.45879,5.87653],[-61.45941,5.87655],[-61.45921,5.87724],[-61.45691,5.88102],[-61.45017,5.89109],[-61.44773,5.89236],[-61.44603,5.89396],[-61.44583,5.89497],[-61.44634,5.89703],[-61.44591,5.89811],[-61.44184,5.90108],[-61.44099,5.90139],[-61.43781,5.90192],[-61.43587,5.90279],[-61.43448,5.90442],[-61.43391,5.90561],[-61.43372,5.90684],[-61.43384,5.90726],[-61.4342,5.90761],[-61.43513,5.90797],[-61.4353,5.90831],[-61.43489,5.90975],[-61.43538,5.91144],[-61.43513,5.91379],[-61.4356,5.91432],[-61.43701,5.91491],[-61.43747,5.91576],[-61.43696,5.91813],[-61.43679,5.9311],[-61.43718,5.93194],[-61.43978,5.9348],[-61.44109,5.93725],[-61.4425,5.93829],[-61.44383,5.94044],[-61.44461,5.94265],[-61.44429,5.94482],[-61.44388,5.94594],[-61.43948,5.94879],[-61.43796,5.95035],[-61.43572,5.95044],[-61.4345,5.95078],[-61.43364,5.95209],[-61.43263,5.95292],[-61.43208,5.95298],[-61.43,5.95228],[-61.42894,5.95269],[-61.42705,5.95514],[-61.42558,5.95756],[-61.42339,5.96365],[-61.42229,5.965],[-61.42101,5.9659],[-61.4203,5.96593],[-61.41464,5.96789],[-61.41346,5.96784],[-61.41067,5.96684],[-61.41014,5.967],[-61.40887,5.96799],[-61.40767,5.96786],[-61.4072,5.96801],[-61.40697,5.9685],[-61.40706,5.96892],[-61.4091,5.97068],[-61.4094,5.97118],[-61.40925,5.97176],[-61.40843,5.97232],[-61.40707,5.97254],[-61.40298,5.97203],[-61.40218,5.97178],[-61.39892,5.96937],[-61.39769,5.96763],[-61.3963,5.96691],[-61.39553,5.96584],[-61.3923,5.96456],[-61.39186,5.9647],[-61.39166,5.9656],[-61.39136,5.96591],[-61.39085,5.96585],[-61.39048,5.9652],[-61.38932,5.96527],[-61.38905,5.96498],[-61.38875,5.96389],[-61.3867,5.96334],[-61.38564,5.96262],[-61.38419,5.96215],[-61.38276,5.96021],[-61.38218,5.95995],[-61.38162,5.9603],[-61.38129,5.96118],[-61.38151,5.96195],[-61.38259,5.96372],[-61.38203,5.96552],[-61.37981,5.96843],[-61.37965,5.96995],[-61.37944,5.97039],[-61.37918,5.97064],[-61.37801,5.97093],[-61.37619,5.97211],[-61.37553,5.97281],[-61.37493,5.97397],[-61.37497,5.97444],[-61.37545,5.97538],[-61.37567,5.97753],[-61.37727,5.9799],[-61.37942,5.98161],[-61.38037,5.98205],[-61.3811,5.98303],[-61.38271,5.98399],[-61.38409,5.98801],[-61.38483,5.98942],[-61.38543,5.99015],[-61.38599,5.99045],[-61.38726,5.9906],[-61.38804,5.99161],[-61.38834,5.99256],[-61.38863,5.99278],[-61.39097,5.99273],[-61.39172,5.99315],[-61.39201,5.99387],[-61.39198,5.99551],[-61.39233,5.99578],[-61.39336,5.996],[-61.39402,5.99673],[-61.39454,5.99833],[-61.39468,5.99985],[-61.39542,6.00147],[-61.39644,6.00306],[-61.39821,6.00427],[-61.39864,6.0049],[-61.39801,6.00655],[-61.39807,6.00807],[-61.39772,6.00972],[-61.3985,6.01258],[-61.39862,6.01357],[-61.39843,6.01408],[-61.39522,6.0143],[-61.39491,6.01399],[-61.39434,6.01195],[-61.39369,6.01137],[-61.39262,6.01192],[-61.3916,6.01136],[-61.3908,6.01132],[-61.39008,6.01154],[-61.38987,6.0123],[-61.39018,6.01316],[-61.39118,6.01387],[-61.39082,6.01501],[-61.39099,6.01579],[-61.3909,6.0165],[-61.39123,6.01793],[-61.39184,6.01954],[-61.39436,6.02357],[-61.39418,6.02483],[-61.39516,6.0264],[-61.39525,6.02769],[-61.39658,6.03065],[-61.39704,6.03137],[-61.39825,6.03199],[-61.39879,6.0331],[-61.3997,6.03383],[-61.39963,6.03686],[-61.39984,6.03851],[-61.40068,6.03972],[-61.4009,6.04128],[-61.40225,6.04273],[-61.40227,6.04436],[-61.40251,6.04546],[-61.40414,6.04809],[-61.40383,6.04865],[-61.40284,6.04953],[-61.40278,6.05006],[-61.40316,6.05077],[-61.40316,6.05113],[-61.4023,6.05185],[-61.40205,6.05259],[-61.40281,6.05432],[-61.40257,6.05541],[-61.40269,6.05591],[-61.40385,6.05781],[-61.40379,6.05818],[-61.40309,6.0591],[-61.40327,6.06152],[-61.40292,6.06243],[-61.40428,6.0623],[-61.404,6.06247],[-61.40393,6.06315],[-61.40394,6.06393],[-61.40428,6.06441],[-61.40391,6.06392],[-61.40407,6.06259],[-61.4034,6.06237],[-61.4025,6.06256],[-61.40165,6.06243],[-61.40135,6.0626],[-61.40088,6.06318],[-61.3999,6.06518],[-61.39943,6.06553],[-61.39846,6.06583],[-61.39783,6.06637],[-61.39778,6.06682],[-61.39816,6.06767],[-61.39717,6.06895],[-61.39702,6.071],[-61.3965,6.07191],[-61.39586,6.07253],[-61.39563,6.07338],[-61.39571,6.07389],[-61.39632,6.07467],[-61.39737,6.0747],[-61.39771,6.07489],[-61.39797,6.07581],[-61.39878,6.07689],[-61.39781,6.07811],[-61.39764,6.07861],[-61.39813,6.08249],[-61.39764,6.08305],[-61.39654,6.08315],[-61.39628,6.08349],[-61.39627,6.08395],[-61.39697,6.08516],[-61.39719,6.08598],[-61.39774,6.08651],[-61.39806,6.08718],[-61.39838,6.08728],[-61.39927,6.08691],[-61.39945,6.08702],[-61.39929,6.08728],[-61.39948,6.08696],[-61.3982,6.08774],[-61.39705,6.08808],[-61.3971,6.09017],[-61.39625,6.09184],[-61.39622,6.09227],[-61.39649,6.0927],[-61.3968,6.09275],[-61.39774,6.09209],[-61.40069,6.09131],[-61.40088,6.0915],[-61.40084,6.09196],[-61.40007,6.09351],[-61.39943,6.09408],[-61.39951,6.09443],[-61.4002,6.09494],[-61.40055,6.0948],[-61.40187,6.09323],[-61.40277,6.09322],[-61.40338,6.09355],[-61.40328,6.09404],[-61.40237,6.09422],[-61.40212,6.09451],[-61.40199,6.09511],[-61.40236,6.09693],[-61.40117,6.09832],[-61.40082,6.09964],[-61.40098,6.10038],[-61.40124,6.10067],[-61.40167,6.1007],[-61.40223,6.10056],[-61.40322,6.09994],[-61.40369,6.10001],[-61.40405,6.10057],[-61.40476,6.10279],[-61.40541,6.1035],[-61.40817,6.10562],[-61.40895,6.10668],[-61.40935,6.1076],[-61.40928,6.11005],[-61.40964,6.11271],[-61.41078,6.11551],[-61.41133,6.11999],[-61.41216,6.12222],[-61.41314,6.12369],[-61.42172,6.13431],[-61.42317,6.1359],[-61.42507,6.13748],[-61.42555,6.13955],[-61.42648,6.14134],[-61.42767,6.14303],[-61.42988,6.14542],[-61.43147,6.14829],[-61.43178,6.1493],[-61.43117,6.15162],[-61.43045,6.15166]]},"properties":{"id":"17241212419","date":"2026-01-31","name":"Dia 137","chapter":3,"chapter_slug":"gran-sabana-leste","country":"VE","transport":"bicycle","distance_km":53.2,"elev_gain_m":361,"moving_time_s":11609,"points":290}},{"type":"Feature","geometry":{"type":"LineString","coordinates":[[-61.43122,6.15169],[-61.42647,6.16992],[-61.42303,6.17655],[-61.42013,6.18058],[-61.41922,6.1814],[-61.41801,6.18211],[-61.41184,6.18463],[-61.41086,6.18536],[-61.40109,6.19087],[-61.39602,6.19446],[-61.39367,6.19622],[-61.39282,6.19707],[-61.39225,6.19799],[-61.39081,6.2017],[-61.39035,6.20237],[-61.38959,6.20297],[-61.38851,6.20341],[-61.38233,6.20484],[-61.37799,6.20617],[-61.37638,6.20695],[-61.37563,6.20761],[-61.36378,6.22],[-61.36007,6.22495],[-61.35764,6.22707],[-61.35265,6.23327],[-61.34983,6.23606],[-61.32325,6.26882],[-61.32133,6.27171],[-61.31539,6.28259],[-61.31474,6.28533],[-61.31473,6.28715],[-61.31499,6.28829],[-61.31546,6.28947],[-61.31606,6.29042],[-61.31628,6.29043],[-61.31615,6.29017],[-61.31633,6.29042],[-61.31625,6.2907],[-61.31838,6.29405],[-61.33021,6.31681],[-61.33765,6.3281],[-61.33931,6.33002],[-61.35806,6.34663],[-61.35934,6.34759],[-61.36133,6.34868],[-61.39296,6.36446],[-61.39879,6.36719],[-61.40159,6.36875],[-61.40827,6.37192],[-61.41093,6.37366],[-61.42111,6.38252],[-61.42364,6.38428],[-61.43303,6.38991],[-61.43413,6.3904],[-61.43719,6.39241],[-61.45602,6.40376],[-61.47545,6.41365],[-61.47776,6.41497],[-61.4801,6.4166],[-61.48854,6.42294],[-61.49117,6.42518],[-61.50992,6.44688],[-61.5188,6.45553],[-61.51824,6.45568],[-61.51832,6.45539],[-61.51823,6.45569],[-61.51909,6.45576],[-61.5384,6.47446],[-61.54115,6.47802],[-61.54212,6.47953],[-61.54375,6.48279],[-61.56591,6.5309],[-61.57145,6.54254],[-61.5796,6.5605],[-61.58546,6.58251],[-61.58699,6.58891],[-61.58714,6.59215],[-61.58708,6.60766],[-61.58627,6.61744],[-61.58646,6.62026],[-61.58677,6.62182],[-61.59292,6.63927],[-61.59388,6.64132],[-61.59736,6.64672],[-61.59824,6.64844],[-61.59864,6.64981],[-61.59933,6.65674],[-61.5998,6.65902],[-61.6127,6.69572],[-61.61383,6.69908],[-61.61418,6.70097],[-61.6144,6.70343],[-61.61432,6.70547],[-61.6139,6.70897],[-61.61332,6.71071],[-61.60883,6.71834],[-61.60893,6.71803],[-61.60857,6.71761],[-61.60814,6.71581],[-61.6078,6.71547],[-61.60791,6.71558]]},"properties":{"id":"17255823083","date":"2026-02-01","name":"Dia 138","chapter":3,"chapter_slug":"gran-sabana-leste","country":"VE","transport":"bicycle","distance_km":83.8,"elev_gain_m":412,"moving_time_s":20782,"points":101}},{"type":"Feature","geometry":{"type":"LineString","coordinates":[[-61.60809,6.7155],[-61.60798,6.7156],[-61.60832,6.71683],[-61.6089,6.71803],[-61.60872,6.71917],[-61.60893,6.72016],[-61.60987,6.72209],[-61.61101,6.72266],[-61.61236,6.72278],[-61.61432,6.72249],[-61.61872,6.72229],[-61.62934,6.72045],[-61.63038,6.71991],[-61.63155,6.7188],[-61.63208,6.71781],[-61.63281,6.71562],[-61.63317,6.71528],[-61.63345,6.71527],[-61.63342,6.71499],[-61.63356,6.71507],[-61.63309,6.71524],[-61.63325,6.71543],[-61.63291,6.7153],[-61.63376,6.7153],[-61.63327,6.71537],[-61.63328,6.71524],[-61.63354,6.71525],[-61.63329,6.7154],[-61.63302,6.71522],[-61.63317,6.7153],[-61.63289,6.71552],[-61.63285,6.71592],[-61.633,6.71677],[-61.63345,6.71747],[-61.63442,6.71838],[-61.63494,6.71979],[-61.63489,6.72059],[-61.63411,6.7229],[-61.62548,6.74549],[-61.62422,6.74993],[-61.62166,6.75549],[-61.60678,6.79424],[-61.60609,6.7964],[-61.60872,6.83316],[-61.60857,6.83408],[-61.60876,6.83411],[-61.60881,6.83438],[-61.60906,6.83757],[-61.61799,6.96016],[-61.61792,6.96236],[-61.61681,6.96592],[-61.59035,7.03879],[-61.58991,7.03999],[-61.58979,7.03977],[-61.58965,7.03982],[-61.58981,7.04004],[-61.58961,7.03983],[-61.58984,7.04017],[-61.55864,7.12875],[-61.5484,7.15875],[-61.54797,7.16181],[-61.54766,7.16279],[-61.54609,7.16556],[-61.52693,7.22133],[-61.52674,7.22206],[-61.52685,7.22222],[-61.52671,7.2222],[-61.52691,7.22234],[-61.52683,7.2222],[-61.52656,7.2224],[-61.5248,7.22725],[-61.52239,7.23067],[-61.52166,7.23203],[-61.51843,7.24117],[-61.51826,7.24233],[-61.51846,7.24555],[-61.51573,7.25336],[-61.51529,7.25519],[-61.51077,7.29016],[-61.5086,7.29621],[-61.50711,7.30098],[-61.50683,7.30126],[-61.5049,7.30084],[-61.50476,7.30167],[-61.50534,7.30177],[-61.50561,7.30162],[-61.50514,7.3014]]},"properties":{"id":"17265494204","date":"2026-02-02","name":"Dia 139","chapter":3,"chapter_slug":"gran-sabana-leste","country":"VE","transport":"bicycle","distance_km":73.5,"elev_gain_m":499,"moving_time_s":19086,"points":87}},{"type":"Feature","geometry":{"type":"LineString","coordinates":[[-61.50534,7.30152],[-61.5052,7.30168],[-61.50533,7.30186],[-61.50668,7.30232],[-61.50623,7.30397],[-61.50707,7.30694],[-61.51387,7.3122],[-61.51857,7.32304],[-61.51924,7.32364],[-61.575,7.33554],[-61.57868,7.33771],[-61.58209,7.33906],[-61.5846,7.3405],[-61.58527,7.34048],[-61.58914,7.33884],[-61.59027,7.33878],[-61.68683,7.35996],[-61.77277,7.37818],[-61.78327,7.37807],[-61.78471,7.37758],[-61.78947,7.3717],[-61.79142,7.37035],[-61.79188,7.36979],[-61.79209,7.36896],[-61.79167,7.36528],[-61.79201,7.36431],[-61.79261,7.36357],[-61.79809,7.35978],[-61.80833,7.35844],[-61.80902,7.35793],[-61.80948,7.35665],[-61.81,7.35596],[-61.81264,7.35511],[-61.81383,7.35497],[-61.81702,7.35556],[-61.81927,7.35472],[-61.81962,7.35418],[-61.81952,7.35359],[-61.82069,7.35109],[-61.82159,7.35042],[-61.8229,7.34987],[-61.8236,7.3484],[-61.82298,7.34794],[-61.82315,7.3477],[-61.82362,7.34773],[-61.82356,7.34759],[-61.82368,7.34772],[-61.8238,7.34757],[-61.82345,7.34754],[-61.82308,7.34797],[-61.82343,7.34828],[-61.82285,7.34804],[-61.82153,7.35029],[-61.82061,7.35103],[-61.8194,7.35372],[-61.81955,7.3542],[-61.82005,7.35441],[-61.81927,7.35473],[-61.82138,7.35386],[-61.82219,7.35379],[-61.82533,7.35476],[-61.82594,7.35532],[-61.82605,7.35589],[-61.82567,7.35771],[-61.8257,7.35884],[-61.82964,7.36449],[-61.82999,7.36534],[-61.82996,7.36797],[-61.83025,7.37198],[-61.82955,7.37502],[-61.82964,7.37582],[-61.83182,7.37865],[-61.83736,7.38326],[-61.84003,7.38591],[-61.84088,7.38606],[-61.84316,7.38525],[-61.84382,7.38519],[-61.84683,7.38655],[-61.84762,7.38717],[-61.85125,7.39503],[-61.85187,7.39687],[-61.85203,7.39839],[-61.85053,7.40237],[-61.85041,7.40349],[-61.85113,7.40811],[-61.85302,7.41225],[-61.85994,7.42272],[-61.86821,7.4308],[-61.87292,7.43471],[-61.87391,7.43599],[-61.87597,7.43988],[-61.88351,7.44665],[-61.89457,7.46321],[-61.89614,7.46659],[-61.89573,7.47155],[-61.89579,7.47501],[-61.89592,7.47491],[-61.89578,7.47516],[-61.89584,7.4819],[-61.89604,7.48359],[-61.89688,7.48423],[-61.8997,7.48448],[-61.90218,7.48857],[-61.90245,7.4894],[-61.90343,7.49829],[-61.90369,7.49898],[-61.91145,7.51116],[-61.9121,7.51157],[-61.91488,7.51239],[-61.9154,7.51284],[-61.92372,7.53524],[-61.93559,7.55153],[-61.93731,7.57374],[-61.94608,7.58776],[-61.94903,7.59913],[-61.95136,7.60638],[-61.95498,7.6132],[-61.96027,7.644],[-61.96037,7.64478],[-61.96011,7.64483],[-61.9604,7.64501],[-61.9621,7.65497],[-61.96247,7.65611],[-61.96236,7.65642],[-61.96292,7.65944],[-61.96278,7.65942],[-61.96311,7.65964]]},"properties":{"id":"17289697050","date":"2026-02-04","name":"Dia 141","chapter":3,"chapter_slug":"gran-sabana-leste","country":"VE","transport":"bicycle","distance_km":81.4,"elev_gain_m":674,"moving_time_s":18956,"points":127}},{"type":"Feature","geometry":{"type":"LineString","coordinates":[[-61.96303,7.66036],[-61.96358,7.66366],[-61.96349,7.6647],[-61.96281,7.66578],[-61.96109,7.66675],[-61.96075,7.66734],[-61.96158,7.67232],[-61.96155,7.67349],[-61.95448,7.69624],[-61.9542,7.69758],[-61.95457,7.69837],[-61.97026,7.71981],[-61.97174,7.72666],[-61.97002,7.73444],[-61.97024,7.73776],[-61.97052,7.73823],[-61.97147,7.73884],[-61.97361,7.73941],[-61.97397,7.73995],[-61.97422,7.7413],[-61.97407,7.7449],[-61.97374,7.74561],[-61.96582,7.7528],[-61.96497,7.75335],[-61.96323,7.75401],[-61.9629,7.75432],[-61.96174,7.76151],[-61.96229,7.76229],[-61.96524,7.76353],[-61.96602,7.76483],[-61.97077,7.76754],[-61.97549,7.77694],[-61.97563,7.7775],[-61.97564,7.78183],[-61.97543,7.78292],[-61.97388,7.78499],[-61.96931,7.78798],[-61.96895,7.78868],[-61.9684,7.79163],[-61.96866,7.79202],[-61.971,7.79347],[-61.97135,7.7939],[-61.9734,7.80077],[-61.97389,7.80174],[-61.98159,7.81265],[-61.98559,7.81604],[-61.98642,7.81655],[-61.99047,7.81793],[-61.99126,7.81837],[-62.00688,7.83139],[-62.00717,7.8316],[-62.00743,7.83153],[-62.00747,7.83186],[-62.01801,7.84066],[-62.02072,7.84266],[-62.02761,7.84609],[-62.05333,7.85291],[-62.06686,7.86322],[-62.13988,7.87868],[-62.14059,7.87894],[-62.15069,7.88475],[-62.15173,7.88514],[-62.1584,7.88628],[-62.18297,7.88809],[-62.21168,7.90026],[-62.21245,7.90034],[-62.21419,7.89989],[-62.21457,7.8995],[-62.2146,7.89963],[-62.21448,7.89935],[-62.21451,7.89978],[-62.21756,7.89901],[-62.21847,7.89907],[-62.23563,7.90636],[-62.2359,7.90645],[-62.23591,7.90629],[-62.23609,7.90656],[-62.26576,7.91911],[-62.2663,7.91911],[-62.26994,7.91779],[-62.27092,7.91707],[-62.27187,7.91691],[-62.27297,7.91633],[-62.27415,7.91634],[-62.27455,7.91675],[-62.27455,7.91717],[-62.27409,7.91784],[-62.27371,7.92019],[-62.27203,7.92185],[-62.27178,7.92283],[-62.27206,7.9237],[-62.27386,7.92504],[-62.27397,7.92573],[-62.27374,7.92659],[-62.27384,7.92692],[-62.2743,7.92704],[-62.27526,7.92652],[-62.27637,7.92626],[-62.27776,7.92693],[-62.27934,7.92683],[-62.28087,7.92546],[-62.2827,7.9242],[-62.28335,7.92403],[-62.28493,7.92285],[-62.2854,7.92272],[-62.28585,7.92283],[-62.2906,7.92589],[-62.291,7.92646],[-62.29286,7.9312],[-62.29425,7.93227],[-62.29456,7.93277],[-62.29625,7.93658],[-62.29659,7.93886],[-62.30078,7.94014],[-62.30235,7.93972],[-62.3031,7.93999],[-62.30336,7.94032],[-62.30328,7.94074],[-62.30299,7.94093],[-62.29938,7.94065],[-62.29803,7.94118],[-62.29754,7.94266],[-62.29687,7.94359],[-62.29703,7.94416],[-62.2976,7.94497],[-62.2975,7.94475],[-62.2973,7.94537],[-62.29631,7.94607],[-62.29611,7.94686],[-62.2956,7.94762],[-62.29568,7.94827],[-62.29637,7.94862],[-62.29974,7.94837],[-62.30101,7.94853],[-62.30216,7.94833],[-62.30352,7.94926],[-62.30501,7.94916],[-62.30546,7.94935],[-62.31043,7.95496],[-62.32652,7.96768],[-62.32713,7.96883],[-62.327,7.97144],[-62.32737,7.97262],[-62.33409,7.98063],[-62.33469,7.98092],[-62.33838,7.9817],[-62.3403,7.98308],[-62.34834,7.98665],[-62.35613,7.9918],[-62.367,7.99339],[-62.36727,7.99324],[-62.36664,7.99337],[-62.36679,7.99372],[-62.36652,7.9939]]},"properties":{"id":"17299491073","date":"2026-02-05","name":"Dia 142","chapter":3,"chapter_slug":"gran-sabana-leste","country":"VE","transport":"bicycle","distance_km":73.6,"elev_gain_m":591,"moving_time_s":16705,"points":154}},{"type":"Feature","geometry":{"type":"LineString","coordinates":[[-62.36762,7.99357],[-62.38569,8.00141],[-62.38947,8.00445],[-62.39057,8.00615],[-62.39144,8.00605],[-62.39193,8.00628],[-62.39822,8.01119],[-62.39962,8.01201],[-62.40342,8.01291],[-62.40369,8.01139],[-62.40409,8.01186],[-62.40378,8.01157],[-62.40382,8.01131],[-62.40397,8.01187],[-62.40354,8.0116],[-62.40383,8.01132],[-62.40367,8.01127],[-62.40391,8.01133],[-62.40377,8.01124],[-62.40364,8.01147],[-62.40366,8.01128],[-62.40395,8.01121],[-62.40357,8.01163],[-62.40341,8.0138],[-62.40498,8.01398],[-62.40481,8.01628],[-62.40488,8.01646],[-62.4053,8.01647],[-62.40548,8.01679],[-62.40548,8.01666],[-62.40528,8.01682],[-62.40525,8.01651],[-62.4042,8.01633],[-62.4043,8.0132],[-62.40235,8.01262],[-62.40288,8.01099],[-62.4018,8.00891],[-62.40035,8.00688],[-62.39832,8.00492],[-62.39767,8.00557],[-62.39503,8.0028],[-62.3939,8.00407],[-62.39423,8.00437],[-62.39385,8.00555],[-62.39411,8.00579],[-62.39385,8.00665],[-62.3947,8.00702],[-62.39381,8.00715],[-62.39426,8.00767],[-62.39419,8.00785],[-62.39035,8.005],[-62.39007,8.00516],[-62.39004,8.00568],[-62.38991,8.00568],[-62.39038,8.00667],[-62.39068,8.00642],[-62.39066,8.0062],[-62.39122,8.00623],[-62.39203,8.00594],[-62.39238,8.00617],[-62.39071,8.00631],[-62.39104,8.00575],[-62.39035,8.00477],[-62.38565,8.00123],[-62.36726,7.99306],[-62.36697,7.99316],[-62.36648,7.99402],[-62.3664,7.99375],[-62.36644,7.99411],[-62.3664,7.99372],[-62.36652,7.99385],[-62.36629,7.99416],[-62.36641,7.99401],[-62.36646,7.99413],[-62.36641,7.99396]]},"properties":{"id":"17315212406","date":"2026-02-06","name":"Dia 143","chapter":3,"chapter_slug":"gran-sabana-leste","country":"VE","transport":"bicycle","distance_km":14.6,"elev_gain_m":60,"moving_time_s":10759,"points":75}},{"type":"Feature","geometry":{"type":"LineString","coordinates":[[-62.367,7.99335],[-62.38561,8.00135],[-62.38945,8.00441],[-62.39055,8.00615],[-62.39175,8.00616],[-62.39554,8.00906],[-62.39381,8.0118],[-62.39329,8.01173],[-62.39319,8.0119],[-62.39884,8.01658],[-62.39965,8.01756],[-62.40122,8.02084],[-62.40191,8.02179],[-62.4069,8.02625],[-62.40899,8.0278],[-62.40949,8.02846],[-62.40959,8.02901],[-62.40923,8.02946],[-62.4055,8.02939],[-62.40401,8.03001],[-62.40084,8.03392],[-62.40036,8.03489],[-62.40025,8.03566],[-62.40053,8.03687],[-62.40227,8.03951],[-62.40441,8.04364],[-62.40528,8.04482],[-62.407,8.04654],[-62.40756,8.04787],[-62.40724,8.04946],[-62.4049,8.05262],[-62.40447,8.05353],[-62.40408,8.05847],[-62.40235,8.06302],[-62.40199,8.06519],[-62.40229,8.06737],[-62.40358,8.07096],[-62.40388,8.07241],[-62.40335,8.08771],[-62.40615,8.1056],[-62.40655,8.10715],[-62.40751,8.1091],[-62.41579,8.11975],[-62.41701,8.12181],[-62.42145,8.13621],[-62.42248,8.14377],[-62.42326,8.14633],[-62.42869,8.15776],[-62.43444,8.16738],[-62.43707,8.17214],[-62.43812,8.17327],[-62.43958,8.17427],[-62.44628,8.17721],[-62.44833,8.17831],[-62.45444,8.1828],[-62.45567,8.1841],[-62.45857,8.18854],[-62.46591,8.19661],[-62.46762,8.1982],[-62.47113,8.2008],[-62.47357,8.20193],[-62.47834,8.20251],[-62.48451,8.20412],[-62.48611,8.20479],[-62.48772,8.20593],[-62.4894,8.2079],[-62.49495,8.21889],[-62.49594,8.22048],[-62.49734,8.22184],[-62.50376,8.2265],[-62.50549,8.22802],[-62.51732,8.24274],[-62.51783,8.24352],[-62.51769,8.24369],[-62.51805,8.24384],[-62.52046,8.24764],[-62.52148,8.24867],[-62.52343,8.24965],[-62.53003,8.25079],[-62.53171,8.25165],[-62.53324,8.25342],[-62.53516,8.25807],[-62.53589,8.2593],[-62.53694,8.26049],[-62.54226,8.26427],[-62.55709,8.27367],[-62.55832,8.27496],[-62.56107,8.27852],[-62.5627,8.27997],[-62.56596,8.28143],[-62.56635,8.28168],[-62.56622,8.28179],[-62.56641,8.28167],[-62.56719,8.28192],[-62.57266,8.28419],[-62.5769,8.28532],[-62.57806,8.28619],[-62.57994,8.28868],[-62.58115,8.2897],[-62.59766,8.29836],[-62.60258,8.30146],[-62.60706,8.30332],[-62.60808,8.30395],[-62.60902,8.30493],[-62.61697,8.31562],[-62.61647,8.31452],[-62.61628,8.31483],[-62.61647,8.31453],[-62.6163,8.31483],[-62.61642,8.31504],[-62.62382,8.32501],[-62.62466,8.32704],[-62.6266,8.33401],[-62.62724,8.33393],[-62.62854,8.33417],[-62.6291,8.3343],[-62.6293,8.33468],[-62.63041,8.33481],[-62.6307,8.33587],[-62.63376,8.33846],[-62.63489,8.33761],[-62.6371,8.33975],[-62.64413,8.33263],[-62.64479,8.33242],[-62.6535,8.33712],[-62.65492,8.33826],[-62.65476,8.33895],[-62.65489,8.33926],[-62.6558,8.33924],[-62.65674,8.33858],[-62.65703,8.33803],[-62.65681,8.33761],[-62.65601,8.3375],[-62.65596,8.33705],[-62.65621,8.3365],[-62.66593,8.32031],[-62.66772,8.31541],[-62.66807,8.31208],[-62.6688,8.31086],[-62.66978,8.31029],[-62.67088,8.31004],[-62.67238,8.31282],[-62.67189,8.314],[-62.67101,8.31409],[-62.66773,8.31584],[-62.66747,8.31707],[-62.66764,8.31653],[-62.66849,8.31585],[-62.669,8.31611],[-62.669,8.31679],[-62.66943,8.3172],[-62.6698,8.31717],[-62.67001,8.31671],[-62.67026,8.31666],[-62.67137,8.31775],[-62.67172,8.31782],[-62.67199,8.31745],[-62.67168,8.31721],[-62.67151,8.31658],[-62.67201,8.31607],[-62.67282,8.31685],[-62.6732,8.31664],[-62.67349,8.31673],[-62.67395,8.31817],[-62.67453,8.31827],[-62.67432,8.31879],[-62.67582,8.31883],[-62.67646,8.31848],[-62.67643,8.31805],[-62.6767,8.31738],[-62.67654,8.3168],[-62.6771,8.3172],[-62.67739,8.31718],[-62.67828,8.31616],[-62.67941,8.31556],[-62.67984,8.31499],[-62.68171,8.31471],[-62.68239,8.31434],[-62.68234,8.3141],[-62.68203,8.31402],[-62.68225,8.31401],[-62.68103,8.31377],[-62.68111,8.31329],[-62.68064,8.31306],[-62.67929,8.31293],[-62.67868,8.31309],[-62.67791,8.31196],[-62.67697,8.31198],[-62.67663,8.31154],[-62.67605,8.31222],[-62.67665,8.31178],[-62.67687,8.31195],[-62.67703,8.3125],[-62.67692,8.31325],[-62.67607,8.31395],[-62.67539,8.31359],[-62.67585,8.31419],[-62.67549,8.31437],[-62.6757,8.31447],[-62.67488,8.31466],[-62.67465,8.31501],[-62.67601,8.31525],[-62.67733,8.31463],[-62.6771,8.31441],[-62.67596,8.31422],[-62.67446,8.31465],[-62.67363,8.31436],[-62.67262,8.31313],[-62.67109,8.30986],[-62.67252,8.30894],[-62.67465,8.30541],[-62.67548,8.30453],[-62.6815,8.30324],[-62.68288,8.30252],[-62.68425,8.29916],[-62.69232,8.28787],[-62.69357,8.28643],[-62.69523,8.28575],[-62.70329,8.28578],[-62.70535,8.28638],[-62.70806,8.28819],[-62.70789,8.28854],[-62.70799,8.28898],[-62.70746,8.28973],[-62.70509,8.29061],[-62.70349,8.29204],[-62.70196,8.29264],[-62.7016,8.29322],[-62.70157,8.29353],[-62.702,8.29419],[-62.70258,8.29446],[-62.70267,8.29476],[-62.70241,8.29552],[-62.70163,8.29617],[-62.70111,8.2969],[-62.7009,8.29772],[-62.70186,8.30017],[-62.70197,8.30111],[-62.70255,8.3022],[-62.70244,8.30379],[-62.70186,8.304],[-62.70241,8.30398],[-62.70229,8.30499],[-62.70156,8.30595],[-62.70106,8.30545],[-62.70069,8.30589],[-62.70032,8.30556],[-62.70058,8.30582],[-62.70028,8.30573],[-62.69948,8.30631],[-62.70081,8.30678],[-62.70168,8.30606],[-62.70215,8.30668],[-62.70544,8.30454],[-62.70799,8.30325],[-62.71231,8.30207],[-62.71337,8.30223],[-62.71318,8.30113],[-62.71339,8.29951],[-62.71506,8.29979],[-62.71907,8.29847],[-62.71986,8.2963],[-62.73611,8.29051],[-62.73654,8.29046],[-62.73765,8.29087],[-62.73866,8.29085],[-62.73935,8.29048],[-62.74073,8.28902],[-62.74599,8.28571],[-62.74819,8.28519],[-62.75168,8.28397],[-62.75177,8.28337],[-62.75084,8.28064],[-62.7508,8.27518],[-62.75068,8.27521]]},"properties":{"id":"17322173427","date":"2026-02-07","name":"Dia 144","chapter":3,"chapter_slug":"gran-sabana-leste","country":"VE","transport":"bicycle","distance_km":85.9,"elev_gain_m":602,"moving_time_s":19642,"points":275}},{"type":"Feature","geometry":{"type":"LineString","coordinates":[[-62.74878,8.27196],[-62.7484,8.27211],[-62.74716,8.27106],[-62.74635,8.26912],[-62.74263,8.26962],[-62.74123,8.27018],[-62.73662,8.27269],[-62.72705,8.27841],[-62.72561,8.27644],[-62.72286,8.27533],[-62.72126,8.27415],[-62.7198,8.27539],[-62.71791,8.27742],[-62.71644,8.27858],[-62.70907,8.28296],[-62.70588,8.28509],[-62.70247,8.28536],[-62.69543,8.28533],[-62.69428,8.28558],[-62.69323,8.28619],[-62.68389,8.29909],[-62.68273,8.30205],[-62.68153,8.30291],[-62.67681,8.30375],[-62.67522,8.30431],[-62.6746,8.30497],[-62.67224,8.30857],[-62.66919,8.31011],[-62.66815,8.31118],[-62.66775,8.31228],[-62.66737,8.31561],[-62.66534,8.32088],[-62.66134,8.32716],[-62.65586,8.33651],[-62.65571,8.33702],[-62.65583,8.33774],[-62.65459,8.33875],[-62.65455,8.33924],[-62.65171,8.34241],[-62.65058,8.34426],[-62.64956,8.34642],[-62.64849,8.35099],[-62.64815,8.35342],[-62.64815,8.35748],[-62.64917,8.36359],[-62.64883,8.36573],[-62.648,8.36772],[-62.65048,8.36965],[-62.65726,8.37751],[-62.6593,8.37648],[-62.66043,8.3754],[-62.66066,8.37544],[-62.66062,8.37525],[-62.6608,8.37514],[-62.68084,8.38762],[-62.6807,8.38748],[-62.67959,8.3886],[-62.67946,8.38968],[-62.67964,8.39011],[-62.68187,8.39282],[-62.68255,8.39838],[-62.68376,8.40517],[-62.68481,8.40876],[-62.7029,8.44089],[-62.70436,8.44382],[-62.72854,8.50506],[-62.7296,8.50908],[-62.73457,8.53488],[-62.73523,8.53739],[-62.73669,8.54127],[-62.74906,8.57081],[-62.75038,8.57477],[-62.7527,8.58327],[-62.75189,8.58332],[-62.75273,8.5833],[-62.7611,8.61423],[-62.76974,8.65746],[-62.76985,8.65775],[-62.77022,8.65805],[-62.77023,8.65793],[-62.77016,8.65804],[-62.77024,8.65787],[-62.76988,8.6577],[-62.76982,8.65787],[-62.77083,8.66388],[-62.77305,8.68416],[-62.77301,8.68691],[-62.77126,8.70908],[-62.77051,8.71448],[-62.76539,8.74425],[-62.75749,8.77618],[-62.7571,8.7794],[-62.75473,8.81617],[-62.75436,8.81967],[-62.74756,8.85707],[-62.74703,8.86111],[-62.74813,8.90665],[-62.7465,8.94559],[-62.74685,8.9491],[-62.75194,8.98484],[-62.75202,8.98464],[-62.75183,8.98513],[-62.75212,8.98606],[-62.75261,8.98977],[-62.75258,8.99285],[-62.74893,9.02035],[-62.74712,9.03239],[-62.73471,9.07234],[-62.73389,9.07547],[-62.73364,9.07782],[-62.73296,9.10203],[-62.73402,9.1032],[-62.77676,9.14204],[-62.77872,9.14341],[-62.78066,9.14444],[-62.79309,9.15002],[-62.79325,9.15006],[-62.79345,9.1497]]},"properties":{"id":"17367170442","date":"2026-02-11","name":"Dia 148","chapter":3,"chapter_slug":"gran-sabana-leste","country":"VE","transport":"bicycle","distance_km":111.8,"elev_gain_m":359,"moving_time_s":23296,"points":118}},{"type":"Feature","geometry":{"type":"LineString","coordinates":[[-62.7938,9.15027],[-62.85971,9.17971],[-62.86101,9.18046],[-62.86238,9.1816],[-62.96363,9.3054],[-62.96489,9.30697],[-62.96449,9.30713],[-62.96432,9.30742],[-62.9645,9.30711],[-62.96496,9.30698],[-62.9817,9.32749],[-62.98251,9.32871],[-62.98323,9.33061],[-62.98604,9.34353],[-62.98688,9.34524],[-62.98799,9.34614],[-63.00233,9.35224],[-63.00451,9.35357],[-63.00645,9.3558],[-63.01309,9.36651],[-63.01376,9.36883],[-63.01386,9.37115],[-63.01407,9.37173],[-63.01356,9.37275],[-63.01272,9.3758],[-63.01256,9.37646],[-63.01284,9.37671],[-63.01258,9.37669],[-63.0123,9.37732],[-63.01023,9.38486],[-63.01004,9.38637],[-63.01017,9.38841],[-63.01275,9.39926],[-63.01309,9.39979],[-63.0129,9.39996],[-63.01322,9.4005],[-63.01328,9.40146],[-63.02827,9.46347],[-63.02889,9.46557],[-63.02987,9.46779],[-63.03218,9.47119],[-63.07585,9.5202],[-63.07729,9.52171],[-63.07759,9.52172],[-63.07747,9.522],[-63.07845,9.52312],[-63.1172,9.56662],[-63.11935,9.57064],[-63.12597,9.58518],[-63.12823,9.59307],[-63.12863,9.59398],[-63.12937,9.59514],[-63.13686,9.60425],[-63.13776,9.60581],[-63.13808,9.60866],[-63.13868,9.64837],[-63.14006,9.65916],[-63.14084,9.6617],[-63.15048,9.68242],[-63.15119,9.68453],[-63.15133,9.69912],[-63.151,9.70274],[-63.15091,9.72526],[-63.15139,9.72631],[-63.1521,9.727],[-63.15739,9.72976],[-63.15686,9.73063],[-63.15633,9.73109],[-63.15634,9.73147],[-63.15529,9.73322],[-63.15534,9.73419],[-63.15571,9.73439],[-63.15574,9.73632],[-63.15467,9.73645],[-63.1498,9.73981],[-63.14003,9.74541],[-63.13915,9.74567],[-63.137,9.74577],[-63.13215,9.74666],[-63.13168,9.74363],[-63.13063,9.7438]]},"properties":{"id":"17378279826","date":"2026-02-12","name":"Dia 149","chapter":3,"chapter_slug":"gran-sabana-leste","country":"VE","transport":"bicycle","distance_km":85.6,"elev_gain_m":167,"moving_time_s":17804,"points":81}},{"type":"Feature","geometry":{"type":"LineString","coordinates":[[-63.13092,9.74371],[-63.13159,9.74364],[-63.13201,9.74671],[-63.13337,9.74673],[-63.13696,9.74597],[-63.13968,9.74575],[-63.14427,9.74306],[-63.14365,9.74345],[-63.14409,9.74336],[-63.14367,9.74341],[-63.1444,9.74285],[-63.14349,9.74122],[-63.14406,9.74086],[-63.1438,9.74057],[-63.14359,9.74081],[-63.14347,9.74069],[-63.14348,9.74099],[-63.14351,9.74072],[-63.14336,9.7409],[-63.1435,9.74094],[-63.14355,9.74068],[-63.14346,9.7409],[-63.14371,9.74085],[-63.1438,9.74061],[-63.1438,9.74081],[-63.14408,9.74078],[-63.14361,9.74123],[-63.14446,9.74294],[-63.14647,9.74193],[-63.14863,9.74053],[-63.15126,9.74051],[-63.16031,9.7399],[-63.16281,9.7396],[-63.16406,9.73892],[-63.16453,9.7395],[-63.16567,9.74408],[-63.16575,9.7452],[-63.16632,9.745],[-63.17281,9.74552],[-63.1729,9.74502],[-63.17315,9.74496],[-63.17256,9.7454],[-63.17198,9.74539],[-63.17213,9.74542],[-63.17234,9.74496],[-63.17196,9.74568],[-63.17211,9.74529],[-63.17273,9.74537],[-63.17304,9.74481],[-63.17103,9.74462],[-63.17075,9.74896],[-63.16965,9.74958],[-63.16965,9.74987],[-63.16961,9.74966],[-63.16942,9.74972],[-63.16756,9.75064],[-63.16588,9.74366],[-63.1651,9.74155],[-63.16503,9.74057],[-63.16449,9.73921],[-63.1641,9.73894],[-63.16275,9.73962],[-63.16049,9.73985],[-63.15993,9.73957],[-63.15044,9.74036],[-63.14925,9.74013],[-63.14538,9.74216],[-63.14553,9.74209],[-63.13991,9.74545],[-63.13909,9.74569],[-63.13697,9.74578],[-63.13319,9.74656],[-63.13204,9.74661],[-63.13159,9.74321],[-63.13025,9.74335],[-63.13147,9.74323],[-63.13158,9.74362]]},"properties":{"id":"17401077604","date":"2026-02-14","name":"Maturín con los moteros","chapter":3,"chapter_slug":"gran-sabana-leste","country":"VE","transport":"bicycle","distance_km":15.1,"elev_gain_m":48,"moving_time_s":6787,"points":77}},{"type":"Feature","geometry":{"type":"LineString","coordinates":[[-63.13059,9.74376],[-63.13158,9.74365],[-63.13201,9.74673],[-63.13377,9.74659],[-63.13699,9.74596],[-63.139,9.74591],[-63.14014,9.74553],[-63.14869,9.74053],[-63.14917,9.74047],[-63.14929,9.74065],[-63.15713,9.73997],[-63.16032,9.73988],[-63.16286,9.73956],[-63.16409,9.73891],[-63.16449,9.73947],[-63.16558,9.74407],[-63.16557,9.74516],[-63.16577,9.74523],[-63.16761,9.75264],[-63.16812,9.75366],[-63.16863,9.75412],[-63.16951,9.75465],[-63.17055,9.75484],[-63.18086,9.75427],[-63.18286,9.75469],[-63.18411,9.75535],[-63.20116,9.78762],[-63.2029,9.79198],[-63.20383,9.79489],[-63.2046,9.7963],[-63.2064,9.80067],[-63.21058,9.81132],[-63.2107,9.81238],[-63.21093,9.81256],[-63.22924,9.80136],[-63.23059,9.80083],[-63.27842,9.79758],[-63.28693,9.79652],[-63.28778,9.79667],[-63.30492,9.80241],[-63.30519,9.80246],[-63.30525,9.80232],[-63.30566,9.80262],[-63.31275,9.8049],[-63.31514,9.80485],[-63.32779,9.80299],[-63.33191,9.80307],[-63.33392,9.80349],[-63.33975,9.80568],[-63.34831,9.80592],[-63.35547,9.80767],[-63.35799,9.80854],[-63.36477,9.81197],[-63.36606,9.81222],[-63.3676,9.81222],[-63.36901,9.81274],[-63.36986,9.81349],[-63.3704,9.81438],[-63.38002,9.83546],[-63.38139,9.83742],[-63.38286,9.83861],[-63.3967,9.84802],[-63.39768,9.84841],[-63.39766,9.84829],[-63.39697,9.84809],[-63.40477,9.85355],[-63.40626,9.85527],[-63.40798,9.85824],[-63.40774,9.85787],[-63.4075,9.85782],[-63.40809,9.8582],[-63.40798,9.85827],[-63.4089,9.85969],[-63.41293,9.8645],[-63.41804,9.86978],[-63.41938,9.87207],[-63.42126,9.87456],[-63.42821,9.88],[-63.42882,9.88025],[-63.43121,9.8805],[-63.43433,9.88263],[-63.43481,9.88316],[-63.43561,9.88502],[-63.43559,9.88557],[-63.43484,9.88657],[-63.43323,9.88753],[-63.43283,9.88837],[-63.43235,9.88849],[-63.43167,9.88769],[-63.431,9.88735],[-63.43043,9.88733],[-63.42731,9.88945],[-63.42695,9.89002],[-63.42692,9.8907],[-63.42728,9.89242],[-63.42994,9.90353],[-63.43069,9.90551],[-63.43174,9.90657],[-63.43334,9.90949],[-63.43541,9.91097],[-63.44204,9.91711],[-63.44559,9.92013],[-63.45272,9.9267],[-63.45347,9.92789],[-63.45567,9.92841],[-63.45725,9.92983],[-63.45735,9.93027],[-63.45685,9.9327],[-63.45736,9.9365],[-63.45917,9.93922],[-63.46043,9.9423],[-63.46308,9.94492],[-63.46406,9.94632],[-63.46533,9.9477],[-63.46607,9.94996],[-63.46617,9.9525],[-63.46641,9.95304],[-63.46937,9.95658],[-63.4734,9.96006],[-63.47393,9.96195],[-63.47432,9.96499],[-63.47606,9.96715],[-63.47994,9.97039],[-63.48065,9.97059],[-63.4827,9.97025],[-63.48354,9.9698],[-63.48487,9.96974],[-63.48785,9.96899],[-63.48772,9.9683],[-63.4883,9.96817],[-63.48769,9.96818],[-63.48744,9.96714],[-63.48735,9.9676],[-63.48755,9.96767],[-63.48767,9.9682],[-63.48828,9.96817],[-63.48816,9.96805],[-63.48819,9.96829],[-63.48816,9.96807],[-63.48773,9.96828],[-63.4879,9.96912],[-63.48801,9.96894],[-63.48816,9.9702],[-63.48884,9.97246],[-63.48975,9.97391],[-63.49883,9.97906],[-63.50413,9.98064],[-63.50956,9.98426],[-63.50979,9.98618],[-63.51045,9.9869],[-63.5141,9.98722],[-63.52112,9.98973],[-63.52483,9.99074],[-63.5265,9.99166],[-63.52843,9.99228],[-63.533,9.99612],[-63.5348,9.99723],[-63.53594,9.99763],[-63.53713,9.99733],[-63.53766,9.99785],[-63.53861,10.00086],[-63.53856,10.00219],[-63.53879,10.00299],[-63.54019,10.00489],[-63.54286,10.00737],[-63.54382,10.00865],[-63.54387,10.00926],[-63.54346,10.01166],[-63.54447,10.018],[-63.54504,10.01834],[-63.54676,10.01829],[-63.54812,10.01893],[-63.54956,10.019],[-63.54976,10.01927],[-63.54963,10.02021],[-63.5499,10.02097],[-63.55111,10.02194],[-63.55108,10.02227],[-63.55055,10.0228],[-63.54872,10.02341],[-63.54687,10.02362],[-63.54656,10.02398],[-63.54662,10.02466],[-63.54825,10.02611],[-63.55377,10.03006],[-63.55396,10.03053],[-63.55386,10.03096],[-63.55339,10.0313],[-63.55323,10.03167],[-63.55374,10.03245],[-63.55395,10.03334],[-63.55549,10.03441],[-63.55628,10.03521],[-63.55697,10.03622],[-63.55723,10.03722],[-63.5571,10.03824],[-63.55678,10.03892],[-63.54824,10.05273],[-63.54683,10.05366],[-63.54529,10.05645],[-63.54372,10.05853],[-63.54204,10.06192],[-63.5417,10.06337],[-63.54119,10.06453],[-63.54135,10.06533],[-63.5405,10.06606],[-63.5405,10.06666],[-63.5396,10.06795],[-63.53939,10.06888],[-63.53981,10.06957],[-63.54091,10.07021],[-63.54171,10.07107],[-63.5438,10.07184],[-63.5449,10.07188],[-63.54569,10.0725],[-63.54652,10.07254],[-63.54722,10.07221],[-63.54831,10.07235],[-63.54931,10.07201],[-63.55351,10.07248],[-63.55447,10.07224],[-63.55679,10.07095],[-63.55793,10.07083],[-63.56239,10.07432],[-63.56537,10.07602],[-63.56741,10.07693],[-63.57117,10.07794],[-63.57177,10.07777],[-63.57268,10.07711],[-63.57475,10.07679],[-63.577,10.07477],[-63.5786,10.07436],[-63.57977,10.07368],[-63.58162,10.07334],[-63.58312,10.07256],[-63.58473,10.07211],[-63.58669,10.07227],[-63.59551,10.07452],[-63.59912,10.07322],[-63.60144,10.07207],[-63.60281,10.07192],[-63.60551,10.07249],[-63.60726,10.0745],[-63.60972,10.07663],[-63.60954,10.07771]]},"properties":{"id":"17419159701","date":"2026-02-15","name":"Dia 152","chapter":3,"chapter_slug":"gran-sabana-leste","country":"VE","transport":"bicycle","distance_km":85.1,"elev_gain_m":997,"moving_time_s":21988,"points":245}},{"type":"Feature","geometry":{"type":"LineString","coordinates":[[-63.60977,10.07662],[-63.60949,10.07769],[-63.60963,10.07785],[-63.61312,10.07884],[-63.61546,10.07874],[-63.62019,10.08051],[-63.62141,10.08068],[-63.62376,10.08012],[-63.62574,10.08077],[-63.62757,10.08111],[-63.62964,10.08115],[-63.63305,10.08195],[-63.63466,10.08627],[-63.6343,10.08736],[-63.63255,10.08795],[-63.63178,10.08908],[-63.63157,10.09012],[-63.63228,10.09282],[-63.63419,10.09444],[-63.63572,10.09481],[-63.63886,10.09625],[-63.64054,10.09877],[-63.64072,10.09956],[-63.6403,10.10031],[-63.64082,10.10149],[-63.64091,10.10218],[-63.64186,10.10299],[-63.64218,10.10415],[-63.64284,10.10483],[-63.64267,10.1054],[-63.64281,10.10596],[-63.64357,10.10723],[-63.64349,10.10772],[-63.64308,10.10821],[-63.6432,10.10908],[-63.64347,10.10934],[-63.64435,10.10959],[-63.64494,10.11096],[-63.64496,10.11125],[-63.64435,10.11253],[-63.64368,10.11284],[-63.64299,10.11352],[-63.64034,10.11452],[-63.63857,10.11567],[-63.6383,10.11617],[-63.63823,10.11749],[-63.63792,10.11806],[-63.6354,10.12002],[-63.63384,10.1209],[-63.63356,10.12093],[-63.63344,10.12068],[-63.63447,10.11931],[-63.63494,10.11831],[-63.63488,10.11796],[-63.63459,10.11773],[-63.63441,10.11772],[-63.63397,10.11846],[-63.63272,10.11877],[-63.63202,10.11926],[-63.62938,10.12034],[-63.62951,10.12071],[-63.6303,10.12128],[-63.63023,10.12152],[-63.62956,10.12125],[-63.62906,10.12127],[-63.62514,10.12327],[-63.62228,10.12426],[-63.62178,10.12483],[-63.62069,10.12489],[-63.62027,10.12524],[-63.61962,10.12659],[-63.61858,10.12798],[-63.61773,10.12849],[-63.61638,10.12874],[-63.61364,10.12766],[-63.61343,10.12798],[-63.61375,10.12851],[-63.61291,10.12905],[-63.6124,10.12892],[-63.61142,10.1306],[-63.61017,10.13092],[-63.60801,10.13091],[-63.60717,10.13194],[-63.60618,10.13251],[-63.6046,10.1325],[-63.60407,10.13217],[-63.60378,10.13222],[-63.60356,10.13251],[-63.60396,10.13309],[-63.60299,10.13379],[-63.60284,10.13457],[-63.60179,10.13477],[-63.60128,10.1356],[-63.60135,10.13632],[-63.6022,10.13823],[-63.60227,10.13934],[-63.60277,10.14076],[-63.60282,10.14128],[-63.60255,10.14192],[-63.60032,10.14294],[-63.59896,10.144],[-63.59755,10.14419],[-63.59678,10.14475],[-63.59357,10.14499],[-63.59237,10.14537],[-63.58806,10.14817],[-63.58674,10.14934],[-63.5859,10.14968],[-63.58442,10.15067],[-63.58244,10.15102],[-63.58174,10.15091],[-63.57364,10.14694],[-63.57282,10.14663],[-63.57081,10.1463],[-63.56927,10.14546],[-63.56852,10.14533],[-63.56585,10.14589],[-63.55953,10.14779],[-63.55833,10.14885],[-63.55619,10.15227],[-63.55572,10.15268],[-63.55298,10.15239],[-63.55202,10.152],[-63.55217,10.15206],[-63.55216,10.15192],[-63.55214,10.15206],[-63.55172,10.1519],[-63.55148,10.15202],[-63.55162,10.15264],[-63.55298,10.1534],[-63.55306,10.15526],[-63.55338,10.1558],[-63.55377,10.15747],[-63.55369,10.15824],[-63.55453,10.15922],[-63.55484,10.16049],[-63.55577,10.16101],[-63.55607,10.16139],[-63.55584,10.16228],[-63.55615,10.16348],[-63.55612,10.16419],[-63.55527,10.16528],[-63.55503,10.16662],[-63.55465,10.16734],[-63.55469,10.16784],[-63.5553,10.16847],[-63.55534,10.16882],[-63.55521,10.16909],[-63.55408,10.1697],[-63.55373,10.1703],[-63.55373,10.171],[-63.55434,10.17136],[-63.55443,10.17163],[-63.55421,10.17173],[-63.55447,10.17177],[-63.554,10.17074],[-63.5543,10.1701],[-63.55526,10.1694],[-63.55548,10.16898],[-63.55546,10.16857],[-63.55495,10.16768],[-63.55539,10.16655],[-63.55552,10.16554],[-63.55634,10.16422],[-63.55601,10.16231],[-63.55619,10.16149],[-63.55583,10.1609],[-63.55495,10.1604],[-63.55469,10.15923],[-63.55383,10.15827],[-63.55385,10.15738],[-63.55319,10.15531],[-63.55303,10.1534],[-63.55271,10.15308],[-63.5516,10.15259],[-63.55135,10.15105],[-63.55069,10.15031],[-63.54749,10.14847],[-63.54453,10.14809],[-63.54035,10.14977],[-63.53783,10.15043],[-63.53591,10.15169],[-63.53351,10.15166],[-63.5329,10.15187],[-63.53124,10.1533],[-63.52941,10.15436],[-63.52779,10.15591],[-63.52658,10.15898],[-63.525,10.16071],[-63.52384,10.16249],[-63.5232,10.16315],[-63.51748,10.16601],[-63.51297,10.16865],[-63.51113,10.16926],[-63.51084,10.16951],[-63.51136,10.16919],[-63.51001,10.16954],[-63.50312,10.17234],[-63.50329,10.17235],[-63.50373,10.17346],[-63.50476,10.17408],[-63.50653,10.17448],[-63.50773,10.17512],[-63.50984,10.17492],[-63.51185,10.17656],[-63.51337,10.17716],[-63.51398,10.17779],[-63.51424,10.17773],[-63.51452,10.17719],[-63.51533,10.17754],[-63.51607,10.17749],[-63.51694,10.17688],[-63.51736,10.17613],[-63.51804,10.17574],[-63.51832,10.17585],[-63.51822,10.17643],[-63.51834,10.17703],[-63.51832,10.17608],[-63.5185,10.17755],[-63.51886,10.17679],[-63.51904,10.17686],[-63.51894,10.17676]]},"properties":{"id":"17427761666","date":"2026-02-16","name":"Dia 153","chapter":3,"chapter_slug":"gran-sabana-leste","country":"VE","transport":"bicycle","distance_km":36.2,"elev_gain_m":1098,"moving_time_s":12405,"points":222}},{"type":"Feature","geometry":{"type":"LineString","coordinates":[[-63.51839,10.17697],[-63.51822,10.17625],[-63.51831,10.17577],[-63.51799,10.17564],[-63.51731,10.17609],[-63.51671,10.177],[-63.51601,10.17744],[-63.51524,10.17746],[-63.51446,10.1771],[-63.51395,10.17771],[-63.51328,10.17705],[-63.51181,10.17645],[-63.51014,10.17491],[-63.50958,10.1748],[-63.50764,10.17504],[-63.50644,10.17435],[-63.50483,10.17401],[-63.50378,10.17344],[-63.50323,10.1723],[-63.50093,10.17324],[-63.50102,10.17306],[-63.50073,10.17316],[-63.5008,10.17291],[-63.50129,10.1728],[-63.50109,10.1726],[-63.50139,10.17285],[-63.50166,10.17337],[-63.50169,10.17422],[-63.50099,10.17308],[-63.50126,10.1729],[-63.50089,10.17286],[-63.50106,10.17301],[-63.50066,10.17316],[-63.50107,10.17325],[-63.50088,10.17294],[-63.50062,10.1733],[-63.501,10.17306],[-63.50261,10.17278],[-63.50242,10.17263],[-63.50263,10.17351],[-63.50218,10.17263],[-63.50925,10.17003],[-63.50983,10.1696],[-63.51271,10.16886],[-63.51676,10.16642],[-63.52314,10.16326],[-63.52674,10.15879],[-63.52751,10.15643],[-63.52813,10.15555],[-63.52961,10.15427],[-63.53151,10.15315],[-63.53283,10.15188],[-63.53368,10.15168],[-63.53597,10.15172],[-63.53783,10.15045],[-63.54007,10.14989],[-63.54453,10.14811],[-63.5464,10.14825],[-63.54745,10.14852],[-63.55124,10.15081],[-63.55151,10.1525],[-63.55273,10.15306],[-63.55302,10.1534],[-63.55309,10.15522],[-63.55344,10.15591],[-63.5538,10.15749],[-63.55374,10.1583],[-63.55467,10.15929],[-63.55481,10.1604],[-63.55585,10.161],[-63.55609,10.16141],[-63.55593,10.16245],[-63.55621,10.16417],[-63.55539,10.16558],[-63.55521,10.1666],[-63.55478,10.16752],[-63.5554,10.16885],[-63.55522,10.1692],[-63.55397,10.17024],[-63.5539,10.17095],[-63.55444,10.17152],[-63.55401,10.17184],[-63.55427,10.17157],[-63.55441,10.17213],[-63.55371,10.17346],[-63.554,10.17354],[-63.5545,10.17286],[-63.55477,10.17286],[-63.55489,10.17306],[-63.55296,10.17494],[-63.55012,10.17629],[-63.54693,10.17863],[-63.54614,10.17956],[-63.54558,10.17976],[-63.54543,10.17996],[-63.54557,10.18019],[-63.5464,10.18003],[-63.54658,10.18028],[-63.5455,10.18101],[-63.54441,10.18139],[-63.54322,10.18243],[-63.54237,10.18483],[-63.5423,10.1857],[-63.54208,10.18597],[-63.54156,10.18608],[-63.54052,10.18572],[-63.54002,10.18586],[-63.53966,10.18639],[-63.53958,10.18676],[-63.54019,10.18841],[-63.5399,10.18941],[-63.53997,10.18996],[-63.5423,10.19403],[-63.54257,10.19587],[-63.54233,10.19654],[-63.54192,10.19689],[-63.53854,10.1983],[-63.53804,10.2004],[-63.53652,10.19778],[-63.53443,10.19316],[-63.53428,10.19249],[-63.53403,10.19222],[-63.53318,10.19206],[-63.53314,10.19128],[-63.53256,10.19074],[-63.53249,10.18967],[-63.53221,10.18906],[-63.53111,10.18823],[-63.53062,10.18736],[-63.52951,10.18736],[-63.52852,10.18647],[-63.52759,10.18711],[-63.52712,10.18702],[-63.52553,10.18575],[-63.52569,10.18456],[-63.52551,10.1842],[-63.52519,10.18407],[-63.52438,10.1841],[-63.52368,10.18459],[-63.52238,10.18434],[-63.52193,10.18522],[-63.52097,10.18583],[-63.51914,10.1856],[-63.51737,10.18608],[-63.51693,10.18584],[-63.52448,10.18407],[-63.5239,10.18344],[-63.52335,10.18328],[-63.523,10.18284],[-63.52195,10.18215],[-63.52127,10.18179],[-63.52063,10.1818],[-63.52034,10.18123],[-63.51974,10.18074],[-63.51988,10.18005],[-63.51964,10.17972],[-63.51925,10.17965],[-63.51849,10.17993],[-63.51853,10.17959],[-63.51972,10.17845],[-63.51973,10.17821],[-63.51774,10.17915],[-63.5174,10.17912],[-63.5186,10.17748],[-63.51889,10.17679]]},"properties":{"id":"17432728259","date":"2026-02-17","name":"Dia 154","chapter":3,"chapter_slug":"gran-sabana-leste","country":"VE","transport":"bicycle","distance_km":24,"elev_gain_m":595,"moving_time_s":8538,"points":165}},{"type":"Feature","geometry":{"type":"LineString","coordinates":[[-63.51895,10.17858],[-63.51988,10.17825],[-63.51859,10.17951],[-63.51855,10.18002],[-63.51928,10.17968],[-63.51965,10.17972],[-63.5199,10.18009],[-63.51974,10.1807],[-63.52037,10.18121],[-63.52062,10.18182],[-63.52148,10.18189],[-63.52289,10.18273],[-63.52335,10.1833],[-63.52394,10.18344],[-63.52444,10.18401],[-63.52553,10.18424],[-63.52571,10.1848],[-63.52545,10.1856],[-63.52634,10.18654],[-63.5275,10.18719],[-63.52876,10.18656],[-63.52955,10.18737],[-63.53069,10.18738],[-63.5312,10.18837],[-63.53233,10.18927],[-63.53251,10.19065],[-63.53316,10.19129],[-63.53321,10.19204],[-63.5343,10.19252],[-63.53443,10.19319],[-63.5367,10.19822],[-63.5327,10.20083],[-63.53213,10.20085]]},"properties":{"id":"17452422240","date":"2026-02-18","name":"Pedalada ao entardecer","chapter":3,"chapter_slug":"gran-sabana-leste","country":"VE","transport":"bicycle","distance_km":4.4,"elev_gain_m":182,"moving_time_s":1906,"points":33}},{"type":"Feature","geometry":{"type":"LineString","coordinates":[[-63.53338,10.2001],[-63.53386,10.20006],[-63.53671,10.19829],[-63.53784,10.20024],[-63.54215,10.20923],[-63.54355,10.2133],[-63.54495,10.21467],[-63.54501,10.21529],[-63.54452,10.21622],[-63.54447,10.2168],[-63.54477,10.21726],[-63.54566,10.21795],[-63.54673,10.21814],[-63.54918,10.21773],[-63.5507,10.21844],[-63.55167,10.21845],[-63.55589,10.21777],[-63.55713,10.21707],[-63.55826,10.21712],[-63.55784,10.21699],[-63.55835,10.21706],[-63.55943,10.21654],[-63.56006,10.21646],[-63.56004,10.21629]]},"properties":{"id":"17452463216","date":"2026-02-19","name":"Pedalada matinal","chapter":3,"chapter_slug":"gran-sabana-leste","country":"VE","transport":"bicycle","distance_km":4.7,"elev_gain_m":143,"moving_time_s":1658,"points":24}},{"type":"Feature","geometry":{"type":"LineString","coordinates":[[-63.5579,10.21709],[-63.55721,10.21705],[-63.55554,10.21785],[-63.55138,10.21851],[-63.5507,10.21841],[-63.54919,10.21767],[-63.54647,10.21816],[-63.54558,10.21787],[-63.54477,10.21718],[-63.54448,10.21665],[-63.54506,10.21531],[-63.54507,10.21476],[-63.54359,10.21329],[-63.5424,10.20952],[-63.5399,10.20452],[-63.53987,10.20464],[-63.53815,10.20087],[-63.53794,10.20017],[-63.53802,10.20041],[-63.53814,10.20002],[-63.53793,10.20042],[-63.53731,10.19937],[-63.53616,10.19975],[-63.5352,10.19917],[-63.5327,10.20086],[-63.53221,10.2009]]},"properties":{"id":"17452467713","date":"2026-02-19","name":"Pedalada vespertina","chapter":3,"chapter_slug":"gran-sabana-leste","country":"VE","transport":"bicycle","distance_km":4.6,"elev_gain_m":38,"moving_time_s":1047,"points":26}},{"type":"Feature","geometry":{"type":"LineString","coordinates":[[-63.53301,10.20071],[-63.53551,10.19894],[-63.53672,10.19831],[-63.5423,10.20954],[-63.54355,10.2133],[-63.54497,10.21479],[-63.54501,10.21523],[-63.54441,10.21659],[-63.54461,10.21711],[-63.54614,10.21817],[-63.54923,10.21776],[-63.55081,10.21852],[-63.55216,10.21851],[-63.55364,10.22008],[-63.55525,10.2235],[-63.55542,10.22429],[-63.5553,10.22484],[-63.55339,10.22691],[-63.55331,10.22723],[-63.55361,10.22843],[-63.55266,10.22923],[-63.55251,10.22956],[-63.55272,10.23029],[-63.55396,10.23231],[-63.55362,10.23346],[-63.55384,10.23476],[-63.55346,10.23643],[-63.55339,10.23865],[-63.55262,10.23986],[-63.54999,10.23982],[-63.54959,10.24033],[-63.54936,10.24207],[-63.54802,10.24296],[-63.5478,10.24335],[-63.54832,10.24471],[-63.54909,10.24534],[-63.5496,10.24546],[-63.55093,10.24532],[-63.5513,10.24554],[-63.55224,10.24672],[-63.55388,10.24667],[-63.55553,10.24709],[-63.55581,10.24733],[-63.55579,10.24785],[-63.55441,10.24971],[-63.55411,10.25066],[-63.55178,10.25186],[-63.55137,10.25292],[-63.55147,10.25334],[-63.55203,10.25357],[-63.55386,10.25264],[-63.55593,10.25214],[-63.55643,10.25219],[-63.55709,10.25357],[-63.55869,10.25499],[-63.55913,10.25582],[-63.55947,10.25601],[-63.55982,10.25586],[-63.56038,10.2548],[-63.56084,10.25447],[-63.5613,10.25452],[-63.56221,10.25499],[-63.56256,10.25485],[-63.56324,10.25389],[-63.56459,10.25422],[-63.56629,10.25419],[-63.56782,10.25535],[-63.56986,10.25561],[-63.56982,10.25574],[-63.5711,10.25661],[-63.57241,10.25624],[-63.57267,10.25658],[-63.57292,10.25775],[-63.5741,10.2584],[-63.57446,10.25886],[-63.57481,10.26068],[-63.57386,10.26136],[-63.57368,10.26176],[-63.57432,10.26276],[-63.57435,10.26333],[-63.57414,10.26362],[-63.57255,10.26445],[-63.57194,10.26517],[-63.57208,10.26555],[-63.57289,10.26605],[-63.57362,10.26699],[-63.57377,10.26759],[-63.57362,10.26889],[-63.57332,10.26929],[-63.57236,10.26955],[-63.57219,10.27038],[-63.57156,10.27103],[-63.57048,10.27311],[-63.57039,10.27402],[-63.57115,10.27581],[-63.5709,10.2761],[-63.56998,10.27642],[-63.56986,10.27868],[-63.56838,10.28008],[-63.56827,10.28061],[-63.56881,10.28086],[-63.57027,10.28053],[-63.57076,10.28071],[-63.57077,10.2813],[-63.56981,10.28235],[-63.56994,10.28291],[-63.57136,10.2836],[-63.57236,10.28491],[-63.5749,10.28527],[-63.57538,10.28578],[-63.57546,10.28677],[-63.57498,10.28906],[-63.57539,10.29034],[-63.57595,10.29056],[-63.57758,10.29005],[-63.5782,10.29031],[-63.57858,10.29133],[-63.57918,10.29209],[-63.58025,10.29252],[-63.58072,10.29329],[-63.58192,10.29418],[-63.58235,10.29533],[-63.584,10.29739],[-63.5851,10.29748],[-63.58847,10.29587],[-63.58873,10.29546],[-63.58821,10.29423],[-63.58832,10.29354],[-63.59015,10.29196],[-63.59056,10.29185],[-63.59096,10.29198],[-63.59209,10.29331],[-63.59324,10.29419],[-63.59447,10.29553],[-63.59461,10.29601],[-63.59435,10.29785],[-63.59549,10.30007],[-63.59704,10.30205],[-63.59708,10.30266],[-63.59665,10.30406],[-63.59674,10.30465],[-63.59861,10.30736],[-63.5987,10.30783],[-63.59834,10.30928],[-63.59834,10.31152],[-63.59758,10.31291],[-63.59669,10.31589],[-63.59707,10.31702],[-63.59703,10.31753],[-63.59574,10.31851],[-63.59543,10.31963],[-63.59303,10.32374],[-63.59205,10.32419],[-63.59074,10.32377],[-63.59019,10.32385],[-63.58963,10.32426],[-63.58882,10.32528],[-63.58857,10.32586],[-63.58852,10.32729],[-63.58752,10.32831],[-63.58697,10.32945],[-63.58694,10.33176],[-63.58714,10.33304],[-63.58688,10.33384],[-63.58634,10.33448],[-63.58542,10.33466],[-63.58501,10.33495],[-63.58482,10.3354],[-63.58485,10.33643],[-63.58461,10.33687],[-63.58141,10.33919],[-63.58107,10.34242],[-63.58006,10.3443],[-63.57977,10.34534],[-63.57976,10.34606],[-63.58019,10.34739],[-63.58025,10.3483],[-63.57956,10.35229],[-63.57911,10.35346],[-63.57926,10.35417],[-63.58077,10.35563],[-63.58334,10.35581],[-63.58467,10.35656],[-63.58596,10.35677],[-63.58736,10.35576],[-63.58919,10.355],[-63.5925,10.3548],[-63.59418,10.35393],[-63.59634,10.35386],[-63.598,10.35268],[-63.59939,10.35103],[-63.60059,10.35089],[-63.60131,10.35294],[-63.60297,10.35292],[-63.60452,10.35382],[-63.6061,10.35407],[-63.60893,10.35669],[-63.61109,10.35709],[-63.61277,10.35698],[-63.61476,10.35782],[-63.61506,10.35816],[-63.61507,10.35858],[-63.61492,10.35882],[-63.61418,10.35916],[-63.61398,10.35951],[-63.61429,10.36065],[-63.61582,10.36191],[-63.61674,10.363],[-63.61719,10.36324],[-63.61844,10.36342],[-63.62094,10.36312],[-63.62188,10.36345],[-63.62226,10.36406],[-63.62198,10.36482],[-63.62197,10.36567],[-63.62283,10.36674],[-63.62767,10.36736],[-63.62942,10.36907],[-63.63102,10.36889],[-63.63326,10.36913],[-63.63374,10.36998],[-63.63428,10.37052],[-63.63471,10.37144],[-63.63596,10.37298],[-63.6359,10.37408],[-63.63494,10.37581],[-63.63504,10.37702],[-63.63443,10.37837],[-63.63455,10.37865],[-63.63619,10.37998],[-63.63686,10.38109],[-63.63711,10.38203],[-63.637,10.38357],[-63.63423,10.38601],[-63.63354,10.38688],[-63.63218,10.3876],[-63.63178,10.38842],[-63.63194,10.38926],[-63.63244,10.38961],[-63.63188,10.38931],[-63.63182,10.38894],[-63.63165,10.38894],[-63.63178,10.3889],[-63.63187,10.38939],[-63.63321,10.39001],[-63.63324,10.3903],[-63.63267,10.39127],[-63.633,10.39196],[-63.63375,10.39259],[-63.63445,10.39355],[-63.63598,10.39439],[-63.63643,10.39498],[-63.63641,10.39667],[-63.63679,10.39791],[-63.63657,10.3988],[-63.6367,10.39954],[-63.6372,10.40075],[-63.63875,10.40171],[-63.63972,10.40445],[-63.63975,10.40496],[-63.64003,10.40497],[-63.64,10.40479],[-63.63891,10.40547],[-63.63771,10.40565],[-63.63616,10.40639],[-63.63411,10.40836],[-63.63269,10.41146],[-63.63161,10.41129],[-63.62987,10.41151],[-63.62927,10.41179],[-63.62912,10.41317],[-63.62851,10.4139],[-63.62823,10.41461],[-63.6272,10.4149],[-63.62567,10.41633],[-63.62484,10.41926],[-63.62392,10.42049],[-63.62379,10.42173],[-63.62296,10.42372],[-63.62259,10.42556],[-63.62043,10.42726],[-63.62017,10.42788],[-63.62117,10.42932],[-63.62232,10.43186],[-63.6241,10.43697],[-63.62369,10.43962],[-63.62395,10.44064],[-63.62495,10.44111],[-63.62665,10.44105],[-63.62784,10.44254],[-63.62822,10.4427],[-63.62974,10.44242],[-63.63127,10.4425],[-63.63211,10.44209],[-63.63251,10.44211],[-63.63311,10.44244],[-63.63388,10.44379],[-63.63397,10.44424],[-63.63354,10.4451],[-63.63344,10.44581],[-63.63414,10.44663],[-63.63395,10.44747],[-63.63461,10.44899],[-63.63368,10.45059],[-63.63391,10.45383],[-63.63436,10.45451],[-63.63521,10.45508],[-63.63599,10.45797],[-63.63652,10.45802],[-63.63673,10.45735],[-63.637,10.45711],[-63.63727,10.45714],[-63.63742,10.45739],[-63.63722,10.45919],[-63.63628,10.46083],[-63.63662,10.46219],[-63.63843,10.46347],[-63.63896,10.46347],[-63.63988,10.46306],[-63.64087,10.46364],[-63.64214,10.46266],[-63.64406,10.46216],[-63.64486,10.46225],[-63.6452,10.4625],[-63.64548,10.46315],[-63.64534,10.46417],[-63.64593,10.46563],[-63.64758,10.46645],[-63.64981,10.46614],[-63.65143,10.46545],[-63.65178,10.46547],[-63.65226,10.46649],[-63.65304,10.46683],[-63.65298,10.46738],[-63.65215,10.46892],[-63.65134,10.46976],[-63.6492,10.47106],[-63.64861,10.47235],[-63.64752,10.47266],[-63.6474,10.47293],[-63.6476,10.47364],[-63.64754,10.47459],[-63.64786,10.47481],[-63.64887,10.47485],[-63.65031,10.47447],[-63.6512,10.47535],[-63.65237,10.47592],[-63.65355,10.47517],[-63.65452,10.47491],[-63.65535,10.47502],[-63.65679,10.4757],[-63.65544,10.47629],[-63.6502,10.47706],[-63.63871,10.47704],[-63.63694,10.4775],[-63.63103,10.47982],[-63.62295,10.48095],[-63.61921,10.48211]]},"properties":{"id":"17466922879","date":"2026-02-20","name":"Dia 157","chapter":3,"chapter_slug":"gran-sabana-leste","country":"VE","transport":"bicycle","distance_km":59.4,"elev_gain_m":701,"moving_time_s":12282,"points":358}},{"type":"Feature","geometry":{"type":"LineString","coordinates":[[-63.6193,10.48204],[-63.61523,10.48302],[-63.59521,10.48167],[-63.58948,10.48186],[-63.58578,10.48307],[-63.58036,10.48237],[-63.57243,10.48206],[-63.56548,10.48308],[-63.56417,10.48309],[-63.56276,10.48279],[-63.56164,10.48228],[-63.56037,10.48135],[-63.55893,10.47996],[-63.55802,10.47938],[-63.55713,10.47912],[-63.55606,10.4791],[-63.55189,10.47984],[-63.55079,10.4804],[-63.55027,10.48099],[-63.5498,10.48222],[-63.54846,10.48887],[-63.54758,10.49122],[-63.54877,10.49169],[-63.55429,10.49546],[-63.55488,10.4945],[-63.56014,10.49686],[-63.5609,10.49702],[-63.56207,10.50008],[-63.56274,10.5007],[-63.56465,10.50136],[-63.5681,10.5015],[-63.57063,10.50248],[-63.57649,10.50391],[-63.579,10.50478],[-63.58007,10.50591],[-63.58058,10.5062],[-63.58347,10.5059],[-63.58971,10.50659],[-63.59281,10.50554],[-63.59464,10.50468],[-63.59576,10.50454],[-63.60979,10.50491],[-63.61039,10.50515],[-63.61123,10.50649],[-63.6134,10.50632],[-63.61404,10.50643],[-63.62652,10.51728],[-63.63048,10.52102],[-63.63396,10.52497],[-63.64191,10.53616],[-63.64672,10.54221],[-63.65252,10.54623],[-63.65352,10.54719],[-63.65402,10.54826],[-63.65467,10.5508],[-63.65483,10.55491],[-63.65632,10.55747],[-63.65911,10.56105],[-63.65966,10.56245],[-63.66086,10.56868],[-63.66012,10.5759],[-63.66071,10.58221],[-63.66015,10.58442],[-63.65879,10.5877],[-63.65872,10.58865],[-63.6592,10.58991],[-63.65914,10.59029],[-63.65756,10.59138],[-63.65662,10.59263],[-63.65282,10.59401],[-63.65064,10.59567],[-63.6501,10.59633],[-63.6496,10.59781],[-63.65136,10.60059],[-63.65174,10.60165],[-63.65224,10.60472],[-63.65228,10.60879],[-63.64351,10.61696],[-63.64263,10.61813],[-63.64061,10.62285],[-63.64064,10.62782],[-63.63941,10.6307],[-63.63874,10.63352],[-63.63739,10.6351],[-63.63726,10.63556],[-63.63739,10.63586],[-63.63793,10.63584],[-63.63899,10.63535],[-63.63925,10.63545],[-63.63932,10.63621],[-63.6396,10.63651],[-63.64201,10.63612],[-63.64235,10.63641],[-63.64249,10.63696],[-63.64284,10.63733],[-63.64274,10.63747],[-63.64363,10.63712],[-63.64435,10.63619],[-63.64433,10.63653],[-63.64431,10.63619],[-63.64592,10.63536],[-63.64696,10.63577],[-63.64744,10.63666],[-63.64787,10.63699],[-63.64992,10.63725],[-63.65146,10.63709],[-63.65301,10.63832],[-63.65364,10.63857],[-63.66466,10.63915],[-63.66794,10.63907],[-63.67217,10.6386],[-63.67265,10.63885],[-63.67312,10.63972],[-63.67364,10.63969],[-63.6741,10.63901],[-63.67451,10.63891],[-63.67488,10.63913],[-63.67547,10.63993],[-63.67614,10.64023],[-63.68566,10.64064],[-63.69231,10.64345],[-63.69445,10.64524],[-63.69678,10.64626],[-63.70118,10.6488],[-63.70531,10.65219],[-63.70856,10.65442],[-63.7099,10.65555],[-63.71054,10.6558],[-63.71109,10.65572],[-63.71296,10.65462],[-63.72861,10.6469],[-63.72982,10.64662],[-63.73282,10.6464],[-63.73611,10.64723],[-63.7365,10.64746],[-63.73721,10.64844],[-63.73783,10.6504],[-63.73839,10.65043],[-63.73994,10.6497],[-63.74052,10.64977],[-63.74178,10.6512],[-63.74381,10.65276],[-63.74482,10.65329],[-63.76461,10.65878],[-63.76629,10.65969],[-63.77488,10.66567],[-63.77741,10.6683],[-63.77812,10.66809],[-63.78259,10.66559],[-63.77682,10.66873],[-63.7765,10.66918],[-63.77656,10.66983],[-63.78508,10.67845],[-63.78563,10.67936],[-63.79277,10.68674],[-63.79464,10.68857],[-63.79546,10.68895],[-63.79626,10.68894],[-63.79713,10.68862],[-63.80755,10.68311],[-63.81942,10.67753],[-63.8196,10.6777],[-63.81962,10.67823],[-63.81931,10.6792],[-63.8194,10.67956],[-63.82022,10.67959],[-63.82117,10.68003],[-63.82095,10.68024],[-63.82103,10.68003],[-63.82163,10.67999],[-63.84897,10.94876],[-63.84808,10.94994],[-63.8482,10.95119],[-63.84761,10.95142],[-63.84815,10.95836],[-63.84685,10.95997],[-63.84556,10.96091],[-63.84032,10.96617],[-63.83661,10.97396],[-63.83493,10.98017],[-63.8348,10.98178],[-63.83519,10.9835],[-63.83743,10.98862],[-63.83873,10.9899],[-63.83808,10.99103],[-63.8375,10.99143],[-63.83678,10.99265],[-63.83377,10.9942],[-63.83382,10.99465],[-63.835,10.99668],[-63.83472,10.9989],[-63.83473,11.00244],[-63.83516,11.00496],[-63.83384,11.00598],[-63.83345,11.00677],[-63.83328,11.00802],[-63.83373,11.01037],[-63.83359,11.0114],[-63.83392,11.0126],[-63.83391,11.01339],[-63.83295,11.01589],[-63.83279,11.01792],[-63.83146,11.01852],[-63.83097,11.02052],[-63.82998,11.02002],[-63.83328,11.02234],[-63.83534,11.02285],[-63.83685,11.02364],[-63.83742,11.02373],[-63.83759,11.02868],[-63.83747,11.03008],[-63.83673,11.03088],[-63.83469,11.03163],[-63.83308,11.03247],[-63.83116,11.03401],[-63.82856,11.03562],[-63.8295,11.03873],[-63.82858,11.0357],[-63.82817,11.03578],[-63.82671,11.03693],[-63.82501,11.03976],[-63.82512,11.04071],[-63.82412,11.04136],[-63.8231,11.04241],[-63.82187,11.04278],[-63.82051,11.04349],[-63.81837,11.04521],[-63.81631,11.04571],[-63.81308,11.0474],[-63.81386,11.05015],[-63.81488,11.05177],[-63.8154,11.05317],[-63.81555,11.05274],[-63.81392,11.05017],[-63.81314,11.04744],[-63.81638,11.04573],[-63.81857,11.04518],[-63.8204,11.04362],[-63.82203,11.04279],[-63.82315,11.04244],[-63.82422,11.04136],[-63.82517,11.04075],[-63.82507,11.03988],[-63.82521,11.03954],[-63.82682,11.03688],[-63.82783,11.03609],[-63.82746,11.03594],[-63.82737,11.03532],[-63.82768,11.03595],[-63.82862,11.03573],[-63.8295,11.03883]]},"properties":{"id":"17477528651","date":"2026-02-21","name":"Dia 158","chapter":3,"chapter_slug":"gran-sabana-leste","country":"VE","transport":"bicycle","distance_km":80.1,"elev_gain_m":590,"moving_time_s":18440,"points":251}},{"type":"Feature","geometry":{"type":"LineString","coordinates":[[-63.82953,11.03857],[-63.82858,11.03562],[-63.82944,11.03525],[-63.8312,11.03406],[-63.83288,11.03266],[-63.83449,11.03179],[-63.83664,11.031],[-63.83751,11.03016],[-63.84078,11.03085],[-63.84271,11.03101],[-63.84452,11.03153],[-63.84752,11.03189],[-63.84856,11.03164],[-63.85048,11.03418],[-63.85135,11.03504],[-63.85483,11.03767],[-63.85726,11.03854],[-63.85733,11.04698],[-63.85708,11.04725],[-63.85706,11.04705],[-63.85671,11.04717],[-63.85681,11.04703],[-63.85694,11.04705],[-63.85674,11.04707],[-63.8568,11.04737],[-63.85659,11.04733],[-63.85694,11.04719],[-63.85679,11.04729],[-63.85705,11.04724],[-63.85708,11.04738],[-63.85639,11.04736],[-63.8569,11.04731],[-63.85659,11.0473],[-63.85702,11.04738],[-63.85683,11.0474],[-63.8569,11.04756],[-63.8568,11.04726],[-63.85759,11.04734],[-63.8611,11.0468],[-63.862,11.04689],[-63.86161,11.04708],[-63.85813,11.0472],[-63.85699,11.04719],[-63.8573,11.04713],[-63.85709,11.04703],[-63.85716,11.04739],[-63.85692,11.04731],[-63.85712,11.04737],[-63.85697,11.04746],[-63.85697,11.04727],[-63.85734,11.04703],[-63.85747,11.0462],[-63.85739,11.04016],[-63.8548,11.03943],[-63.85372,11.03739],[-63.85255,11.03629],[-63.85056,11.03498],[-63.84973,11.03466],[-63.84902,11.03323],[-63.84803,11.03251],[-63.84783,11.03192],[-63.84398,11.0314],[-63.84257,11.03093],[-63.84054,11.03079],[-63.83757,11.03012],[-63.83684,11.03083],[-63.83438,11.03177],[-63.83269,11.03268],[-63.83125,11.03402],[-63.82855,11.03564],[-63.82939,11.03882]]},"properties":{"id":"17495962573","date":"2026-02-23","name":"Pedalada na hora do almoço","chapter":4,"chapter_slug":"costa-caribenha","country":"VE","transport":"bicycle","distance_km":12.8,"elev_gain_m":142,"moving_time_s":4526,"points":71}},{"type":"Feature","geometry":{"type":"LineString","coordinates":[[-63.8295,11.03888],[-63.82854,11.0357],[-63.82705,11.03653],[-63.82641,11.03243],[-63.82433,11.03344],[-63.82279,11.03358],[-63.82188,11.03338],[-63.82013,11.03247],[-63.8181,11.03233],[-63.81725,11.03201],[-63.81693,11.0305],[-63.81777,11.02883],[-63.81784,11.02748],[-63.81849,11.02565],[-63.81937,11.02466],[-63.8199,11.02232],[-63.81969,11.02142],[-63.81879,11.01957],[-63.81849,11.01713],[-63.81785,11.01621],[-63.81498,11.01458],[-63.81105,11.01057],[-63.809,11.0092],[-63.80771,11.00886],[-63.80523,11.00884],[-63.80106,11.00712],[-63.79998,11.00648],[-63.79812,11.00484],[-63.79462,11.00365],[-63.79296,11.00218],[-63.79292,11.00204],[-63.79535,11.00044],[-63.79588,10.99986],[-63.79726,10.99894],[-63.79862,10.99831],[-63.79836,10.99835],[-63.7983,10.99812],[-63.79886,10.99776],[-63.79853,10.99798],[-63.79878,10.99777],[-63.79859,10.99795],[-63.79818,10.99767],[-63.79717,10.99772],[-63.79608,10.99656],[-63.7971,10.99778],[-63.79805,10.99786],[-63.79818,10.99816],[-63.79685,10.99861],[-63.79432,11.00027],[-63.79459,11.00012],[-63.79417,11.00032],[-63.79388,11.00002],[-63.79258,11.0004],[-63.79033,10.99806],[-63.78999,10.9969],[-63.78895,10.99611],[-63.78832,10.99591],[-63.7877,10.99618],[-63.78702,10.99601],[-63.78651,10.99672],[-63.78612,10.99695],[-63.78521,10.99646],[-63.78436,10.99672],[-63.78278,10.99648],[-63.78213,10.99573],[-63.78276,10.99654],[-63.78427,10.99678],[-63.78529,10.99655],[-63.7862,10.99703],[-63.7865,10.99688],[-63.7871,10.99603],[-63.78777,10.99628],[-63.78829,10.99602],[-63.78894,10.99614],[-63.78993,10.99696],[-63.79013,10.99785],[-63.7901,10.99882],[-63.78927,11.00035],[-63.7849,11.00136],[-63.78498,11.00159],[-63.78235,11.00156],[-63.78236,11.00189],[-63.78235,11.00155],[-63.78493,11.0016],[-63.78491,11.00135],[-63.78686,11.00107],[-63.7877,11.00066],[-63.78919,11.00044],[-63.79014,10.99881],[-63.79016,10.99802],[-63.79248,11.00046],[-63.79305,11.00083],[-63.79456,11.00018],[-63.79468,11.00002],[-63.79454,10.9997],[-63.79468,11.00004],[-63.79547,10.99965],[-63.79709,10.9985],[-63.79708,10.99829],[-63.79725,10.99832],[-63.79729,10.9985],[-63.79242,11.00123],[-63.79265,11.00194],[-63.79363,11.00297],[-63.79487,11.00387],[-63.798,11.00486],[-63.7988,11.0054],[-63.79961,11.00628],[-63.80112,11.00723],[-63.80532,11.00896],[-63.80784,11.00896],[-63.80921,11.00944],[-63.81075,11.01039],[-63.81479,11.01455],[-63.81778,11.01625],[-63.81841,11.0171],[-63.81872,11.01952],[-63.81961,11.02134],[-63.81983,11.02235],[-63.8193,11.02459],[-63.81841,11.02567],[-63.8178,11.02748],[-63.81767,11.0289],[-63.8169,11.03038],[-63.81717,11.03193],[-63.81741,11.03219],[-63.81808,11.03237],[-63.82002,11.03248],[-63.82166,11.03333],[-63.8229,11.03368],[-63.82432,11.03348],[-63.82642,11.03248],[-63.82702,11.03656],[-63.82855,11.03573],[-63.82952,11.03885]]},"properties":{"id":"17499511759","date":"2026-02-23","name":"Pampatar","chapter":4,"chapter_slug":"costa-caribenha","country":"VE","transport":"bicycle","distance_km":23.9,"elev_gain_m":222,"moving_time_s":6127,"points":135}},{"type":"Feature","geometry":{"type":"LineString","coordinates":[[-63.82931,11.03788],[-63.82857,11.03566],[-63.8313,11.03404],[-63.8328,11.03274],[-63.83448,11.03182],[-63.83658,11.03106],[-63.83772,11.03014],[-63.83876,11.03052],[-63.84255,11.03099],[-63.84466,11.03157],[-63.84739,11.03189],[-63.84864,11.03168],[-63.85113,11.03483],[-63.85484,11.03767],[-63.85725,11.03849],[-63.85739,11.03918],[-63.85734,11.05611],[-63.85705,11.05893],[-63.85616,11.06289],[-63.85623,11.06383],[-63.85722,11.06745],[-63.8628,11.07468],[-63.86326,11.0756],[-63.86339,11.0763],[-63.86278,11.08698],[-63.86305,11.08718],[-63.8638,11.08894],[-63.86456,11.09194],[-63.86668,11.09594],[-63.8674,11.09684],[-63.86772,11.09771],[-63.86774,11.09799],[-63.86667,11.09811],[-63.86606,11.09871],[-63.86581,11.09929],[-63.86513,11.09975],[-63.86374,11.10203],[-63.8651,11.09994],[-63.8649,11.09806],[-63.86386,11.09815],[-63.86204,11.09906],[-63.8619,11.09897],[-63.86201,11.09773],[-63.86498,11.10309],[-63.86453,11.10286],[-63.86358,11.10278],[-63.86291,11.10348],[-63.86151,11.10416],[-63.86026,11.10528],[-63.86029,11.10585],[-63.86076,11.10718],[-63.85951,11.10756],[-63.85934,11.11009],[-63.85848,11.11053],[-63.85817,11.11218],[-63.85652,11.11244],[-63.8557,11.11205],[-63.85444,11.11363],[-63.85376,11.11421],[-63.85296,11.11469],[-63.85168,11.11491],[-63.85122,11.11591],[-63.84942,11.11592],[-63.84822,11.11646],[-63.84801,11.11681],[-63.84562,11.11706],[-63.84555,11.1173],[-63.84542,11.11713],[-63.84481,11.11745],[-63.84458,11.11721],[-63.84476,11.11676],[-63.84467,11.11739],[-63.84526,11.11835],[-63.84456,11.11947],[-63.84429,11.12075],[-63.84433,11.12055],[-63.84501,11.12222],[-63.84508,11.12285],[-63.84492,11.12293],[-63.84478,11.12396],[-63.84498,11.12399],[-63.84493,11.12446],[-63.84468,11.12509],[-63.84435,11.12524],[-63.84465,11.12515],[-63.8443,11.12586],[-63.84461,11.12568],[-63.84488,11.12591],[-63.84396,11.12692],[-63.84389,11.12769],[-63.84388,11.12756],[-63.84477,11.12794],[-63.84469,11.12743],[-63.84626,11.12834],[-63.8485,11.12813],[-63.84922,11.12789],[-63.84843,11.12663],[-63.84809,11.12557],[-63.84798,11.12459],[-63.84813,11.12354],[-63.85401,11.10937],[-63.85505,11.10724],[-63.8596,11.10251],[-63.85977,11.10395],[-63.86118,11.10421],[-63.86147,11.10423],[-63.86273,11.10365],[-63.86368,11.10273],[-63.86534,11.10319]]},"properties":{"id":"17511687698","date":"2026-02-24","name":"Playa Parguito","chapter":4,"chapter_slug":"costa-caribenha","country":"VE","transport":"bicycle","distance_km":22.5,"elev_gain_m":243,"moving_time_s":6650,"points":109}},{"type":"Feature","geometry":{"type":"LineString","coordinates":[[-63.8652,11.1032],[-63.86472,11.10291],[-63.86359,11.10272],[-63.86284,11.1035],[-63.86136,11.10418],[-63.85977,11.10391],[-63.85957,11.10248],[-63.8549,11.10728],[-63.85451,11.10789],[-63.84825,11.12289],[-63.84793,11.12421],[-63.84803,11.12559],[-63.84862,11.12705],[-63.84935,11.12795],[-63.85998,11.13737],[-63.86003,11.13788],[-63.85832,11.13979],[-63.85842,11.14029],[-63.86759,11.14907],[-63.87092,11.15289],[-63.87259,11.15529],[-63.874,11.15594],[-63.87888,11.15525],[-63.8789,11.1604],[-63.8786,11.16426],[-63.8794,11.16443],[-63.87948,11.16478],[-63.87943,11.16526],[-63.8794,11.16443],[-63.87867,11.16433],[-63.87856,11.16403],[-63.87733,11.16434],[-63.87809,11.1667],[-63.87798,11.16751],[-63.87754,11.16796],[-63.87773,11.16837],[-63.87873,11.16927],[-63.87894,11.16925],[-63.87916,11.16962],[-63.88026,11.17016],[-63.88059,11.17022],[-63.8809,11.16982],[-63.8815,11.16969],[-63.88195,11.17047],[-63.88161,11.17131],[-63.88181,11.17154],[-63.88276,11.17192],[-63.88289,11.17217],[-63.88377,11.17229],[-63.88413,11.17262],[-63.88517,11.17284],[-63.88605,11.17255],[-63.88669,11.17212],[-63.8871,11.17142],[-63.88744,11.17136],[-63.88717,11.17132],[-63.88781,11.17088],[-63.88811,11.17013],[-63.88793,11.17029],[-63.88788,11.16961],[-63.88777,11.16952],[-63.88796,11.17049],[-63.88785,11.17092],[-63.88729,11.17125],[-63.88672,11.17217],[-63.88559,11.17282],[-63.88442,11.17272],[-63.8838,11.17235],[-63.883,11.17226],[-63.88278,11.17197],[-63.88202,11.17173],[-63.88164,11.17138],[-63.88113,11.17243],[-63.88095,11.17221],[-63.88109,11.17244],[-63.88113,11.17466],[-63.88126,11.1746],[-63.88102,11.17496],[-63.88132,11.17575],[-63.88121,11.17622],[-63.88128,11.17643],[-63.88198,11.17683],[-63.8813,11.17639],[-63.88052,11.17709],[-63.88036,11.17832],[-63.88051,11.17945],[-63.88038,11.17836],[-63.88051,11.17722],[-63.88095,11.17675],[-63.88086,11.17655],[-63.88133,11.17632],[-63.88128,11.17545],[-63.88105,11.1749],[-63.88153,11.17439],[-63.88149,11.17295],[-63.88109,11.17257],[-63.88098,11.1722],[-63.88121,11.17239],[-63.88199,11.17047],[-63.88166,11.16991],[-63.88138,11.16859],[-63.88157,11.1696],[-63.88095,11.16988],[-63.88064,11.17026],[-63.87972,11.16975],[-63.87938,11.16975],[-63.87781,11.16843],[-63.87761,11.16797],[-63.87802,11.16752],[-63.87812,11.16669],[-63.87728,11.16425],[-63.87843,11.16413],[-63.87867,11.16393],[-63.87895,11.16058],[-63.87881,11.15877],[-63.87902,11.15758],[-63.87892,11.15535],[-63.87812,11.15532],[-63.874,11.15593],[-63.87282,11.15546],[-63.87243,11.15513],[-63.87109,11.15305],[-63.86839,11.14988],[-63.87347,11.14724],[-63.87523,11.14658],[-63.87447,11.14571],[-63.87257,11.14414],[-63.8707,11.14075],[-63.86961,11.13952],[-63.86895,11.13489],[-63.86902,11.13222],[-63.86881,11.13164],[-63.86779,11.12965],[-63.86513,11.12777],[-63.86372,11.12595],[-63.86289,11.12518],[-63.86139,11.12256],[-63.86023,11.11899],[-63.8602,11.11645],[-63.8611,11.11479],[-63.8612,11.1087],[-63.86027,11.1053],[-63.86163,11.10417],[-63.86296,11.10348],[-63.86369,11.10274],[-63.86551,11.1032],[-63.8657,11.10346],[-63.86553,11.10322],[-63.86471,11.10291],[-63.86371,11.10273],[-63.86385,11.10191],[-63.86522,11.09974],[-63.86584,11.09937],[-63.86654,11.09825],[-63.8678,11.09797],[-63.86751,11.09706],[-63.86668,11.09592],[-63.86456,11.09192],[-63.86381,11.08891],[-63.86281,11.08697],[-63.86343,11.07669],[-63.86324,11.07526],[-63.85745,11.0677],[-63.85635,11.06391],[-63.85633,11.06281],[-63.85739,11.05662],[-63.8574,11.04016],[-63.85484,11.03946],[-63.8536,11.03722],[-63.85243,11.03619],[-63.84978,11.03468],[-63.84898,11.03314],[-63.84808,11.03255],[-63.8478,11.03186],[-63.84402,11.03144],[-63.84283,11.03098],[-63.84096,11.03089],[-63.83772,11.03017],[-63.83739,11.03025],[-63.83654,11.03103],[-63.83328,11.0324],[-63.83119,11.03408],[-63.82865,11.0356],[-63.8295,11.03883]]},"properties":{"id":"17525081731","date":"2026-02-25","name":"Care care y cabo negro","chapter":4,"chapter_slug":"costa-caribenha","country":"VE","transport":"bicycle","distance_km":39.3,"elev_gain_m":518,"moving_time_s":13806,"points":184}},{"type":"Feature","geometry":{"type":"LineString","coordinates":[[-63.82952,11.0388],[-63.82856,11.03569],[-63.82804,11.03587],[-63.82676,11.03687],[-63.82517,11.03947],[-63.82498,11.03993],[-63.82512,11.04075],[-63.82431,11.04123],[-63.82316,11.04236],[-63.82063,11.04343],[-63.81838,11.04523],[-63.81627,11.04574],[-63.81315,11.04739],[-63.81307,11.04767],[-63.8138,11.05003],[-63.81495,11.05197],[-63.81468,11.05221],[-63.81499,11.0519],[-63.81386,11.05007],[-63.81314,11.04744],[-63.81637,11.04577],[-63.81849,11.04525],[-63.82047,11.04361],[-63.82319,11.04241],[-63.8242,11.04137],[-63.82516,11.04076],[-63.82509,11.0397],[-63.82675,11.03698],[-63.82769,11.03618],[-63.82761,11.03595],[-63.82853,11.0357],[-63.82945,11.0389]]},"properties":{"id":"17559360219","date":"2026-02-28","name":"Pedalada vespertina","chapter":4,"chapter_slug":"costa-caribenha","country":"VE","transport":"bicycle","distance_km":6.7,"elev_gain_m":64,"moving_time_s":3097,"points":32}},{"type":"Feature","geometry":{"type":"LineString","coordinates":[[-63.8295,11.03872],[-63.82858,11.0356],[-63.82948,11.03521],[-63.83134,11.03397],[-63.83289,11.03264],[-63.83449,11.03178],[-63.83659,11.031],[-63.83762,11.03012],[-63.84046,11.03082],[-63.84265,11.03098],[-63.84438,11.0315],[-63.84753,11.03187],[-63.84853,11.0316],[-63.85061,11.03434],[-63.85177,11.03531],[-63.85192,11.03521],[-63.85098,11.03433],[-63.84952,11.03211],[-63.84743,11.03023],[-63.83581,11.02567],[-63.82912,11.02332],[-63.82915,11.02352],[-63.83558,11.02614],[-63.84534,11.02968],[-63.8477,11.03087],[-63.84878,11.03181],[-63.84996,11.03356],[-63.85109,11.03481],[-63.85462,11.0375],[-63.85714,11.03843],[-63.85733,11.03917],[-63.85734,11.04083],[-63.85765,11.0411],[-63.85829,11.041],[-63.86104,11.03838],[-63.86205,11.03793],[-63.86232,11.03735],[-63.86219,11.03704],[-63.86253,11.03729],[-63.86455,11.03635],[-63.86391,11.03451],[-63.8641,11.03355],[-63.86439,11.03322],[-63.86411,11.03187],[-63.86445,11.03006],[-63.86563,11.03056],[-63.86572,11.0302],[-63.86636,11.02995],[-63.86707,11.03002],[-63.8674,11.02989],[-63.86748,11.02965],[-63.86747,11.02924],[-63.86715,11.02918],[-63.86722,11.02862],[-63.86701,11.02845],[-63.86723,11.02773],[-63.86671,11.02698],[-63.86692,11.02665],[-63.86722,11.02661],[-63.8673,11.02689],[-63.8674,11.02647],[-63.86704,11.02328],[-63.86798,11.02217],[-63.86892,11.02155],[-63.8694,11.02098],[-63.87017,11.02103],[-63.87111,11.02032],[-63.87124,11.01864],[-63.87212,11.01824],[-63.87194,11.01768],[-63.87265,11.01625],[-63.87364,11.01579],[-63.87369,11.01494],[-63.8746,11.0131],[-63.87515,11.0124],[-63.87491,11.01186],[-63.87539,11.01144],[-63.87553,11.0107],[-63.8766,11.01042],[-63.87775,11.00956],[-63.87846,11.01013],[-63.88007,11.00927],[-63.88258,11.01045],[-63.88336,11.01053],[-63.88404,11.00984],[-63.88529,11.00973],[-63.88602,11.00936],[-63.88646,11.00861],[-63.88712,11.008],[-63.88713,11.00827],[-63.88645,11.00939],[-63.8865,11.00986],[-63.88592,11.01096],[-63.8855,11.01265],[-63.88511,11.01294],[-63.88535,11.01313],[-63.88635,11.01258],[-63.88746,11.01234],[-63.88839,11.01109],[-63.88861,11.01044],[-63.89041,11.00988],[-63.89114,11.00929],[-63.89149,11.00917],[-63.8929,11.00964],[-63.89346,11.00958],[-63.89433,11.00837],[-63.8958,11.00779],[-63.89659,11.00773],[-63.89694,11.00669],[-63.89724,11.00679],[-63.89747,11.00724],[-63.89888,11.00647],[-63.90119,11.00603],[-63.90177,11.00575],[-63.90272,11.00579],[-63.90299,11.00549],[-63.90345,11.00562],[-63.90417,11.00518],[-63.90614,11.00316],[-63.9068,11.00295],[-63.90746,11.0024],[-63.90874,11.0024],[-63.90986,11.00175],[-63.90994,11.00144],[-63.90919,11.00083],[-63.90915,11.00059],[-63.90952,11.00046],[-63.9101,11.00059],[-63.91097,11.0003],[-63.91137,10.99979],[-63.91164,10.99898],[-63.91147,10.99903]]},"properties":{"id":"17565815968","date":"2026-03-01","name":"Cerro Copey","chapter":4,"chapter_slug":"costa-caribenha","country":"VE","transport":"bicycle","distance_km":21.3,"elev_gain_m":909,"moving_time_s":7531,"points":132}},{"type":"Feature","geometry":{"type":"LineString","coordinates":[[-63.82919,11.03781],[-63.82854,11.03575],[-63.82798,11.03592],[-63.82672,11.03693],[-63.82515,11.0395],[-63.825,11.03984],[-63.82507,11.0408],[-63.8241,11.04139],[-63.82306,11.04247],[-63.82059,11.04346],[-63.81841,11.04522],[-63.81636,11.0457],[-63.81307,11.04745],[-63.81382,11.05014],[-63.81483,11.05177],[-63.81491,11.05209],[-63.81466,11.05221],[-63.81494,11.05208],[-63.81485,11.05172],[-63.81391,11.05024],[-63.81314,11.04745],[-63.8164,11.04578],[-63.81868,11.04516],[-63.82052,11.04358],[-63.82325,11.04241],[-63.82401,11.04157],[-63.82513,11.0408],[-63.82507,11.03974],[-63.8268,11.03689],[-63.82848,11.03574],[-63.82949,11.03882]]},"properties":{"id":"17570505932","date":"2026-03-01","name":"Pedalada vespertina","chapter":4,"chapter_slug":"costa-caribenha","country":"VE","transport":"bicycle","distance_km":6.4,"elev_gain_m":64,"moving_time_s":1615,"points":31}},{"type":"Feature","geometry":{"type":"LineString","coordinates":[[-63.82952,11.03879],[-63.82852,11.03563],[-63.83115,11.03412],[-63.83287,11.03267],[-63.83453,11.03178],[-63.8365,11.03105],[-63.8377,11.03009],[-63.83738,11.02368],[-63.83556,11.02283],[-63.83332,11.02226],[-63.83098,11.02049],[-63.8315,11.01852],[-63.83287,11.01785],[-63.83302,11.0158],[-63.83452,11.01195],[-63.83448,11.01177],[-63.83365,11.01134],[-63.83377,11.01051],[-63.8333,11.00793],[-63.83344,11.0068],[-63.83386,11.00596],[-63.8352,11.005],[-63.8348,11.00226],[-63.83482,10.99865],[-63.83508,10.99627],[-63.83615,10.99312],[-63.83708,10.99244],[-63.83752,10.99148],[-63.83801,10.99124],[-63.83873,10.99023],[-63.83886,10.98986],[-63.83853,10.98923],[-63.83938,10.98776],[-63.84058,10.98664],[-63.84385,10.98463],[-63.84473,10.9838],[-63.84576,10.98121],[-63.84769,10.97799],[-63.84862,10.97683],[-63.84976,10.97582],[-63.85341,10.97345],[-63.85646,10.97059],[-63.86198,10.96745],[-63.86365,10.96627],[-63.8756,10.95074],[-63.87651,10.95001],[-63.87759,10.94959],[-63.89366,10.94644],[-63.9231,10.94716],[-63.92561,10.94743],[-63.95686,10.95272],[-63.98389,10.95682],[-63.99562,10.95674],[-64.00569,10.95635],[-64.02863,10.95186],[-64.03077,10.95125],[-64.03324,10.95015],[-64.03548,10.94875],[-64.05835,10.93044],[-64.06039,10.92967],[-64.06274,10.93087],[-64.11572,10.96135],[-64.12827,10.96482],[-64.1583,10.9716],[-64.16473,10.975],[-64.1664,10.97552],[-64.16749,10.97613],[-64.16935,10.97791],[-64.17127,10.97937],[-64.17379,10.98018],[-64.17457,10.97998],[-64.17679,10.97845],[-64.17746,10.97755],[-64.17806,10.97217],[-64.17639,10.96886],[-64.17689,10.96828],[-64.17664,10.96768],[-64.17678,10.96732],[-64.17873,10.96626],[-64.17881,10.9661],[-64.17854,10.96578],[-64.1781,10.966],[-64.17819,10.96613],[-64.17849,10.96581],[-64.17882,10.96609],[-64.17912,10.96595],[-64.17993,10.96528],[-64.18056,10.96424],[-64.18076,10.96439],[-64.18046,10.96461],[-64.18079,10.96285],[-64.17981,10.95954],[-64.17961,10.9582],[-64.17974,10.95769],[-64.18306,10.95514],[-64.18782,10.95032],[-64.18888,10.94966],[-64.19047,10.94966],[-64.19092,10.94852],[-64.19139,10.94794],[-64.19539,10.94526],[-64.19743,10.94406],[-64.19881,10.94392],[-64.2145,10.94787],[-64.21546,10.94768],[-64.22204,10.94512],[-64.22263,10.94513],[-64.22305,10.94558],[-64.22325,10.94674],[-64.22361,10.94748],[-64.22419,10.94764]]},"properties":{"id":"17578667912","date":"2026-03-02","name":"Macanao","chapter":4,"chapter_slug":"costa-caribenha","country":"VE","transport":"bicycle","distance_km":57.3,"elev_gain_m":182,"moving_time_s":9489,"points":111}},{"type":"Feature","geometry":{"type":"LineString","coordinates":[[-64.22437,10.94778],[-64.22448,10.94802],[-64.22464,10.94796],[-64.22458,10.94761],[-64.22499,10.94695],[-64.22548,10.94539],[-64.22624,10.94557],[-64.22754,10.94474],[-64.22966,10.94783],[-64.22947,10.94781],[-64.22964,10.9478],[-64.23118,10.94982],[-64.23161,10.95001],[-64.23213,10.94987],[-64.23243,10.95011],[-64.23291,10.95099],[-64.23284,10.95159],[-64.23244,10.95214],[-64.23207,10.95208],[-64.23145,10.95277],[-64.23096,10.95422],[-64.23059,10.95345],[-64.23037,10.95337],[-64.23059,10.95346],[-64.23089,10.9542],[-64.23317,10.95724],[-64.23419,10.95832],[-64.23457,10.95947],[-64.23466,10.96058],[-64.23383,10.96252],[-64.23406,10.96319],[-64.23559,10.96395],[-64.23596,10.96529],[-64.23649,10.96564],[-64.23695,10.96632],[-64.2376,10.96814],[-64.23816,10.96874],[-64.23868,10.96894],[-64.23923,10.96951],[-64.24039,10.97019],[-64.24127,10.97038],[-64.24149,10.97067],[-64.24234,10.97077],[-64.24297,10.97154],[-64.24374,10.97134],[-64.24489,10.97242],[-64.24468,10.97362],[-64.24374,10.97467],[-64.24312,10.97501],[-64.24267,10.97587],[-64.24264,10.97657],[-64.24271,10.97577],[-64.24313,10.97504],[-64.24374,10.97468],[-64.24472,10.97354],[-64.24506,10.97364],[-64.24543,10.9734],[-64.24569,10.97346],[-64.24639,10.97399],[-64.24686,10.97474],[-64.2464,10.97401],[-64.24579,10.97352],[-64.24542,10.97339],[-64.2451,10.97363],[-64.24476,10.97353],[-64.24486,10.97244],[-64.24375,10.97133],[-64.24298,10.97153],[-64.24231,10.97072],[-64.2425,10.97089],[-64.24212,10.97065],[-64.24146,10.97065],[-64.24115,10.97032],[-64.24027,10.97021],[-64.23864,10.96889],[-64.23781,10.96845],[-64.23693,10.96631],[-64.23648,10.96562],[-64.23595,10.96524],[-64.23555,10.96393],[-64.23401,10.96309],[-64.23383,10.96262],[-64.23391,10.96218],[-64.23464,10.96058],[-64.23421,10.9584],[-64.23126,10.95468],[-64.23065,10.95352],[-64.23098,10.95421],[-64.23141,10.95278],[-64.23209,10.95206],[-64.23241,10.95213],[-64.23286,10.95153],[-64.23285,10.95096],[-64.23243,10.95011],[-64.23211,10.94985],[-64.23162,10.95001],[-64.23123,10.94986],[-64.22788,10.94542],[-64.22757,10.94477],[-64.22621,10.94556],[-64.22548,10.94538],[-64.22489,10.94711],[-64.22462,10.94752],[-64.22437,10.94758]]},"properties":{"id":"17594183389","date":"2026-03-03","name":"Macanao","chapter":4,"chapter_slug":"costa-caribenha","country":"VE","transport":"bicycle","distance_km":12.2,"elev_gain_m":139,"moving_time_s":5776,"points":104}},{"type":"Feature","geometry":{"type":"LineString","coordinates":[[-64.22437,10.94753],[-64.22422,10.94768],[-64.22402,10.94762],[-64.2243,10.94757],[-64.2236,10.94743],[-64.22324,10.94675],[-64.22303,10.94551],[-64.22265,10.94486],[-64.2438,10.9416],[-64.24523,10.94208],[-64.26293,10.95073],[-64.2645,10.95123],[-64.27958,10.95116],[-64.29496,10.95039],[-64.29596,10.95047],[-64.3003,10.95215],[-64.31703,10.96055],[-64.31801,10.96046],[-64.32118,10.95885],[-64.32202,10.95861],[-64.32297,10.95864],[-64.32739,10.9597],[-64.33224,10.95935],[-64.33611,10.95949],[-64.33781,10.95905],[-64.33987,10.95777],[-64.34089,10.95771],[-64.34736,10.96122],[-64.34955,10.96356],[-64.34964,10.9644],[-64.34926,10.96585],[-64.34947,10.96647],[-64.35658,10.96993],[-64.36521,10.97853],[-64.3667,10.98135],[-64.36802,10.98305],[-64.36853,10.9846],[-64.36962,10.98599],[-64.37012,10.98807],[-64.36985,10.99041],[-64.36997,10.9916],[-64.37045,10.9928],[-64.37095,10.99342],[-64.37708,10.9864],[-64.38687,10.9823],[-64.39867,10.97427],[-64.39962,10.97437],[-64.40057,10.97487],[-64.40188,10.97489],[-64.40398,10.97429],[-64.40387,10.97418],[-64.40427,10.97447],[-64.40485,10.97518],[-64.40506,10.97584],[-64.40435,10.97864],[-64.40515,10.97967]]},"properties":{"id":"17605442409","date":"2026-03-04","name":"Punta Arenas","chapter":4,"chapter_slug":"costa-caribenha","country":"VE","transport":"bicycle","distance_km":24.7,"elev_gain_m":83,"moving_time_s":3794,"points":56}},{"type":"Feature","geometry":{"type":"LineString","coordinates":[[-64.40493,10.97938],[-64.40438,10.97853],[-64.40506,10.97566],[-64.40438,10.97452],[-64.40359,10.97432],[-64.40186,10.97482],[-64.40077,10.97481],[-64.39863,10.97425],[-64.38679,10.98227],[-64.37705,10.98634],[-64.37108,10.99335],[-64.37109,10.99396],[-64.37332,10.99798],[-64.37363,11.00014],[-64.37714,11.00803],[-64.37676,11.00782],[-64.37681,11.00796],[-64.37667,11.00796],[-64.37686,11.00793],[-64.37675,11.00782],[-64.37692,11.00767],[-64.37735,11.0076],[-64.37671,11.00787],[-64.3771,11.00794],[-64.37747,11.0091],[-64.37773,11.01365],[-64.37447,11.01938],[-64.37422,11.02012],[-64.37397,11.02538],[-64.37447,11.02643],[-64.3751,11.02876],[-64.37077,11.02988],[-64.37057,11.0306],[-64.36898,11.0325],[-64.37048,11.03081],[-64.37075,11.02994],[-64.37222,11.02954],[-64.37073,11.02992],[-64.37041,11.03087],[-64.36757,11.03397],[-64.35745,11.04298],[-64.35586,11.04352],[-64.35364,11.04352],[-64.34929,11.04331],[-64.34698,11.04267],[-64.34497,11.04322],[-64.33779,11.04364],[-64.33603,11.04353],[-64.33502,11.0437],[-64.33277,11.04487],[-64.31018,11.05908],[-64.31001,11.05938],[-64.30939,11.05956],[-64.3092,11.05943],[-64.30515,11.05953],[-64.29706,11.05921],[-64.28481,11.05825],[-64.28173,11.05817],[-64.27845,11.05723],[-64.27741,11.05752],[-64.27591,11.05881],[-64.27495,11.05914],[-64.26603,11.05847],[-64.26446,11.05864],[-64.26037,11.05963],[-64.25814,11.0595],[-64.25709,11.05924],[-64.25621,11.05853],[-64.2544,11.05466],[-64.25359,11.05359],[-64.24743,11.04804],[-64.24428,11.0469],[-64.24275,11.04445],[-64.24203,11.04386],[-64.24087,11.0433],[-64.24054,11.04263],[-64.24066,11.0411],[-64.24046,11.04036],[-64.23835,11.03822],[-64.23762,11.0378],[-64.23358,11.03656],[-64.23173,11.03429],[-64.23087,11.03372],[-64.22355,11.03405],[-64.22248,11.03374],[-64.21849,11.0299],[-64.20181,11.01293],[-64.20061,11.01141],[-64.19026,10.99476],[-64.18524,10.98597],[-64.1783,10.97455],[-64.17807,10.97453],[-64.17789,10.9748],[-64.17798,10.97449],[-64.17768,10.97506],[-64.17741,10.97745],[-64.17718,10.97799],[-64.17455,10.97992],[-64.1736,10.98009],[-64.17121,10.97924],[-64.16684,10.97565],[-64.16472,10.97488],[-64.1582,10.97147],[-64.12388,10.96367],[-64.11618,10.96143],[-64.10676,10.95624],[-64.10206,10.95341],[-64.10142,10.95289],[-64.10149,10.95275],[-64.10172,10.95318],[-64.10178,10.95298],[-64.10172,10.95319],[-64.10147,10.95279],[-64.10174,10.95316],[-64.06146,10.93011],[-64.05989,10.92897],[-64.03555,10.9484],[-64.03185,10.95067],[-64.03234,10.95062],[-64.03389,10.94994],[-64.03237,10.95872],[-64.02897,10.97455],[-64.02804,10.98116],[-64.02809,10.9825],[-64.02923,10.9869],[-64.02878,10.98996],[-64.02822,10.99087],[-64.02843,10.99098],[-64.02591,10.99379],[-64.02492,10.9955],[-64.02309,10.99696],[-64.02128,10.99807],[-64.02107,10.99907],[-64.01974,11.0006],[-64.01925,11.00368],[-64.01889,11.00363],[-64.01876,11.00425],[-64.0165,11.00655],[-64.01543,11.00671],[-64.01535,11.00808],[-64.015,11.0093],[-64.01144,11.01655],[-64.01105,11.01778],[-64.0108,11.02305],[-64.00989,11.0271],[-64.00981,11.02906],[-64.01018,11.03116],[-64.01165,11.03357],[-64.01179,11.03688],[-64.01342,11.04296],[-64.01351,11.04448],[-64.01324,11.04851],[-64.01286,11.05304],[-64.01174,11.05935],[-64.00713,11.06564],[-64.00704,11.06601],[-64.00749,11.06602],[-64.00739,11.06676],[-64.00751,11.06601],[-64.00733,11.06588],[-64.00566,11.0668],[-64.00316,11.06722],[-63.99779,11.06642],[-63.99441,11.06689],[-63.98956,11.06966],[-63.98331,11.07216],[-63.97953,11.07332],[-63.97611,11.07514],[-63.97021,11.07718],[-63.97001,11.07732],[-63.96967,11.07842],[-63.9665,11.07724],[-63.96425,11.07674],[-63.96046,11.07491],[-63.9576,11.07405],[-63.94955,11.07253],[-63.94545,11.07246],[-63.94151,11.07034],[-63.93528,11.07021],[-63.92794,11.06954],[-63.9233,11.06836],[-63.92272,11.06799],[-63.91957,11.06728],[-63.91745,11.06634],[-63.91635,11.06563],[-63.9124,11.06218],[-63.91161,11.06128],[-63.90767,11.05551],[-63.90532,11.05367],[-63.90281,11.05267],[-63.90158,11.0524],[-63.90023,11.05157],[-63.89833,11.0508],[-63.89587,11.05035],[-63.89515,11.04988],[-63.89234,11.04721],[-63.89127,11.04667],[-63.88948,11.04646],[-63.88862,11.0466],[-63.88788,11.04747],[-63.8877,11.04875],[-63.88791,11.04884],[-63.88708,11.04919],[-63.88628,11.04908],[-63.88355,11.04741],[-63.88059,11.04643],[-63.87937,11.04484],[-63.87786,11.04422],[-63.87701,11.04311],[-63.87645,11.04273],[-63.87552,11.04253],[-63.87223,11.04291],[-63.87094,11.04249],[-63.86995,11.04133],[-63.86895,11.03872],[-63.86871,11.03899],[-63.86778,11.03915],[-63.8633,11.03807],[-63.86206,11.03794],[-63.86122,11.03817],[-63.85839,11.04078],[-63.85751,11.04129],[-63.85734,11.04205],[-63.85732,11.04694],[-63.85704,11.04725],[-63.85688,11.04706],[-63.85712,11.0471],[-63.85679,11.0472],[-63.85697,11.04726],[-63.85675,11.04708],[-63.85676,11.04723],[-63.85696,11.04697],[-63.85682,11.04727],[-63.85697,11.0473],[-63.85677,11.04716],[-63.85692,11.04705],[-63.85678,11.04735],[-63.85701,11.04739],[-63.85687,11.04717],[-63.85707,11.04729],[-63.85695,11.04723],[-63.85693,11.04739],[-63.85708,11.04728],[-63.85652,11.04721],[-63.85706,11.0473],[-63.85736,11.04705],[-63.85749,11.04655],[-63.85748,11.03999],[-63.8548,11.03938],[-63.85421,11.03803],[-63.85362,11.03721],[-63.85252,11.03622],[-63.85045,11.03487],[-63.84976,11.03462],[-63.84903,11.03318],[-63.84807,11.03249],[-63.84782,11.03181],[-63.84445,11.03143],[-63.84237,11.03085],[-63.84061,11.03074],[-63.83741,11.03007],[-63.83664,11.03087],[-63.83449,11.03167],[-63.83291,11.03253],[-63.83126,11.0339],[-63.82858,11.03556],[-63.8295,11.03888],[-63.82933,11.03871],[-63.82947,11.03876]]},"properties":{"id":"17619354677","date":"2026-03-05","name":"Volta pro leste","chapter":4,"chapter_slug":"costa-caribenha","country":"VE","transport":"bicycle","distance_km":97.9,"elev_gain_m":589,"moving_time_s":26742,"points":269}},{"type":"Feature","geometry":{"type":"LineString","coordinates":[[-63.82848,11.0357],[-63.82684,11.03681],[-63.82584,11.0385],[-63.82605,11.04026],[-63.82448,11.04111],[-63.82302,11.04249],[-63.82199,11.04278],[-63.82052,11.04353],[-63.81846,11.04518],[-63.81619,11.04578],[-63.81309,11.04744],[-63.81378,11.04997],[-63.81496,11.05201],[-63.81454,11.05223],[-63.81503,11.05193],[-63.81382,11.04992],[-63.81316,11.04747],[-63.81638,11.0458],[-63.81848,11.04528],[-63.82043,11.04367],[-63.822,11.04285],[-63.82325,11.04244],[-63.82416,11.04146],[-63.82522,11.04078],[-63.82515,11.03971],[-63.8269,11.03684],[-63.82856,11.03572],[-63.82952,11.03882]]},"properties":{"id":"17654212859","date":"2026-03-08","name":"Pedalada vespertina","chapter":4,"chapter_slug":"costa-caribenha","country":"VE","transport":"bicycle","distance_km":6.2,"elev_gain_m":66,"moving_time_s":1473,"points":28}},{"type":"Feature","geometry":{"type":"LineString","coordinates":[[-63.82952,11.03874],[-63.82858,11.0356],[-63.83117,11.03407],[-63.8329,11.03263],[-63.8369,11.03078],[-63.83754,11.02998],[-63.83748,11.02676],[-63.83727,11.02635],[-63.83603,11.02579],[-63.82793,11.02288],[-63.82705,11.02229],[-63.82638,11.02155],[-63.82589,11.02057],[-63.82509,11.0175],[-63.82492,11.01356],[-63.82468,11.01268],[-63.82204,11.00857],[-63.81597,11.00224],[-63.81513,11.00089],[-63.81478,10.99945],[-63.81443,10.99361],[-63.81502,10.99334],[-63.81845,10.99373],[-63.82607,10.99393],[-63.82893,10.99346],[-63.83485,10.99175],[-63.83618,10.99119],[-63.83999,10.98704],[-63.84453,10.98391],[-63.84505,10.98304],[-63.84573,10.98125],[-63.84725,10.97867],[-63.84818,10.97728],[-63.84906,10.97636],[-63.85338,10.97347],[-63.85659,10.97044],[-63.86202,10.96734],[-63.86413,10.96577],[-63.87543,10.95091],[-63.87666,10.9499],[-63.87758,10.94956],[-63.89379,10.94642],[-63.92316,10.94714],[-63.94935,10.95138],[-63.95451,10.95236],[-63.98504,10.95693],[-64.00503,10.95647],[-64.02911,10.95178],[-64.03289,10.95035],[-64.0354,10.94881],[-64.06104,10.92831],[-64.06746,10.92272],[-64.07604,10.91563],[-64.07719,10.91481],[-64.07963,10.9136],[-64.08081,10.91272],[-64.08456,10.90962],[-64.08649,10.9071],[-64.09075,10.90352],[-64.09091,10.9021],[-64.09079,10.90282],[-64.09106,10.90322],[-64.09438,10.90054],[-64.09562,10.89995],[-64.0957,10.89966],[-64.09696,10.89943],[-64.09845,10.89958],[-64.09863,10.89938],[-64.09818,10.8999]]},"properties":{"id":"17674897530","date":"2026-03-10","name":"Punta de piedras","chapter":4,"chapter_slug":"costa-caribenha","country":"VE","transport":"bicycle","distance_km":42.7,"elev_gain_m":145,"moving_time_s":6006,"points":69}},{"type":"Feature","geometry":{"type":"LineString","coordinates":[[-64.19201,10.46968],[-64.19178,10.46967],[-64.19145,10.4691],[-64.19138,10.46821],[-64.19027,10.46762],[-64.19014,10.46367],[-64.1896,10.4607],[-64.18982,10.45801],[-64.19025,10.4556],[-64.18984,10.45516],[-64.19318,10.44705],[-64.19262,10.44671],[-64.19213,10.44611],[-64.19458,10.4442],[-64.19571,10.44301],[-64.19622,10.44191],[-64.19887,10.43855],[-64.19854,10.43803],[-64.20349,10.43402],[-64.20701,10.42925],[-64.20916,10.42676],[-64.2097,10.42708]]},"properties":{"id":"17678873110","date":"2026-03-10","name":"Pedalada ao entardecer","chapter":4,"chapter_slug":"costa-caribenha","country":"VE","transport":"bicycle","distance_km":6,"elev_gain_m":28,"moving_time_s":1424,"points":22}},{"type":"Feature","geometry":{"type":"LineString","coordinates":[[-64.20972,10.42595],[-64.21094,10.42408],[-64.21332,10.41854],[-64.21418,10.41714],[-64.21708,10.41417],[-64.22072,10.4114],[-64.22169,10.41],[-64.22513,10.40642],[-64.22618,10.40584],[-64.22825,10.40517],[-64.22933,10.40441],[-64.2302,10.40342],[-64.2313,10.40129],[-64.23269,10.40013],[-64.23412,10.39977],[-64.23874,10.39973],[-64.24084,10.39892],[-64.24185,10.39808],[-64.24759,10.39222],[-64.2516,10.38869],[-64.25241,10.38749],[-64.25286,10.38588],[-64.25316,10.37695],[-64.25386,10.37551],[-64.25554,10.37337],[-64.25729,10.37037],[-64.25966,10.36767],[-64.26416,10.36454],[-64.26831,10.36108],[-64.27009,10.3602],[-64.2712,10.35933],[-64.27354,10.35505],[-64.27718,10.351],[-64.2794,10.349],[-64.28058,10.34615],[-64.28328,10.34343],[-64.28474,10.34075],[-64.2873,10.33807],[-64.29065,10.33574],[-64.29096,10.33513],[-64.29073,10.33414],[-64.291,10.33306],[-64.29263,10.33279],[-64.294,10.33284],[-64.29435,10.33262],[-64.29445,10.33213],[-64.29402,10.33033],[-64.29428,10.32993],[-64.29657,10.32959],[-64.29742,10.33005],[-64.29786,10.33005],[-64.29816,10.3297],[-64.29833,10.32881],[-64.29881,10.32854],[-64.2993,10.32872],[-64.30007,10.32996],[-64.30051,10.33023],[-64.30149,10.33006],[-64.30326,10.33057],[-64.30534,10.33069],[-64.3057,10.33045],[-64.30597,10.32988],[-64.30656,10.32973],[-64.30698,10.3301],[-64.3072,10.33087],[-64.30797,10.33167],[-64.30838,10.33171],[-64.30907,10.33128],[-64.30994,10.33144],[-64.31023,10.33179],[-64.31048,10.33272],[-64.31145,10.33298],[-64.31225,10.33378],[-64.31333,10.33387],[-64.31485,10.33496],[-64.31542,10.33466],[-64.31549,10.33385],[-64.31579,10.33349],[-64.31832,10.33329],[-64.31877,10.33309],[-64.31897,10.33229],[-64.31874,10.33208],[-64.31914,10.33121],[-64.31869,10.33027],[-64.3189,10.32978],[-64.31954,10.3297],[-64.32142,10.33027],[-64.32388,10.33011],[-64.32427,10.3298],[-64.32475,10.3289],[-64.32527,10.32857],[-64.32642,10.328],[-64.32781,10.32791],[-64.32862,10.32741],[-64.32981,10.32731],[-64.33036,10.32701],[-64.33141,10.32576],[-64.33275,10.32511],[-64.33427,10.32541],[-64.33534,10.32512],[-64.33756,10.32603],[-64.33852,10.3258],[-64.33978,10.32645],[-64.34095,10.3263],[-64.34273,10.32737],[-64.34345,10.32753],[-64.34479,10.32939],[-64.34534,10.32958],[-64.34819,10.32758],[-64.3483,10.32718],[-64.34812,10.32637],[-64.34868,10.32507],[-64.34857,10.32393],[-64.34947,10.32342],[-64.35003,10.32229],[-64.35272,10.32121],[-64.35349,10.31946],[-64.35454,10.31834],[-64.3547,10.31754],[-64.35512,10.31695],[-64.35524,10.31639],[-64.35506,10.31598],[-64.3546,10.31577],[-64.35339,10.31591],[-64.35189,10.31569],[-64.34947,10.31693],[-64.34853,10.31609],[-64.34767,10.31594],[-64.34671,10.31528],[-64.3459,10.31513],[-64.3452,10.31453],[-64.34341,10.31444],[-64.34261,10.31511],[-64.34212,10.31508],[-64.3418,10.31406],[-64.34099,10.31361],[-64.34087,10.31315],[-64.34212,10.31087],[-64.34216,10.30946],[-64.34261,10.3092],[-64.34355,10.30934],[-64.344,10.30901],[-64.344,10.30856],[-64.34358,10.30783],[-64.34382,10.30746],[-64.34466,10.30762],[-64.34587,10.30924],[-64.3467,10.3097],[-64.34855,10.30928],[-64.35028,10.30935],[-64.35049,10.30924],[-64.35061,10.30871],[-64.35089,10.30933],[-64.35232,10.30916],[-64.35373,10.3087],[-64.35438,10.30795],[-64.35541,10.30724],[-64.35601,10.3061],[-64.35641,10.30451],[-64.35758,10.30269],[-64.35798,10.30234],[-64.36048,10.30243],[-64.36455,10.30079],[-64.36823,10.30014],[-64.36954,10.299],[-64.37073,10.29916],[-64.37121,10.29976],[-64.37155,10.29985],[-64.37252,10.29944],[-64.37344,10.29937],[-64.37364,10.29946],[-64.37388,10.30011],[-64.37428,10.30035],[-64.37571,10.30024],[-64.3764,10.29973],[-64.37714,10.29991],[-64.37762,10.2998],[-64.37811,10.29939],[-64.37814,10.29816],[-64.37931,10.29618],[-64.38053,10.29606],[-64.38167,10.2964],[-64.38207,10.29635],[-64.38325,10.29572],[-64.38504,10.29522],[-64.38558,10.29428],[-64.38743,10.29309],[-64.38796,10.29299],[-64.3889,10.29327],[-64.39002,10.29295],[-64.39031,10.29259],[-64.39054,10.29175],[-64.39176,10.29148],[-64.39197,10.29107],[-64.39176,10.29041],[-64.38999,10.28998],[-64.38976,10.28969],[-64.39002,10.28948],[-64.391,10.28987],[-64.39132,10.28979],[-64.39156,10.28809],[-64.39157,10.28553],[-64.39226,10.28402],[-64.3931,10.28325],[-64.39651,10.28102],[-64.40168,10.27694],[-64.40392,10.27485],[-64.40446,10.27461],[-64.40537,10.27447],[-64.41136,10.27501],[-64.41654,10.27783],[-64.41862,10.28225],[-64.4195,10.28504],[-64.41978,10.28512],[-64.41982,10.28544],[-64.42025,10.28575],[-64.42117,10.28602]]},"properties":{"id":"17695927968","date":"2026-03-11","name":"Pedalada matinal","chapter":4,"chapter_slug":"costa-caribenha","country":"VE","transport":"bicycle","distance_km":39.4,"elev_gain_m":501,"moving_time_s":9232,"points":217}},{"type":"Feature","geometry":{"type":"LineString","coordinates":[[-64.42163,10.28524],[-64.42208,10.28398],[-64.42262,10.28337],[-64.42009,10.2809],[-64.42055,10.28014],[-64.42229,10.28097],[-64.4244,10.28119],[-64.42556,10.28179],[-64.42653,10.28173],[-64.42723,10.2814],[-64.42792,10.28035],[-64.42881,10.27984],[-64.42952,10.27905],[-64.43036,10.27862],[-64.43156,10.27851],[-64.43329,10.27905],[-64.43452,10.27967],[-64.43529,10.28042],[-64.43599,10.28056],[-64.43639,10.28036],[-64.43694,10.27931],[-64.43674,10.27725],[-64.43694,10.27686],[-64.43813,10.27683],[-64.43905,10.27641],[-64.44016,10.27648],[-64.44067,10.27622],[-64.44124,10.27515],[-64.44055,10.27283],[-64.44013,10.27233],[-64.43896,10.27211],[-64.43878,10.27156],[-64.43979,10.2709],[-64.44075,10.26971],[-64.44106,10.2697],[-64.44193,10.27026],[-64.44245,10.27019],[-64.44319,10.26908],[-64.44554,10.26741],[-64.44576,10.26688],[-64.44569,10.26633],[-64.44479,10.26564],[-64.44468,10.26531],[-64.44509,10.26353],[-64.44669,10.26284],[-64.44735,10.26291],[-64.44828,10.26341],[-64.44919,10.26333],[-64.45033,10.26258],[-64.45173,10.26249],[-64.45355,10.26268],[-64.45521,10.26148],[-64.45527,10.26008],[-64.45454,10.25893],[-64.4546,10.25793],[-64.45391,10.25727],[-64.45357,10.2566],[-64.45291,10.25616],[-64.45282,10.25582],[-64.45497,10.25256],[-64.45658,10.25252],[-64.45761,10.25318],[-64.45816,10.25288],[-64.45902,10.25198],[-64.46039,10.25243],[-64.46111,10.25234],[-64.46196,10.25252],[-64.46243,10.25206],[-64.46275,10.25135],[-64.46369,10.25115],[-64.46407,10.25078],[-64.46409,10.25022],[-64.46354,10.24941],[-64.4637,10.24893],[-64.4655,10.24877],[-64.46709,10.24725],[-64.46783,10.2473],[-64.46848,10.24821],[-64.46931,10.24873],[-64.46978,10.24866],[-64.47048,10.24808],[-64.47215,10.24825],[-64.4733,10.24774],[-64.47427,10.24704],[-64.47496,10.24699],[-64.47559,10.24653],[-64.47744,10.24598],[-64.47782,10.24517],[-64.47764,10.24322],[-64.47789,10.24275],[-64.47847,10.24232],[-64.48073,10.24144],[-64.4828,10.24187],[-64.48593,10.24142],[-64.4871,10.24192],[-64.48796,10.24188],[-64.48873,10.24103],[-64.48969,10.2405],[-64.48967,10.23896],[-64.48988,10.23871],[-64.49376,10.23773],[-64.49465,10.23707],[-64.4951,10.23721],[-64.49542,10.23798],[-64.49629,10.23808],[-64.49692,10.23784],[-64.49734,10.23726],[-64.49903,10.23669],[-64.49985,10.23621],[-64.50177,10.23604],[-64.50223,10.23615],[-64.50263,10.23652],[-64.50262,10.23681],[-64.50178,10.23821],[-64.50177,10.23859],[-64.50224,10.23993],[-64.50348,10.2403],[-64.50357,10.2409],[-64.50403,10.24162],[-64.50383,10.24245],[-64.50395,10.24287],[-64.50487,10.24338],[-64.50553,10.2442],[-64.50747,10.24479],[-64.50777,10.2446],[-64.50801,10.2441],[-64.50724,10.24274],[-64.50741,10.24222],[-64.50897,10.24121],[-64.50915,10.24132],[-64.50903,10.24116],[-64.50959,10.24072],[-64.51089,10.24085],[-64.51181,10.24032],[-64.5128,10.24042],[-64.5133,10.24024],[-64.51388,10.23841],[-64.51553,10.23793],[-64.51588,10.23763],[-64.51617,10.23611],[-64.51605,10.23537],[-64.51622,10.23512],[-64.51757,10.23497],[-64.51878,10.23451],[-64.52011,10.23443],[-64.52073,10.23387],[-64.52254,10.23311],[-64.52488,10.23316],[-64.526,10.23287],[-64.52807,10.23342],[-64.52847,10.2329],[-64.52832,10.23182],[-64.52881,10.23118],[-64.529,10.23049],[-64.52935,10.23024],[-64.52976,10.23031],[-64.53087,10.23124],[-64.53233,10.2317],[-64.53295,10.233],[-64.53343,10.23341],[-64.53459,10.23309],[-64.53532,10.23266],[-64.53639,10.23138],[-64.53675,10.23138],[-64.53767,10.23185],[-64.53814,10.23174],[-64.53842,10.23134],[-64.53833,10.23048],[-64.53861,10.23019],[-64.53982,10.23004],[-64.54067,10.23118],[-64.54274,10.23134],[-64.54321,10.23081],[-64.54311,10.22965],[-64.5436,10.22916],[-64.54577,10.22854],[-64.54939,10.22875],[-64.54989,10.22859],[-64.55007,10.22797],[-64.54974,10.22563],[-64.54997,10.22516],[-64.55043,10.22496],[-64.55235,10.22592],[-64.55599,10.22679],[-64.55661,10.2271],[-64.55815,10.22838],[-64.55919,10.22997],[-64.56068,10.23158],[-64.56183,10.23226],[-64.56331,10.23258],[-64.56342,10.23288],[-64.56323,10.23398],[-64.56374,10.23438],[-64.56653,10.23404],[-64.56671,10.23385],[-64.56756,10.23457],[-64.56941,10.23445],[-64.57015,10.2351],[-64.57241,10.23494],[-64.57356,10.23542],[-64.57514,10.23569],[-64.57717,10.23545],[-64.57925,10.23449],[-64.58148,10.23384],[-64.58346,10.23288],[-64.58725,10.22956],[-64.58899,10.22876],[-64.59089,10.22857],[-64.59214,10.22738],[-64.59278,10.22718],[-64.59333,10.22743],[-64.59449,10.2291],[-64.59673,10.22987],[-64.59722,10.23027],[-64.5975,10.23097],[-64.5973,10.23186],[-64.59825,10.23242],[-64.59846,10.23397],[-64.59895,10.23466],[-64.60135,10.23581],[-64.60253,10.23683],[-64.60539,10.23668],[-64.60674,10.23594],[-64.61078,10.23559],[-64.61656,10.23454],[-64.61977,10.23266],[-64.62636,10.22758],[-64.62696,10.22743],[-64.62782,10.22782],[-64.62999,10.22674],[-64.63124,10.22677],[-64.6307,10.22649],[-64.62987,10.22481],[-64.62937,10.22475],[-64.6311,10.22142],[-64.63175,10.21962],[-64.63353,10.20992],[-64.63303,10.20933],[-64.63166,10.20839],[-64.62942,10.20547],[-64.62918,10.20542],[-64.62836,10.20605],[-64.62745,10.20616],[-64.62849,10.20606],[-64.62873,10.20473],[-64.62863,10.20486]]},"properties":{"id":"17735117436","date":"2026-03-15","name":"Puerto la cruz","chapter":4,"chapter_slug":"costa-caribenha","country":"VE","transport":"bicycle","distance_km":37.5,"elev_gain_m":535,"moving_time_s":8836,"points":246}},{"type":"Feature","geometry":{"type":"LineString","coordinates":[[-64.62858,10.20541],[-64.62849,10.20593],[-64.62828,10.20606],[-64.62599,10.20605],[-64.62564,10.20627],[-64.62591,10.20644],[-64.6282,10.20649],[-64.62816,10.20841],[-64.62758,10.20859],[-64.6276,10.21049],[-64.62813,10.2106],[-64.6283,10.21011],[-64.63296,10.21118],[-64.63275,10.21261],[-64.63442,10.21303],[-64.63522,10.21379],[-64.6351,10.21409],[-64.63527,10.21393],[-64.63591,10.21452],[-64.63725,10.21352],[-64.63726,10.21297],[-64.63642,10.2113],[-64.6318,10.20854],[-64.62938,10.20536],[-64.62938,10.20505],[-64.6286,10.20482]]},"properties":{"id":"17754031852","date":"2026-03-17","name":"Pedalada matinal","chapter":4,"chapter_slug":"costa-caribenha","country":"VE","transport":"bicycle","distance_km":4.2,"elev_gain_m":22,"moving_time_s":1982,"points":26}},{"type":"Feature","geometry":{"type":"LineString","coordinates":[[-64.62895,10.20487],[-64.62938,10.2051],[-64.6295,10.20556],[-64.63202,10.20876],[-64.6338,10.21019],[-64.63634,10.21173],[-64.63763,10.21408],[-64.63842,10.21604],[-64.63842,10.21701],[-64.63813,10.21789],[-64.63675,10.21932],[-64.63756,10.2201],[-64.63776,10.22086],[-64.63846,10.22138],[-64.63892,10.22135],[-64.64012,10.22039],[-64.64116,10.21997],[-64.64172,10.21841],[-64.64187,10.21675],[-64.64296,10.21584],[-64.64341,10.21505],[-64.64408,10.21438],[-64.6457,10.21334],[-64.64849,10.21232],[-64.64907,10.21185],[-64.65015,10.20994],[-64.65006,10.20925],[-64.64946,10.20838],[-64.6496,10.20802],[-64.65539,10.20424],[-64.65928,10.20285],[-64.65905,10.20104],[-64.66012,10.19286],[-64.66087,10.19135],[-64.66143,10.18702],[-64.66196,10.18614],[-64.6625,10.18593],[-64.66518,10.18565],[-64.66722,10.18445],[-64.66879,10.18383],[-64.68191,10.17987],[-64.68258,10.18063],[-64.68322,10.18038],[-64.68358,10.18085],[-64.68364,10.18148],[-64.68415,10.18072],[-64.68501,10.18088],[-64.68532,10.18032],[-64.68589,10.18003],[-64.68556,10.18029],[-64.68603,10.18084],[-64.68578,10.18068],[-64.68566,10.18004],[-64.68599,10.18037],[-64.68619,10.18029],[-64.6862,10.18002],[-64.68613,10.18022],[-64.68602,10.18008],[-64.68592,10.1802],[-64.68602,10.18053],[-64.68698,10.18097],[-64.68553,10.17985],[-64.68568,10.18009],[-64.68587,10.18],[-64.6857,10.18017],[-64.68604,10.17986],[-64.68641,10.1806],[-64.68686,10.18023],[-64.68699,10.18034],[-64.68689,10.18075],[-64.68824,10.18114],[-64.68836,10.18097],[-64.68835,10.18126],[-64.69004,10.18196],[-64.68904,10.18454],[-64.68879,10.18723],[-64.68884,10.18962],[-64.68991,10.19464],[-64.6903,10.19543],[-64.69173,10.19663],[-64.69392,10.20079],[-64.69468,10.20154],[-64.69607,10.20198],[-64.69584,10.20238],[-64.69556,10.20244],[-64.69433,10.20198],[-64.6921,10.20174],[-64.68983,10.20174],[-64.68925,10.20153],[-64.68924,10.20209],[-64.68919,10.20171],[-64.68728,10.20091],[-64.6869,10.20171],[-64.68654,10.20201],[-64.6836,10.20216],[-64.68248,10.20234],[-64.68258,10.20248],[-64.68248,10.20237],[-64.6867,10.2018],[-64.68708,10.20095],[-64.68741,10.20079],[-64.68853,10.19716],[-64.68827,10.19449],[-64.68722,10.18992],[-64.68721,10.18425],[-64.687,10.18099],[-64.68586,10.17909],[-64.68523,10.17863],[-64.68457,10.17856],[-64.68294,10.17876],[-64.68176,10.17963],[-64.68005,10.18023],[-64.66748,10.18399],[-64.66507,10.18548],[-64.66282,10.1856],[-64.66173,10.1859],[-64.66122,10.18651],[-64.66094,10.18774],[-64.66056,10.1912],[-64.65972,10.19263],[-64.65866,10.20121],[-64.65831,10.20263],[-64.65755,10.20333],[-64.65463,10.20441],[-64.64958,10.2078],[-64.64769,10.20816],[-64.64382,10.21],[-64.64086,10.2122],[-64.63854,10.21349],[-64.63803,10.21363],[-64.63751,10.21344],[-64.63641,10.21132],[-64.63312,10.20947],[-64.63177,10.20851],[-64.62946,10.20551],[-64.62941,10.20513],[-64.62877,10.2048],[-64.62859,10.20493]]},"properties":{"id":"17770632027","date":"2026-03-18","name":"Lechería com o bonde 🇧🇷🇻🇪","chapter":4,"chapter_slug":"costa-caribenha","country":"VE","transport":"bicycle","distance_km":28.9,"elev_gain_m":59,"moving_time_s":9533,"points":138}},{"type":"Feature","geometry":{"type":"LineString","coordinates":[[-64.6287,10.20465],[-64.62942,10.20162],[-64.63013,10.20157],[-64.6306,10.1998],[-64.63532,10.19994],[-64.63659,10.19966],[-64.63717,10.19924],[-64.64124,10.18947],[-64.64508,10.18492],[-64.64638,10.18391],[-64.64802,10.18311],[-64.64899,10.18282],[-64.65102,10.18269],[-64.65132,10.18236],[-64.65107,10.17657],[-64.65041,10.1722],[-64.64469,10.16443],[-64.6426,10.16121],[-64.64249,10.16001],[-64.64278,10.15714],[-64.64313,10.15611],[-64.64418,10.15431],[-64.64493,10.15361],[-64.64682,10.15248],[-64.6472,10.15182],[-64.64768,10.14984],[-64.64831,10.14915],[-64.64904,10.1488],[-64.65607,10.14929],[-64.65974,10.15073],[-64.66168,10.15098],[-64.66727,10.15027],[-64.66881,10.14939],[-64.66958,10.14827],[-64.66982,10.14737],[-64.66977,10.14565],[-64.66868,10.13642],[-64.6688,10.13452],[-64.67075,10.12854],[-64.67478,10.12015],[-64.67567,10.11799],[-64.67588,10.11699],[-64.67588,10.11578],[-64.67542,10.11378],[-64.67415,10.1105],[-64.67195,10.10618],[-64.6715,10.10423],[-64.67169,10.10257],[-64.67469,10.08876],[-64.67552,10.08692],[-64.67761,10.08447],[-64.68387,10.07999],[-64.70517,10.06846],[-64.71,10.06461],[-64.73893,10.04973],[-64.74032,10.04919],[-64.7419,10.04889],[-64.74898,10.04842],[-64.75097,10.04855],[-64.7575,10.05027],[-64.75909,10.05084],[-64.75896,10.05098],[-64.759,10.05083],[-64.7611,10.05116],[-64.78129,10.05664],[-64.78385,10.05689],[-64.79989,10.0554],[-64.8149,10.05522],[-64.81777,10.05467],[-64.8203,10.05384],[-64.82746,10.04974],[-64.83025,10.04873],[-64.83209,10.04849],[-64.85847,10.04731],[-64.86107,10.04689],[-64.86778,10.04504],[-64.8718,10.04488],[-64.87409,10.04518],[-64.88422,10.04721],[-64.8873,10.04843],[-64.89039,10.05043],[-64.8928,10.05278],[-64.89468,10.05543],[-64.90214,10.07106],[-64.90384,10.07305],[-64.9058,10.07458],[-64.90765,10.07545],[-64.91005,10.07611],[-64.92263,10.07814],[-64.92497,10.07816],[-64.92483,10.07839],[-64.92524,10.07808],[-64.98462,10.06865],[-64.98694,10.0676],[-64.99311,10.06274],[-64.99381,10.06104],[-64.9938,10.06055],[-64.99408,10.0608],[-64.99458,10.06048],[-64.9952,10.06049],[-64.99938,10.05869],[-65.00678,10.05701],[-65.00926,10.05618],[-65.01097,10.05532],[-65.01258,10.0542],[-65.01524,10.05152],[-65.01659,10.04921],[-65.01737,10.04725],[-65.01781,10.04555],[-65.01822,10.04239],[-65.0188,10.04069],[-65.02175,10.0359],[-65.02262,10.03158],[-65.02362,10.02926],[-65.02685,10.02282],[-65.02762,10.02188],[-65.02855,10.02112],[-65.02899,10.0211],[-65.02912,10.02147],[-65.02837,10.02217],[-65.02792,10.02212],[-65.02716,10.01972],[-65.02668,10.0167],[-65.02718,10.01458],[-65.02846,10.0128],[-65.03663,10.00513],[-65.03877,10.00408],[-65.045,10.0023],[-65.05402,10.00078],[-65.07495,9.99574],[-65.07719,9.99441],[-65.08283,9.98958],[-65.09197,9.98354],[-65.09711,9.97879],[-65.09857,9.97787],[-65.10028,9.97744],[-65.10488,9.97755],[-65.10702,9.97733],[-65.11977,9.97402],[-65.12152,9.97263],[-65.13111,9.96218],[-65.1323,9.96049],[-65.13502,9.95576],[-65.13624,9.95435],[-65.13831,9.9533],[-65.14342,9.95165],[-65.14589,9.95162],[-65.15736,9.95218],[-65.16267,9.95179],[-65.16309,9.95106],[-65.163,9.95161],[-65.16787,9.95282],[-65.16993,9.95277],[-65.17338,9.95235],[-65.17378,9.95244],[-65.17397,9.95307],[-65.17303,9.95508],[-65.17305,9.95633],[-65.17366,9.95746],[-65.17544,9.95903],[-65.17597,9.96048],[-65.17512,9.9661],[-65.17735,9.96892],[-65.1784,9.97121],[-65.17988,9.97275],[-65.18215,9.97738],[-65.18367,9.98199],[-65.18772,9.98871],[-65.19202,9.99308],[-65.19457,9.99434],[-65.19744,9.9963],[-65.19997,9.99634],[-65.2014,9.99694],[-65.20239,9.99755],[-65.20316,9.99849],[-65.20323,10.00186],[-65.20357,10.0033],[-65.2036,10.00453],[-65.20195,10.01011],[-65.20173,10.01321],[-65.20348,10.01772],[-65.20512,10.0201],[-65.20649,10.0216],[-65.20956,10.02418],[-65.21292,10.02741],[-65.21396,10.02887],[-65.21421,10.03035],[-65.21411,10.03144],[-65.2126,10.03383],[-65.21232,10.03548],[-65.21342,10.04026],[-65.21489,10.04373],[-65.21497,10.04616],[-65.21541,10.04707],[-65.21487,10.04865],[-65.21402,10.04967],[-65.21331,10.05356],[-65.20464,10.07613],[-65.20475,10.07729],[-65.20802,10.0823],[-65.20835,10.0833],[-65.20819,10.08391],[-65.2067,10.08584],[-65.20578,10.08752],[-65.20405,10.09285],[-65.20383,10.09453],[-65.20388,10.09797],[-65.20428,10.09841],[-65.20756,10.09852],[-65.20753,10.09877]]},"properties":{"id":"17785438093","date":"2026-03-19","name":"Dia 184","chapter":4,"chapter_slug":"costa-caribenha","country":"VE","transport":"bicycle","distance_km":102.3,"elev_gain_m":571,"moving_time_s":21523,"points":210}},{"type":"Feature","geometry":{"type":"LineString","coordinates":[[-65.20793,10.09807],[-65.21138,10.09835],[-65.21636,10.09942],[-65.22417,10.10058],[-65.23029,10.10175],[-65.24218,10.10252],[-65.25361,10.10371],[-65.26707,10.10545],[-65.27495,10.10721],[-65.28862,10.10827],[-65.2902,10.10878],[-65.2952,10.1114],[-65.29664,10.11147],[-65.29944,10.11032],[-65.30112,10.10994],[-65.31293,10.11159],[-65.32299,10.1133],[-65.32922,10.11457],[-65.34122,10.11759],[-65.35268,10.12],[-65.35537,10.12082],[-65.38407,10.12756],[-65.38471,10.12781],[-65.3853,10.1286],[-65.38852,10.12874],[-65.39453,10.13026],[-65.3944,10.13059]]},"properties":{"id":"17791701097","date":"2026-03-20","name":"Pedalada matinal","chapter":4,"chapter_slug":"costa-caribenha","country":"VE","transport":"bicycle","distance_km":21,"elev_gain_m":5,"moving_time_s":4997,"points":27}},{"type":"Feature","geometry":{"type":"LineString","coordinates":[[-65.39516,10.13038],[-65.40804,10.13366],[-65.41336,10.13485],[-65.41416,10.13484],[-65.41887,10.13392],[-65.42822,10.13161],[-65.42817,10.13098],[-65.42762,10.13093],[-65.4271,10.12875],[-65.42832,10.12735],[-65.42925,10.12527],[-65.43101,10.12631],[-65.43313,10.12899],[-65.43453,10.13026],[-65.43579,10.13111],[-65.44815,10.13582],[-65.45143,10.13665],[-65.46915,10.13952],[-65.47172,10.14011],[-65.48085,10.14338],[-65.48968,10.14576],[-65.49627,10.14823],[-65.50977,10.15226],[-65.51341,10.15278],[-65.5211,10.15276],[-65.52659,10.15387],[-65.52867,10.15456],[-65.5343,10.15723],[-65.53632,10.158],[-65.53862,10.15865],[-65.54772,10.16044],[-65.55525,10.16322],[-65.57039,10.16808],[-65.57346,10.16923],[-65.58138,10.17277],[-65.58366,10.17357],[-65.58476,10.17388],[-65.58479,10.17374],[-65.58572,10.17417],[-65.59518,10.17675],[-65.60345,10.17782],[-65.60683,10.17765],[-65.60988,10.17692],[-65.62059,10.17317],[-65.62709,10.17026],[-65.64462,10.16506],[-65.65341,10.16],[-65.6544,10.15963],[-65.65632,10.15935],[-65.66233,10.15978],[-65.66595,10.16028],[-65.67224,10.16203],[-65.68146,10.16409],[-65.68799,10.16607],[-65.68991,10.16638],[-65.69265,10.16635],[-65.70134,10.16512],[-65.70292,10.1651],[-65.70446,10.16532],[-65.70667,10.16617],[-65.72013,10.1734],[-65.72591,10.17476],[-65.73702,10.178],[-65.74006,10.17851],[-65.74116,10.17837],[-65.74505,10.17725],[-65.74871,10.1769],[-65.75193,10.17628],[-65.76854,10.17156],[-65.77412,10.17086],[-65.77697,10.17088],[-65.79876,10.17437],[-65.81025,10.17441],[-65.82119,10.17497],[-65.8238,10.17475],[-65.83076,10.17262],[-65.83106,10.17274],[-65.83109,10.1725],[-65.84162,10.16904],[-65.8703,10.15477],[-65.87259,10.15395],[-65.87586,10.15333],[-65.89797,10.15227],[-65.91416,10.15043],[-65.92259,10.15003],[-65.93108,10.15027],[-65.93447,10.14974],[-65.94103,10.1478],[-65.94366,10.14747],[-65.94557,10.14767],[-65.95833,10.15072],[-65.96025,10.1509],[-65.96428,10.15087],[-65.97093,10.15188],[-65.971,10.15159],[-65.97125,10.15544],[-65.96731,10.16461],[-65.96565,10.16611],[-65.96606,10.16781],[-65.96568,10.17087],[-65.96443,10.17349],[-65.96423,10.17532],[-65.96075,10.18215],[-65.95951,10.18413],[-65.9593,10.18702],[-65.95813,10.19155],[-65.95519,10.19507],[-65.95379,10.1974],[-65.95077,10.20103],[-65.94979,10.20344],[-65.94922,10.20656],[-65.94929,10.20853],[-65.94943,10.20928],[-65.95058,10.21195],[-65.95133,10.2221],[-65.95123,10.22274],[-65.9503,10.22418],[-65.95041,10.22562],[-65.95451,10.23537],[-65.95549,10.23836],[-65.9563,10.23976],[-65.95645,10.24128],[-65.95679,10.24246],[-65.9575,10.24351],[-65.95932,10.24492],[-65.96029,10.24645],[-65.96015,10.24697],[-65.95877,10.24793],[-65.95806,10.24982],[-65.95912,10.25314],[-65.95912,10.25391],[-65.95832,10.2561],[-65.9596,10.26215],[-65.95952,10.26428],[-65.96143,10.26836],[-65.96163,10.27046],[-65.9619,10.27119],[-65.96225,10.27153],[-65.96525,10.27309],[-65.96575,10.27379],[-65.96602,10.27465],[-65.96763,10.28606],[-65.96728,10.28726],[-65.96462,10.29083],[-65.96416,10.29179],[-65.9643,10.29293],[-65.9659,10.29504],[-65.96618,10.29585],[-65.96543,10.30375],[-65.96553,10.30469],[-65.96606,10.30529],[-65.96806,10.30667],[-65.96976,10.31043],[-65.97067,10.31154],[-65.97256,10.31262],[-65.97667,10.3143],[-65.9769,10.31593],[-65.97858,10.31568],[-65.97908,10.31801],[-65.98743,10.31084],[-65.99089,10.30734],[-65.99291,10.30566],[-65.99313,10.30509]]},"properties":{"id":"17809669895","date":"2026-03-21","name":"Dia 186","chapter":4,"chapter_slug":"costa-caribenha","country":"VE","transport":"bicycle","distance_km":90.1,"elev_gain_m":557,"moving_time_s":19095,"points":163}},{"type":"Feature","geometry":{"type":"LineString","coordinates":[[-65.9933,10.30545],[-65.99416,10.30489],[-65.99593,10.3026],[-65.99625,10.30281],[-66.01182,10.30244],[-66.04868,10.3049],[-66.0498,10.30476],[-66.05198,10.30296],[-66.05303,10.30274],[-66.0544,10.30348],[-66.07805,10.31985],[-66.07866,10.32013],[-66.07924,10.32002],[-66.07971,10.31966],[-66.08057,10.31847],[-66.08121,10.31827],[-66.08475,10.31917],[-66.08938,10.32084],[-66.09077,10.32168],[-66.09179,10.32256],[-66.0948,10.32652],[-66.09643,10.32799],[-66.10233,10.33114],[-66.10542,10.33235],[-66.11402,10.3344],[-66.11757,10.33484],[-66.12037,10.33479],[-66.1362,10.33357],[-66.14007,10.3339],[-66.14289,10.33467],[-66.14553,10.33588],[-66.15292,10.34094],[-66.15567,10.34246],[-66.15892,10.34358],[-66.16667,10.34525],[-66.17075,10.34549],[-66.17565,10.34495],[-66.17781,10.34495],[-66.20858,10.34774],[-66.21126,10.34753],[-66.21402,10.34691],[-66.21824,10.34526],[-66.22206,10.3435],[-66.22377,10.34298],[-66.22648,10.3426],[-66.23229,10.34263],[-66.23458,10.34217],[-66.2434,10.33934],[-66.25067,10.3362],[-66.25592,10.33525],[-66.26029,10.33401],[-66.26195,10.33382],[-66.2635,10.33388],[-66.27684,10.33526],[-66.27901,10.33534],[-66.28183,10.33481],[-66.285,10.33356],[-66.28765,10.33282],[-66.29498,10.33227],[-66.29773,10.3318],[-66.30112,10.33062],[-66.31876,10.32152],[-66.32218,10.32038],[-66.33314,10.31782],[-66.33516,10.3172],[-66.33733,10.31624],[-66.34285,10.31277],[-66.34481,10.31189],[-66.34645,10.31151],[-66.34772,10.31145],[-66.359,10.31243],[-66.36106,10.31285],[-66.36605,10.31493],[-66.36873,10.31222],[-66.3704,10.31116],[-66.3871,10.30447],[-66.38983,10.30368],[-66.38992,10.30328],[-66.39026,10.30307],[-66.38824,10.30363],[-66.38908,10.30269],[-66.38983,10.30216],[-66.38836,10.30389],[-66.38859,10.30404],[-66.38844,10.30371],[-66.38832,10.30387],[-66.38819,10.30367],[-66.38809,10.30388],[-66.38977,10.30335],[-66.39036,10.30437],[-66.39008,10.30385],[-66.39017,10.30365],[-66.39276,10.30302],[-66.39739,10.30227],[-66.39938,10.30237],[-66.40042,10.30303],[-66.40107,10.30384],[-66.40168,10.30602],[-66.4027,10.30795],[-66.40291,10.31065],[-66.40364,10.31202],[-66.40499,10.31287],[-66.40802,10.31329],[-66.4093,10.31369],[-66.41068,10.31458],[-66.41149,10.31558],[-66.41187,10.31648],[-66.41197,10.31742],[-66.41181,10.31832],[-66.41104,10.3202],[-66.41108,10.32154],[-66.41328,10.32849],[-66.4137,10.32924],[-66.41449,10.32997],[-66.4153,10.33032],[-66.4163,10.33046],[-66.4192,10.32997],[-66.42249,10.33071],[-66.42381,10.33042],[-66.42534,10.3294],[-66.4265,10.32896],[-66.43071,10.32903],[-66.43158,10.32928],[-66.43254,10.32995],[-66.43462,10.33314],[-66.43527,10.3337],[-66.43659,10.33432],[-66.43838,10.33454],[-66.4411,10.33441],[-66.44291,10.33386],[-66.44498,10.33281],[-66.44637,10.33257],[-66.44827,10.33297],[-66.44989,10.3342],[-66.45395,10.34226],[-66.4553,10.34454],[-66.45675,10.34563],[-66.45956,10.34668],[-66.46106,10.34815],[-66.46309,10.35313],[-66.46492,10.35616],[-66.46542,10.35925],[-66.46579,10.36026],[-66.46643,10.36114],[-66.46886,10.36341],[-66.47009,10.3653],[-66.47077,10.36719],[-66.4711,10.37069],[-66.47142,10.37177],[-66.47559,10.37846],[-66.47618,10.37976],[-66.47648,10.38152],[-66.47639,10.38626],[-66.47671,10.3881],[-66.47657,10.38817],[-66.47677,10.38816],[-66.47771,10.38987],[-66.479,10.39104],[-66.48037,10.39176],[-66.48971,10.39419],[-66.49166,10.39421],[-66.49658,10.39299],[-66.4976,10.39304],[-66.49854,10.39344],[-66.49933,10.39419],[-66.50054,10.39595],[-66.50287,10.39748],[-66.50363,10.39857],[-66.50387,10.39998],[-66.50328,10.40465],[-66.50356,10.40572],[-66.50407,10.40655],[-66.5047,10.40709],[-66.50566,10.40751],[-66.50824,10.40764],[-66.5092,10.40796],[-66.5098,10.40844],[-66.51147,10.41057],[-66.5146,10.41236],[-66.5154,10.41311],[-66.51587,10.41436],[-66.51563,10.41582],[-66.51337,10.41845],[-66.51264,10.42082],[-66.51214,10.42175],[-66.50913,10.42403],[-66.50827,10.425],[-66.50737,10.4272],[-66.5073,10.4282],[-66.50754,10.42946],[-66.50801,10.43044],[-66.50932,10.43172],[-66.51269,10.43353],[-66.51474,10.4339],[-66.51555,10.43423],[-66.51824,10.43694],[-66.52556,10.44041],[-66.53361,10.44568],[-66.53418,10.44624],[-66.53461,10.44717],[-66.53486,10.44894],[-66.53293,10.45393],[-66.53227,10.45663],[-66.53205,10.45852],[-66.53172,10.45904],[-66.53127,10.45911],[-66.53096,10.45888],[-66.5309,10.45844],[-66.53111,10.45806],[-66.53092,10.45794],[-66.53125,10.45776],[-66.53074,10.45781],[-66.5307,10.45744],[-66.53052,10.4576],[-66.53074,10.45758]]},"properties":{"id":"17822115699","date":"2026-03-22","name":"Dia 187","chapter":4,"chapter_slug":"costa-caribenha","country":"VE","transport":"bicycle","distance_km":77.9,"elev_gain_m":554,"moving_time_s":16553,"points":215}},{"type":"Feature","geometry":{"type":"LineString","coordinates":[[-66.53201,10.45779],[-66.53231,10.45765],[-66.53348,10.45768],[-66.54642,10.45819],[-66.54859,10.45858],[-66.54993,10.45917],[-66.55117,10.46003],[-66.5553,10.46433],[-66.55731,10.4656],[-66.55851,10.46603],[-66.56024,10.46632],[-66.56268,10.46638],[-66.56355,10.46621],[-66.571,10.46606],[-66.57318,10.46642],[-66.57432,10.46683],[-66.58168,10.47108],[-66.58525,10.47202],[-66.58572,10.47259],[-66.58656,10.47316],[-66.58766,10.47538],[-66.58849,10.47618],[-66.5894,10.4767],[-66.59756,10.47832],[-66.59961,10.47833],[-66.60625,10.47777],[-66.61393,10.47771],[-66.61735,10.47706],[-66.62194,10.47681],[-66.63539,10.47381],[-66.63675,10.47364],[-66.63796,10.47387],[-66.63901,10.47432],[-66.64008,10.4752],[-66.64138,10.47666],[-66.64225,10.47728],[-66.6437,10.47782],[-66.64481,10.47791],[-66.64684,10.4774],[-66.65355,10.47319],[-66.65502,10.4728],[-66.65714,10.47276],[-66.66118,10.47293],[-66.6623,10.47325],[-66.66338,10.474],[-66.66603,10.47713],[-66.66677,10.47776],[-66.66806,10.47837],[-66.66953,10.47843],[-66.67093,10.47798],[-66.67199,10.47709],[-66.67443,10.47289],[-66.67522,10.47198],[-66.67886,10.46935],[-66.67993,10.46894],[-66.68077,10.46888],[-66.68221,10.46929],[-66.68213,10.46943],[-66.68248,10.46944],[-66.68464,10.47066],[-66.68547,10.47169],[-66.68638,10.47446],[-66.68723,10.47585],[-66.68809,10.4766],[-66.69249,10.47913],[-66.69425,10.47921],[-66.69713,10.47795],[-66.70191,10.4773],[-66.70378,10.47775],[-66.70688,10.47931],[-66.70853,10.47967],[-66.70961,10.47963],[-66.71179,10.47915],[-66.714,10.47788],[-66.71486,10.47761],[-66.7192,10.47777],[-66.72119,10.47823],[-66.72594,10.48053],[-66.72849,10.48124],[-66.73133,10.4814],[-66.73446,10.48091],[-66.73567,10.48125],[-66.73692,10.48201],[-66.73793,10.48224],[-66.74358,10.48251],[-66.74533,10.48293],[-66.74932,10.48459],[-66.75236,10.48502],[-66.75305,10.4853],[-66.7532,10.48516],[-66.75702,10.48913],[-66.75755,10.4894],[-66.75773,10.48912],[-66.75761,10.48938],[-66.75887,10.4903],[-66.76316,10.49441],[-66.76408,10.49499],[-66.76497,10.4952],[-66.76727,10.49524],[-66.77166,10.4972],[-66.77572,10.49779],[-66.77848,10.49768],[-66.78258,10.49648],[-66.78553,10.49629],[-66.78678,10.49637],[-66.79154,10.49727],[-66.79524,10.49747],[-66.7986,10.49818],[-66.79969,10.49802],[-66.80212,10.49518],[-66.80272,10.49395],[-66.80437,10.48296],[-66.80496,10.48127],[-66.80625,10.48019],[-66.80995,10.47925],[-66.81086,10.47837],[-66.81243,10.47572],[-66.81345,10.4751],[-66.81471,10.47499],[-66.82249,10.47804],[-66.83045,10.48145],[-66.83462,10.4846],[-66.83738,10.48716],[-66.83741,10.4881],[-66.8363,10.48937],[-66.83566,10.49071],[-66.83597,10.49083],[-66.83616,10.49036],[-66.8371,10.49023],[-66.83746,10.48892],[-66.83845,10.48835],[-66.83828,10.48908],[-66.83885,10.48964],[-66.83927,10.49117],[-66.84001,10.4917],[-66.84025,10.49233],[-66.83988,10.49305],[-66.83992,10.49458],[-66.84041,10.49519],[-66.8413,10.49522],[-66.84101,10.49663],[-66.8414,10.49684],[-66.84146,10.49709],[-66.84323,10.49717],[-66.84516,10.49649],[-66.84841,10.49575],[-66.8483,10.49602],[-66.8486,10.49591],[-66.84885,10.49667],[-66.84918,10.49637],[-66.84956,10.49657],[-66.84938,10.49657],[-66.84943,10.4964],[-66.84976,10.49632],[-66.84941,10.49665],[-66.84935,10.49639],[-66.8494,10.49653],[-66.85021,10.49641],[-66.85117,10.49911],[-66.85152,10.49962],[-66.85211,10.49926],[-66.85154,10.49926],[-66.85127,10.49953],[-66.85186,10.49945],[-66.85221,10.4992],[-66.85208,10.49908],[-66.85243,10.49919],[-66.85195,10.49889],[-66.8522,10.49906],[-66.85312,10.49861],[-66.85537,10.4985],[-66.85504,10.49586],[-66.85424,10.49572],[-66.85404,10.49434],[-66.85398,10.49468],[-66.85357,10.49471],[-66.85355,10.49561],[-66.85365,10.49614],[-66.85379,10.49613],[-66.85365,10.49619],[-66.85394,10.49634],[-66.85366,10.49612],[-66.854,10.49615],[-66.85361,10.49626],[-66.85388,10.49596],[-66.85376,10.49613],[-66.85347,10.49368],[-66.85434,10.49323],[-66.85536,10.49293],[-66.85558,10.49267],[-66.85712,10.49248],[-66.85845,10.49204],[-66.86117,10.49225],[-66.86498,10.49108],[-66.86657,10.49082],[-66.86687,10.49096],[-66.8666,10.49221],[-66.8667,10.49243],[-66.87218,10.49331],[-66.87235,10.49293],[-66.87232,10.49153],[-66.87211,10.49105],[-66.87165,10.49091],[-66.87199,10.491],[-66.87177,10.49072],[-66.87146,10.49064],[-66.87175,10.49107],[-66.87137,10.49075],[-66.87131,10.49063],[-66.87178,10.49131],[-66.8716,10.49029],[-66.87176,10.49085],[-66.8718,10.49071],[-66.87171,10.4909],[-66.87159,10.49077],[-66.87124,10.49099],[-66.87079,10.49163],[-66.87087,10.4929],[-66.87141,10.49319],[-66.8747,10.49404],[-66.87533,10.49474],[-66.87694,10.49547],[-66.87692,10.49595],[-66.87704,10.49587],[-66.87684,10.49629],[-66.87801,10.49669],[-66.87791,10.49766],[-66.89495,10.50264],[-66.89545,10.50253],[-66.89803,10.50081],[-66.90075,10.50132],[-66.90077,10.50114],[-66.90095,10.50126],[-66.90127,10.50093],[-66.9022,10.50092],[-66.90227,10.50155],[-66.90341,10.50188],[-66.91119,10.50361],[-66.91264,10.50371],[-66.91281,10.5038],[-66.91254,10.50457],[-66.91308,10.50497],[-66.91318,10.50487],[-66.91289,10.50485],[-66.91314,10.50526],[-66.91405,10.50541],[-66.91423,10.50557],[-66.91416,10.5059],[-66.9147,10.50602],[-66.9147,10.50623],[-66.91432,10.50592],[-66.9143,10.50552],[-66.91309,10.50517],[-66.90173,10.50287],[-66.90183,10.50146],[-66.90164,10.50116],[-66.90189,10.50095],[-66.90079,10.50125],[-66.89818,10.50065],[-66.89735,10.50068],[-66.8967,10.50032],[-66.89758,10.50083],[-66.89817,10.50068],[-66.89754,10.50085],[-66.8953,10.50218],[-66.89142,10.50123],[-66.88991,10.50049],[-66.88985,10.50024],[-66.8902,10.49942],[-66.88914,10.49836],[-66.88734,10.49761],[-66.8855,10.49645],[-66.88517,10.49637],[-66.88495,10.49664],[-66.88523,10.49639],[-66.88604,10.49664],[-66.88607,10.49642],[-66.88824,10.49465],[-66.88943,10.49332],[-66.8903,10.49285],[-66.89224,10.49226],[-66.89301,10.49155],[-66.8932,10.49108],[-66.89305,10.48998],[-66.89361,10.48985],[-66.89365,10.48953],[-66.89212,10.4865],[-66.89583,10.4835],[-66.89578,10.4828],[-66.89477,10.48115],[-66.89463,10.48028],[-66.89527,10.47815],[-66.89576,10.47471],[-66.8961,10.4739],[-66.89664,10.47311],[-66.89746,10.47286],[-66.89844,10.47159],[-66.89861,10.47082],[-66.90017,10.46866],[-66.90019,10.46809],[-66.90072,10.46746],[-66.90058,10.4671],[-66.90295,10.4641],[-66.90362,10.46291],[-66.90381,10.46298],[-66.90501,10.46143],[-66.90604,10.45989],[-66.90621,10.45921],[-66.90863,10.46088],[-66.90906,10.4606],[-66.90993,10.45946],[-66.91096,10.45604],[-66.90995,10.45524],[-66.91058,10.45426],[-66.90958,10.45328],[-66.91239,10.4496],[-66.91301,10.44923],[-66.9147,10.44899],[-66.91596,10.44824],[-66.91924,10.44387],[-66.92072,10.4407],[-66.92203,10.43908],[-66.92233,10.43802],[-66.92231,10.43609],[-66.92155,10.43498],[-66.92142,10.43366],[-66.92178,10.4322],[-66.9216,10.4322],[-66.92126,10.43268],[-66.92059,10.43183],[-66.92147,10.43107],[-66.92115,10.43087]]},"properties":{"id":"17834423472","date":"2026-03-23","name":"Caracas!","chapter":5,"chapter_slug":"oeste","country":"VE","transport":"bicycle","distance_km":69.8,"elev_gain_m":976,"moving_time_s":20869,"points":332}},{"type":"Feature","geometry":{"type":"LineString","coordinates":[[-66.92142,10.43071],[-66.92137,10.43041],[-66.92136,10.43108],[-66.92052,10.43181],[-66.92137,10.43293],[-66.92125,10.43364],[-66.92146,10.43489],[-66.92218,10.43578],[-66.92217,10.43854],[-66.91992,10.44179],[-66.91899,10.44402],[-66.91603,10.44801],[-66.91497,10.44875],[-66.91304,10.44912],[-66.91234,10.44948],[-66.90954,10.4532],[-66.90952,10.45343],[-66.91048,10.45416],[-66.90984,10.45522],[-66.91087,10.4561],[-66.91005,10.45893],[-66.90946,10.45982],[-66.90861,10.46074],[-66.90635,10.45909],[-66.90606,10.45913],[-66.90588,10.45998],[-66.90388,10.46276],[-66.90063,10.46702],[-66.90025,10.46724],[-66.89817,10.47024],[-66.89737,10.47071],[-66.89625,10.47213],[-66.89638,10.47268],[-66.89656,10.47158],[-66.89565,10.47077],[-66.89523,10.47125],[-66.89546,10.47102],[-66.89533,10.47075],[-66.896,10.47034],[-66.89453,10.47075],[-66.89543,10.47037],[-66.89522,10.47058],[-66.89477,10.47046],[-66.89553,10.47106],[-66.89538,10.47098],[-66.89508,10.47136],[-66.89591,10.47313],[-66.89549,10.47352],[-66.89559,10.47341],[-66.89571,10.47355],[-66.89548,10.47339],[-66.89516,10.47406],[-66.89541,10.4744],[-66.89521,10.47488],[-66.89345,10.47329],[-66.891,10.47199],[-66.89116,10.47194],[-66.89135,10.47219],[-66.89135,10.47193],[-66.89153,10.47233],[-66.89125,10.47223],[-66.89124,10.47247],[-66.89101,10.47245],[-66.89142,10.47214],[-66.89185,10.47093],[-66.89145,10.47111],[-66.89092,10.47068],[-66.89084,10.47036],[-66.89101,10.47109],[-66.89153,10.47086],[-66.89129,10.47146],[-66.89162,10.4718],[-66.89133,10.4721],[-66.89133,10.47246],[-66.89087,10.47245],[-66.89108,10.47238],[-66.89087,10.47216],[-66.89141,10.47241],[-66.8912,10.47215]]},"properties":{"id":"17844197686","date":"2026-03-24","name":"Pedalada matinal","chapter":5,"chapter_slug":"oeste","country":"VE","transport":"bicycle","distance_km":10,"elev_gain_m":118,"moving_time_s":2911,"points":79}},{"type":"Feature","geometry":{"type":"LineString","coordinates":[[-66.89371,10.47438],[-66.89274,10.47551],[-66.89384,10.47655],[-66.89342,10.47695],[-66.89357,10.47716],[-66.89451,10.4779],[-66.89475,10.47756],[-66.89493,10.47777],[-66.89498,10.4781],[-66.8944,10.4802],[-66.89455,10.48134],[-66.89539,10.48287],[-66.89536,10.48343],[-66.89147,10.48643],[-66.88786,10.48868],[-66.88512,10.49005],[-66.88452,10.4909],[-66.88148,10.49401],[-66.881,10.49591],[-66.8795,10.49555],[-66.87623,10.49409],[-66.87605,10.49388],[-66.8765,10.49279],[-66.87617,10.49258],[-66.87635,10.49234],[-66.87614,10.49224],[-66.87648,10.49236],[-66.8766,10.4922],[-66.8763,10.4923],[-66.8765,10.49234],[-66.87594,10.4923],[-66.87605,10.4927],[-66.87622,10.49232],[-66.87613,10.49246],[-66.87533,10.49212],[-66.8748,10.493],[-66.87342,10.49248],[-66.87328,10.49257],[-66.87338,10.49235],[-66.87365,10.49237],[-66.87142,10.49152],[-66.87046,10.4913],[-66.86894,10.49127],[-66.86824,10.49093],[-66.86664,10.49065],[-66.86241,10.49147],[-66.8612,10.49195],[-66.86,10.49179],[-66.85993,10.49201],[-66.85891,10.49174],[-66.85767,10.49194],[-66.85608,10.49253],[-66.855,10.49261],[-66.85112,10.49476],[-66.84851,10.49544],[-66.8482,10.49523],[-66.84828,10.49544],[-66.84828,10.49526],[-66.84848,10.49531],[-66.84838,10.49562],[-66.84911,10.49571],[-66.84924,10.49638]]},"properties":{"id":"17870091697","date":"2026-03-26","name":"Pedalada vespertina","chapter":5,"chapter_slug":"oeste","country":"VE","transport":"bicycle","distance_km":8.6,"elev_gain_m":66,"moving_time_s":6703,"points":62}},{"type":"Feature","geometry":{"type":"LineString","coordinates":[[-66.84947,10.49646],[-66.84934,10.49657],[-66.8494,10.49545],[-66.85191,10.49466],[-66.85333,10.4937],[-66.85568,10.49276],[-66.85867,10.49211],[-66.86129,10.49235],[-66.86311,10.49168],[-66.86444,10.4915],[-66.86553,10.49102],[-66.86639,10.49088],[-66.86588,10.48668],[-66.87024,10.48751],[-66.87258,10.48723],[-66.87408,10.48732],[-66.87541,10.48807],[-66.87764,10.48975],[-66.87964,10.49057],[-66.88111,10.49028],[-66.88299,10.48871],[-66.88638,10.48807],[-66.88693,10.48768],[-66.8877,10.48657],[-66.88705,10.48566],[-66.88806,10.48429],[-66.88964,10.48127],[-66.89406,10.4765],[-66.89478,10.47583],[-66.8952,10.47579],[-66.89556,10.47551],[-66.89578,10.47447],[-66.89623,10.47358],[-66.89661,10.47309],[-66.89741,10.47282],[-66.8984,10.47152],[-66.89859,10.47062],[-66.90034,10.46842],[-66.90014,10.46822],[-66.90072,10.46743],[-66.90062,10.46709],[-66.9036,10.46296],[-66.90487,10.46161],[-66.90592,10.46005],[-66.90618,10.45922],[-66.90864,10.46087],[-66.90899,10.46069],[-66.91,10.45924],[-66.91093,10.45613],[-66.90993,10.45526],[-66.91059,10.45421],[-66.90959,10.45343],[-66.90961,10.45323],[-66.91243,10.44955],[-66.91297,10.44925],[-66.91477,10.44895],[-66.91613,10.44807],[-66.91895,10.44426],[-66.92027,10.44145],[-66.92216,10.43877],[-66.92229,10.43599],[-66.92155,10.43498],[-66.92146,10.43291],[-66.92057,10.43188],[-66.92146,10.43107],[-66.92142,10.43049],[-66.92171,10.43041]]},"properties":{"id":"17870635814","date":"2026-03-26","name":"Pedalada vespertina","chapter":5,"chapter_slug":"oeste","country":"VE","transport":"bicycle","distance_km":13.9,"elev_gain_m":73,"moving_time_s":2898,"points":67}},{"type":"Feature","geometry":{"type":"LineString","coordinates":[[-66.92112,10.43049],[-66.92132,10.43041],[-66.92139,10.43096],[-66.92053,10.43183],[-66.92135,10.4328],[-66.92217,10.43145],[-66.92201,10.42876],[-66.92293,10.4273],[-66.92412,10.42478],[-66.92445,10.42486],[-66.92503,10.42405],[-66.92579,10.42398],[-66.92718,10.42481],[-66.92632,10.42584],[-66.92582,10.4288],[-66.92459,10.43068],[-66.92612,10.43279],[-66.9261,10.43376],[-66.92639,10.43434],[-66.93003,10.4323],[-66.93098,10.43201],[-66.93343,10.43212],[-66.93624,10.4329],[-66.9367,10.43332],[-66.93732,10.43464],[-66.93736,10.43523],[-66.93677,10.43561],[-66.93726,10.43674],[-66.94005,10.43885],[-66.94176,10.43857],[-66.94322,10.43974],[-66.94321,10.44075],[-66.94285,10.4418],[-66.94225,10.44209],[-66.94112,10.44183],[-66.94111,10.44209],[-66.94202,10.44257],[-66.94335,10.4428],[-66.94495,10.44185],[-66.94707,10.44104],[-66.9474,10.44037],[-66.94737,10.43965],[-66.94704,10.43913],[-66.94604,10.43832],[-66.94576,10.43771],[-66.94601,10.43564],[-66.94636,10.43524],[-66.94785,10.43438],[-66.94807,10.43305],[-66.94835,10.43248],[-66.95061,10.43185],[-66.95108,10.43142],[-66.95126,10.43085],[-66.95099,10.42997],[-66.94979,10.42919],[-66.94942,10.42868],[-66.94937,10.42811],[-66.94983,10.42668],[-66.94968,10.42608],[-66.94916,10.42564],[-66.9475,10.42539],[-66.94714,10.42493],[-66.94717,10.42442],[-66.94785,10.42394],[-66.94977,10.42399],[-66.95016,10.42367],[-66.95079,10.42264],[-66.9531,10.42163],[-66.95394,10.42091],[-66.95464,10.41961],[-66.95473,10.41907],[-66.95449,10.41848],[-66.95363,10.4176],[-66.95364,10.41691],[-66.95444,10.41608],[-66.95507,10.41499],[-66.95588,10.41421],[-66.95657,10.41277],[-66.95861,10.41088],[-66.96058,10.40958],[-66.96094,10.40912],[-66.96131,10.40778],[-66.96305,10.40645],[-66.96355,10.40515],[-66.9645,10.40356],[-66.96485,10.40222],[-66.96544,10.40134],[-66.96583,10.39953],[-66.96509,10.3981],[-66.96329,10.39567],[-66.96354,10.39488],[-66.96472,10.39404],[-66.96512,10.39333],[-66.96476,10.3911],[-66.96342,10.38769],[-66.96358,10.38687],[-66.96435,10.38593],[-66.96449,10.38532],[-66.96439,10.38485],[-66.96346,10.38348],[-66.96336,10.38249],[-66.9636,10.38166],[-66.96452,10.37994],[-66.96671,10.37848],[-66.9675,10.37507],[-66.96829,10.37438],[-66.97122,10.37392],[-66.97519,10.37238],[-66.98144,10.37093],[-66.98426,10.37008],[-66.98648,10.36897],[-66.98668,10.36811],[-66.98617,10.36476],[-66.98638,10.36248],[-66.98626,10.36187],[-66.98588,10.36145],[-66.98516,10.36135],[-66.98391,10.36232],[-66.98344,10.36244],[-66.98297,10.36232],[-66.98267,10.3619],[-66.98266,10.36102],[-66.98337,10.35973],[-66.98381,10.35928],[-66.98443,10.3591],[-66.98687,10.35903],[-66.98911,10.35951],[-66.99305,10.35753],[-66.99602,10.35825],[-66.99669,10.35793],[-66.99765,10.35666],[-66.99824,10.35636],[-66.99873,10.35645],[-66.99966,10.35703],[-67.00026,10.35708],[-67.00134,10.35652],[-67.00278,10.35613],[-67.00391,10.35462],[-67.00523,10.35361],[-67.00744,10.35278],[-67.00929,10.35232],[-67.00992,10.35094],[-67.01043,10.35047],[-67.01184,10.35062],[-67.01424,10.35037],[-67.01591,10.34946],[-67.01806,10.34943],[-67.01994,10.34842],[-67.02253,10.34854],[-67.02477,10.3481],[-67.02554,10.34762],[-67.02688,10.34544],[-67.0301,10.34341],[-67.03085,10.34329],[-67.03351,10.34378],[-67.03529,10.34289],[-67.03652,10.34262],[-67.03705,10.34223],[-67.038,10.34061],[-67.03808,10.34005],[-67.04147,10.33465],[-67.04182,10.33373],[-67.04134,10.32942],[-67.04224,10.32736],[-67.04245,10.32637],[-67.04231,10.32564],[-67.04124,10.32342],[-67.03996,10.31978],[-67.04013,10.31906],[-67.04129,10.31732],[-67.04123,10.31713],[-67.04291,10.31546],[-67.04328,10.31481],[-67.04319,10.31415],[-67.04226,10.31227],[-67.04203,10.31109],[-67.04212,10.31058],[-67.04271,10.31012],[-67.04455,10.31044],[-67.04659,10.30981],[-67.04815,10.3103],[-67.05119,10.31088],[-67.05412,10.311],[-67.05558,10.30989],[-67.05681,10.30923],[-67.0595,10.30686],[-67.06153,10.3039],[-67.06314,10.29992],[-67.0641,10.29819],[-67.06417,10.29737],[-67.06397,10.2966],[-67.06284,10.29504],[-67.06288,10.29406],[-67.06247,10.29412],[-67.06327,10.29396],[-67.06381,10.29348],[-67.0642,10.2918],[-67.06591,10.28968],[-67.06643,10.28946],[-67.06764,10.28954],[-67.0683,10.28938],[-67.06893,10.2889],[-67.06925,10.28829],[-67.06921,10.28639],[-67.06844,10.28555],[-67.0675,10.28359],[-67.06814,10.28103],[-67.06791,10.27863],[-67.06839,10.27803],[-67.06945,10.27787],[-67.07044,10.27746],[-67.07249,10.27724],[-67.07384,10.27644],[-67.07546,10.27606],[-67.07801,10.27445],[-67.07922,10.27412],[-67.08325,10.27386],[-67.08673,10.27475],[-67.08858,10.2749],[-67.08945,10.2748],[-67.09103,10.27418],[-67.09531,10.27469],[-67.09803,10.27362],[-67.09921,10.27278],[-67.10136,10.27182],[-67.10335,10.27022],[-67.10391,10.27027],[-67.10518,10.27115],[-67.10598,10.27142],[-67.10785,10.2711],[-67.1084,10.27059],[-67.10897,10.26894],[-67.11052,10.26866],[-67.11133,10.26802],[-67.11192,10.26807],[-67.1127,10.26881],[-67.11322,10.26892],[-67.11373,10.26872],[-67.11475,10.26786],[-67.11526,10.2679],[-67.11677,10.26856],[-67.11832,10.26814],[-67.11934,10.2681],[-67.12163,10.26684],[-67.1222,10.26539],[-67.12429,10.26359],[-67.12534,10.26344],[-67.12638,10.26267],[-67.12736,10.26259],[-67.12831,10.26186],[-67.13078,10.26222],[-67.13323,10.26179],[-67.13371,10.26148],[-67.13449,10.26015],[-67.13508,10.25953],[-67.13634,10.25984],[-67.13724,10.25913],[-67.13877,10.25908],[-67.13962,10.25875],[-67.14058,10.25872],[-67.1415,10.25753],[-67.14242,10.25702],[-67.14402,10.25629],[-67.1453,10.25606],[-67.14742,10.25531],[-67.14861,10.25464],[-67.14999,10.25433],[-67.15071,10.25355],[-67.15207,10.25281],[-67.15292,10.25297],[-67.15272,10.2532],[-67.1524,10.2532],[-67.15221,10.25294],[-67.15241,10.2516],[-67.15287,10.2511],[-67.15407,10.25061],[-67.15565,10.25032],[-67.15738,10.25028],[-67.16236,10.25121],[-67.1666,10.2508],[-67.16794,10.25027],[-67.1693,10.24865],[-67.17008,10.24808],[-67.17329,10.24757],[-67.17488,10.24792],[-67.17751,10.24937],[-67.18064,10.25014],[-67.18227,10.25017],[-67.1861,10.24932],[-67.19101,10.24728],[-67.1952,10.24609],[-67.19864,10.24532],[-67.2017,10.24522],[-67.21003,10.24277],[-67.21167,10.24265],[-67.21461,10.24305],[-67.22065,10.24291],[-67.22635,10.24076],[-67.23156,10.24036],[-67.2382,10.23852],[-67.24351,10.23623],[-67.24958,10.23502],[-67.25597,10.23225],[-67.25809,10.23183],[-67.26191,10.2317],[-67.26363,10.23134],[-67.27454,10.22679],[-67.27599,10.22647],[-67.28011,10.22617],[-67.28855,10.22258],[-67.29218,10.22155],[-67.29653,10.22102],[-67.29975,10.22085],[-67.30148,10.22111],[-67.30551,10.22257],[-67.30709,10.22294],[-67.31137,10.22322],[-67.31145,10.22283],[-67.31131,10.2227],[-67.31261,10.22321],[-67.31315,10.2232],[-67.31528,10.22281],[-67.31969,10.22118],[-67.33165,10.21947],[-67.33843,10.21663],[-67.34767,10.21455],[-67.34954,10.21346],[-67.35278,10.21057],[-67.35438,10.20976],[-67.35561,10.20943],[-67.37285,10.20889],[-67.37652,10.20895],[-67.37935,10.20986],[-67.38367,10.21257],[-67.38605,10.21369],[-67.38828,10.21448],[-67.39015,10.21464],[-67.39236,10.21419],[-67.40024,10.21124],[-67.40943,10.21011],[-67.4113,10.20928],[-67.41448,10.20717],[-67.41632,10.20665],[-67.42237,10.20698],[-67.42706,10.20608],[-67.42867,10.206],[-67.45062,10.20792],[-67.45949,10.20929],[-67.47003,10.20892],[-67.47104,10.20919],[-67.47234,10.21008],[-67.47272,10.21014],[-67.47332,10.20974],[-67.47344,10.20875],[-67.47352,10.20965],[-67.47335,10.20997],[-67.47355,10.20968],[-67.47314,10.206],[-67.47332,10.20568],[-67.47387,10.20554],[-67.47543,10.20733],[-67.47566,10.208],[-67.47562,10.20907],[-67.47414,10.21032],[-67.47375,10.21123],[-67.47532,10.21568],[-67.47454,10.21896],[-67.46993,10.21788]]},"properties":{"id":"17882879259","date":"2026-03-27","name":"Dia 192","chapter":5,"chapter_slug":"oeste","country":"VE","transport":"bicycle","distance_km":87.5,"elev_gain_m":974,"moving_time_s":16624,"points":368}},{"type":"Feature","geometry":{"type":"LineString","coordinates":[[-67.47073,10.21809],[-67.47429,10.21908],[-67.47471,10.21902],[-67.47541,10.2155],[-67.4753,10.21483],[-67.4739,10.21151],[-67.47388,10.21092],[-67.47429,10.21028],[-67.47576,10.20901],[-67.47579,10.20854],[-67.47548,10.20868],[-67.47484,10.20851],[-67.47777,10.20835],[-67.4798,10.20858],[-67.4901,10.21109],[-67.50667,10.21227],[-67.52376,10.21609],[-67.5477,10.21683],[-67.55107,10.21729],[-67.60968,10.23358],[-67.61341,10.23485],[-67.61525,10.23601],[-67.61682,10.23751],[-67.63044,10.25452],[-67.63199,10.25592],[-67.63299,10.25662],[-67.63422,10.25715],[-67.6424,10.25937],[-67.64521,10.26061],[-67.65629,10.26758],[-67.65955,10.26918],[-67.69199,10.27817],[-67.69769,10.27949],[-67.70613,10.28079],[-67.73097,10.28374],[-67.73313,10.28379],[-67.73525,10.2834],[-67.76564,10.27284],[-67.77945,10.26923],[-67.78178,10.26815],[-67.78814,10.26357],[-67.78947,10.26294],[-67.80244,10.26046],[-67.8026,10.26052],[-67.80223,10.26056],[-67.80238,10.26062],[-67.8022,10.26093],[-67.80897,10.25983],[-67.80921,10.25969],[-67.80901,10.25911],[-67.80929,10.25979],[-67.80918,10.25965],[-67.80877,10.2598],[-67.80839,10.25951],[-67.81536,10.25823],[-67.82769,10.25492],[-67.82768,10.25442],[-67.83386,10.25216],[-67.83951,10.24942],[-67.84897,10.24389],[-67.85116,10.24286],[-67.85333,10.24216],[-67.86819,10.23858],[-67.87013,10.23779],[-67.87572,10.23456],[-67.87719,10.23411],[-67.8884,10.23177],[-67.89185,10.23042],[-67.89663,10.22805],[-67.89705,10.22808],[-67.8974,10.22835],[-67.89821,10.23012],[-67.89936,10.23109],[-67.9022,10.23424],[-67.90287,10.23566],[-67.90381,10.23996],[-67.90466,10.24151],[-67.91526,10.2518],[-67.91651,10.2535],[-67.9173,10.25536],[-67.91795,10.25796],[-67.91935,10.26097],[-67.9198,10.26302],[-67.91948,10.26563],[-67.91761,10.27005],[-67.91749,10.27129],[-67.91763,10.27226],[-67.9187,10.27421],[-67.92056,10.27593],[-67.92264,10.27866],[-67.92441,10.27992],[-67.92432,10.2802],[-67.9246,10.27998],[-67.93219,10.28246],[-67.9338,10.28264],[-67.93556,10.28253],[-67.94816,10.27999],[-67.95305,10.27943],[-67.959,10.27732],[-67.98125,10.27258],[-67.98139,10.27231],[-67.9819,10.27243],[-67.98706,10.2714],[-67.99406,10.2713],[-67.99515,10.271],[-67.99889,10.26938],[-68.00099,10.26898],[-68.00944,10.26802],[-68.01052,10.26806],[-68.01176,10.26842],[-68.01358,10.26961],[-68.02759,10.28276],[-68.02836,10.28398],[-68.02878,10.28514],[-68.02997,10.29111],[-68.03037,10.29224],[-68.03175,10.29416],[-68.03337,10.29527],[-68.03986,10.29747],[-68.0403,10.29751],[-68.04032,10.29727],[-68.04043,10.2976],[-68.04254,10.29844],[-68.06025,10.30232],[-68.0623,10.30219],[-68.06499,10.30122],[-68.06639,10.30108],[-68.07219,10.30199],[-68.07792,10.30218],[-68.07901,10.30237],[-68.08666,10.30514],[-68.09026,10.3058],[-68.09111,10.30628],[-68.09183,10.30726],[-68.09204,10.30813],[-68.09197,10.30895],[-68.08963,10.31439],[-68.08899,10.31706],[-68.08907,10.31827],[-68.08992,10.3194],[-68.09293,10.32094],[-68.09372,10.32156],[-68.09417,10.32256],[-68.0945,10.32478],[-68.09639,10.32677],[-68.09758,10.32932],[-68.09821,10.32988],[-68.09982,10.33077],[-68.10121,10.33289],[-68.10323,10.33437],[-68.10357,10.33539],[-68.10307,10.33791],[-68.10318,10.34103],[-68.10214,10.34435],[-68.10132,10.34525],[-68.09883,10.34612],[-68.0978,10.34717],[-68.09739,10.34825],[-68.09731,10.34912],[-68.09798,10.35117],[-68.09801,10.35211],[-68.09752,10.35298],[-68.09511,10.35595],[-68.09394,10.35772],[-68.09342,10.35887],[-68.09338,10.36055],[-68.09459,10.36402],[-68.09405,10.36773],[-68.09408,10.36873],[-68.09465,10.37009],[-68.09738,10.37362],[-68.09806,10.3752],[-68.0982,10.37629],[-68.09807,10.3801],[-68.10049,10.38669],[-68.10078,10.38804],[-68.10056,10.39367],[-68.10086,10.39573],[-68.10476,10.40342],[-68.1085,10.40958],[-68.10902,10.41079],[-68.10921,10.41197],[-68.10911,10.41307],[-68.10794,10.41614],[-68.10775,10.41706],[-68.10781,10.41821],[-68.11082,10.42618],[-68.11066,10.43164],[-68.11089,10.43319],[-68.11539,10.4462],[-68.11579,10.44818],[-68.11566,10.45071],[-68.11263,10.46429],[-68.11236,10.46476],[-68.11106,10.46565],[-68.1105,10.46667],[-68.11064,10.46974],[-68.11153,10.47411],[-68.11154,10.47538],[-68.11079,10.47661],[-68.10796,10.47897],[-68.10748,10.47921],[-68.1071,10.47901],[-68.10711,10.47846],[-68.10771,10.47826],[-68.11032,10.47898],[-68.11656,10.47918],[-68.12494,10.48032],[-68.12908,10.48059],[-68.14473,10.4803],[-68.14679,10.48084],[-68.15479,10.48431],[-68.15695,10.48495],[-68.15827,10.48508],[-68.16889,10.48475],[-68.16999,10.48487],[-68.17108,10.48526],[-68.17406,10.48701],[-68.17518,10.48785],[-68.17663,10.48952],[-68.17737,10.48993],[-68.17843,10.49002],[-68.18416,10.48935],[-68.18437,10.49119],[-68.18423,10.49187],[-68.1824,10.49381],[-68.18214,10.49387],[-68.18198,10.49364],[-68.18208,10.49375]]},"properties":{"id":"17894024752","date":"2026-03-28","name":"Dia 193","chapter":5,"chapter_slug":"oeste","country":"VE","transport":"bicycle","distance_km":110.6,"elev_gain_m":416,"moving_time_s":21942,"points":229}},{"type":"Feature","geometry":{"type":"LineString","coordinates":[[-68.1818,10.49451],[-68.18167,10.49485],[-68.18339,10.49808],[-68.1842,10.49874],[-68.18676,10.50009],[-68.18729,10.50064],[-68.1876,10.50141],[-68.18749,10.50337],[-68.18807,10.50454],[-68.18817,10.50566],[-68.18657,10.50857],[-68.18635,10.50943],[-68.18699,10.51615],[-68.18743,10.51741],[-68.18803,10.51799],[-68.19473,10.52264],[-68.19988,10.52999],[-68.20157,10.53281],[-68.20509,10.53611],[-68.20646,10.53645],[-68.20722,10.53687],[-68.21262,10.54397],[-68.2136,10.54455],[-68.21618,10.54536],[-68.21931,10.54743],[-68.23756,10.5699],[-68.23832,10.57131],[-68.24116,10.58094],[-68.24318,10.58537],[-68.24416,10.58826],[-68.25318,10.60087],[-68.25415,10.60255],[-68.25596,10.60473],[-68.27029,10.62486],[-68.29667,10.6703],[-68.29769,10.67442],[-68.29758,10.67489],[-68.29771,10.67497],[-68.29766,10.67479],[-68.29779,10.67495],[-68.29949,10.68274],[-68.30213,10.6892],[-68.30767,10.71263],[-68.31201,10.72391],[-68.31282,10.72651],[-68.31463,10.73039],[-68.31753,10.73749],[-68.31893,10.74231],[-68.323,10.75137],[-68.32424,10.75497],[-68.32625,10.7598],[-68.32702,10.76262],[-68.32778,10.76633],[-68.32778,10.76813],[-68.32511,10.78003],[-68.32289,10.78735],[-68.32308,10.78943],[-68.32742,10.79955],[-68.32841,10.80073],[-68.33249,10.80393],[-68.33307,10.80504],[-68.33361,10.80832],[-68.33823,10.81338],[-68.33861,10.81413],[-68.33844,10.81532],[-68.33605,10.8179],[-68.33551,10.81916],[-68.33559,10.82094],[-68.33665,10.8237],[-68.33674,10.82488],[-68.33655,10.8262],[-68.33616,10.82726],[-68.33321,10.83217],[-68.33274,10.83332],[-68.33172,10.84442],[-68.33186,10.84545],[-68.33264,10.84705],[-68.33409,10.84935],[-68.33814,10.85406],[-68.34021,10.85954],[-68.34077,10.86039],[-68.34193,10.86097],[-68.34474,10.86118],[-68.34721,10.8625],[-68.34818,10.8634],[-68.34918,10.86539],[-68.34987,10.86596],[-68.35082,10.86604],[-68.35368,10.86507],[-68.35639,10.86531],[-68.36293,10.8678],[-68.36981,10.86986],[-68.36992,10.86952],[-68.37007,10.86987],[-68.3705,10.86998],[-68.37066,10.86981],[-68.37121,10.87041],[-68.37227,10.87065],[-68.37215,10.87034],[-68.37187,10.87035],[-68.37199,10.87019],[-68.37194,10.87033],[-68.37257,10.87073],[-68.3741,10.87123],[-68.38062,10.87262],[-68.3844,10.87193],[-68.3857,10.87201],[-68.38657,10.8724],[-68.38796,10.87354],[-68.38855,10.87459],[-68.38857,10.87553],[-68.38631,10.8888],[-68.38729,10.89302],[-68.3873,10.89431],[-68.38072,10.91424],[-68.38042,10.91681],[-68.3807,10.91731],[-68.38042,10.91738],[-68.38032,10.91792],[-68.37842,10.93801],[-68.36668,10.96937],[-68.27221,10.9286],[-68.27205,10.92849],[-68.27218,10.9275],[-68.27138,10.92728],[-68.27148,10.92609],[-68.2708,10.926],[-68.27062,10.92578]]},"properties":{"id":"17918252021","date":"2026-03-30","name":"Dia 195","chapter":5,"chapter_slug":"oeste","country":"VE","transport":"bicycle","distance_km":76,"elev_gain_m":76,"moving_time_s":16773,"points":128}},{"type":"Feature","geometry":{"type":"LineString","coordinates":[[-68.27137,10.92605],[-68.27129,10.92728],[-68.27105,10.92733],[-68.27093,10.9278],[-68.27107,10.92826],[-68.27611,10.93037],[-68.27466,10.92965],[-68.27466,10.92939],[-68.27468,10.92977],[-68.28188,10.93288],[-68.28162,10.93305],[-68.28207,10.93295],[-68.28756,10.93529],[-68.36665,10.96955],[-68.35778,10.99334],[-68.35369,11.00377],[-68.34891,11.05001],[-68.3491,11.04985],[-68.34889,11.04997],[-68.34844,11.05673],[-68.34774,11.06131],[-68.34779,11.06232],[-68.34847,11.0639],[-68.40012,11.14688],[-68.40054,11.14773],[-68.40192,11.15273],[-68.40237,11.15372],[-68.41293,11.16869],[-68.41258,11.16999],[-68.41252,11.17165],[-68.41335,11.17297],[-68.41208,11.17378],[-68.41176,11.17414],[-68.41192,11.1742]]},"properties":{"id":"17980520405","date":"2026-04-03","name":"Dia 199","chapter":5,"chapter_slug":"oeste","country":"VE","transport":"bicycle","distance_km":37.6,"elev_gain_m":58,"moving_time_s":7840,"points":34}},{"type":"Feature","geometry":{"type":"LineString","coordinates":[[-68.41241,11.17356],[-68.41343,11.17297],[-68.41356,11.17267],[-68.41368,11.17278],[-68.41463,11.17244],[-68.41787,11.17092],[-68.41747,11.17097],[-68.4184,11.1708],[-68.44859,11.17313],[-68.45049,11.17343],[-68.45204,11.17437],[-68.4735,11.19369],[-68.47436,11.19417],[-68.47532,11.19432],[-68.47662,11.194],[-68.4925,11.18462],[-68.4938,11.18317],[-68.49476,11.18035],[-68.4954,11.17924],[-68.49642,11.17828],[-68.49751,11.17774],[-68.52198,11.17042],[-68.52251,11.17048],[-68.52465,11.17169],[-68.5254,11.1719],[-68.53563,11.1721],[-68.53655,11.17269],[-68.53747,11.17422],[-68.53856,11.17464],[-68.53912,11.17462],[-68.53987,11.17427],[-68.54124,11.17345],[-68.54111,11.17319],[-68.54147,11.17332],[-68.543,11.1726],[-68.5468,11.17357],[-68.54772,11.17357],[-68.55055,11.17249],[-68.55113,11.17182],[-68.5527,11.16847],[-68.55323,11.16778],[-68.55613,11.16642],[-68.55766,11.1643],[-68.55965,11.16319],[-68.56281,11.1602],[-68.56414,11.15976],[-68.56571,11.15988],[-68.56672,11.16036],[-68.56883,11.16184],[-68.56974,11.16213],[-68.57269,11.16147],[-68.57315,11.16117],[-68.57323,11.16086],[-68.57326,11.15969],[-68.57277,11.1583],[-68.57305,11.15788],[-68.57447,11.15721],[-68.57761,11.15653],[-68.57958,11.15635],[-68.58179,11.1565],[-68.58404,11.15636],[-68.58505,11.15563],[-68.58699,11.15258],[-68.58783,11.15221],[-68.58876,11.15245],[-68.59102,11.1539],[-68.60206,11.15614],[-68.60709,11.15755],[-68.60865,11.15835],[-68.61079,11.1588],[-68.61435,11.16105],[-68.61607,11.16306],[-68.6169,11.16363],[-68.6188,11.16441],[-68.62018,11.16462],[-68.62241,11.16409],[-68.6249,11.16448],[-68.62597,11.16492],[-68.62984,11.16815],[-68.63085,11.16868],[-68.63714,11.16949],[-68.64252,11.17062],[-68.65356,11.1716],[-68.65546,11.17241],[-68.65805,11.17388],[-68.6608,11.17384],[-68.66351,11.17498],[-68.66425,11.17495],[-68.6662,11.17389],[-68.66669,11.1738],[-68.66921,11.17507],[-68.67126,11.17484],[-68.67443,11.17612],[-68.67528,11.17625],[-68.67869,11.17619],[-68.68047,11.17642],[-68.6818,11.17624],[-68.68664,11.17699],[-68.68923,11.17529],[-68.69301,11.17363],[-68.69387,11.17362],[-68.69499,11.17422],[-68.69597,11.17437],[-68.69698,11.17405],[-68.69908,11.17266],[-68.70111,11.17274],[-68.70169,11.17216],[-68.70208,11.16866],[-68.70233,11.16804],[-68.7027,11.16768],[-68.70358,11.16752],[-68.70633,11.16837],[-68.70875,11.16862],[-68.71613,11.16525],[-68.71904,11.16514],[-68.72065,11.16486],[-68.72235,11.16316],[-68.72279,11.16193],[-68.72314,11.16153],[-68.72422,11.16149],[-68.72359,11.16222],[-68.72404,11.16163],[-68.72388,11.16148],[-68.72443,11.16205],[-68.72405,11.16191],[-68.72424,11.16072],[-68.7241,11.15998],[-68.72434,11.16056],[-68.72411,11.16166],[-68.72437,11.16171],[-68.72426,11.16157],[-68.72574,11.16197],[-68.72562,11.16182],[-68.72569,11.162],[-68.72574,11.16189],[-68.72615,11.16211],[-68.72714,11.16347],[-68.7272,11.16379],[-68.7281,11.16436],[-68.75254,11.16602],[-68.75364,11.1659],[-68.75406,11.16609],[-68.75714,11.16633],[-68.75784,11.16682],[-68.75872,11.16846],[-68.75994,11.1694],[-68.78422,11.17752],[-68.7857,11.17849],[-68.78893,11.18136],[-68.79003,11.18196],[-68.82559,11.19381],[-68.82647,11.19455],[-68.82777,11.19708],[-68.83756,11.20901],[-68.83876,11.21009],[-68.84808,11.21402],[-68.85122,11.21508],[-68.8562,11.21644],[-68.85896,11.21699],[-68.8614,11.21797],[-68.86223,11.21875],[-68.8634,11.2222],[-68.86375,11.22272],[-68.86647,11.22391],[-68.87002,11.22617],[-68.87288,11.22711],[-68.87438,11.22735],[-68.88251,11.2263],[-68.88583,11.22753],[-68.88755,11.22913],[-68.89103,11.23037],[-68.89218,11.23108],[-68.89392,11.23333],[-68.89476,11.23514],[-68.89549,11.23594],[-68.89998,11.23785],[-68.90176,11.23825],[-68.90254,11.23864],[-68.90891,11.24404],[-68.91584,11.25093],[-68.91886,11.25633],[-68.93632,11.27775],[-68.94362,11.28861],[-68.95834,11.30849],[-68.9668,11.31555],[-68.97173,11.31885],[-68.97229,11.31974],[-68.974,11.32378],[-68.97742,11.32824],[-68.98759,11.33496],[-68.98859,11.33541],[-68.99027,11.33568],[-69.02017,11.33805],[-69.02482,11.33803],[-69.02584,11.33829],[-69.03509,11.34215],[-69.0383,11.34172],[-69.0467,11.34228],[-69.06779,11.35208],[-69.07383,11.35445],[-69.07532,11.35522],[-69.0767,11.3554],[-69.07736,11.35645],[-69.07671,11.35536],[-69.07651,11.35536],[-69.07657,11.35557],[-69.0764,11.35525],[-69.07556,11.35495]]},"properties":{"id":"17980539143","date":"2026-04-04","name":"Dia 200!","chapter":5,"chapter_slug":"oeste","country":"VE","transport":"bicycle","distance_km":88,"elev_gain_m":746,"moving_time_s":19481,"points":208}},{"type":"Feature","geometry":{"type":"LineString","coordinates":[[-69.07653,11.35531],[-69.09553,11.35322],[-69.09643,11.35267],[-69.10183,11.34609],[-69.1024,11.34564],[-69.10309,11.34553],[-69.10559,11.34586],[-69.10794,11.34547],[-69.1127,11.34433],[-69.11564,11.34274],[-69.12081,11.34364],[-69.12164,11.34345],[-69.12377,11.34243],[-69.12428,11.34243],[-69.12489,11.34276],[-69.12718,11.34532],[-69.13165,11.34878],[-69.14364,11.35399],[-69.14487,11.3549],[-69.14523,11.35552],[-69.1466,11.35979],[-69.146,11.36351],[-69.1461,11.36443],[-69.14874,11.37247],[-69.1495,11.37345],[-69.1502,11.37383],[-69.15929,11.37633],[-69.16023,11.37713],[-69.16138,11.37971],[-69.16298,11.38112],[-69.16368,11.38147],[-69.17039,11.38349],[-69.17195,11.38457],[-69.17379,11.38542],[-69.17558,11.38579],[-69.17788,11.38586],[-69.17868,11.38565],[-69.18073,11.38459],[-69.1817,11.38448],[-69.1823,11.38468],[-69.18414,11.38587],[-69.18664,11.3864],[-69.18751,11.38682],[-69.18962,11.38869],[-69.19236,11.39306],[-69.19541,11.39611],[-69.19653,11.39778],[-69.19867,11.39939],[-69.20288,11.40344],[-69.20744,11.40863],[-69.2101,11.4119],[-69.21566,11.42054],[-69.21638,11.42388],[-69.21835,11.42675],[-69.21922,11.42825],[-69.21944,11.42904],[-69.21962,11.435],[-69.21944,11.43594],[-69.21829,11.4386],[-69.21732,11.44687],[-69.21756,11.44795],[-69.2197,11.45256],[-69.22204,11.45552],[-69.22308,11.45641],[-69.22427,11.45702],[-69.22945,11.4587],[-69.2301,11.45913],[-69.23016,11.45939],[-69.23015,11.45915],[-69.23269,11.46083],[-69.2527,11.47236],[-69.25358,11.4732],[-69.25436,11.47541],[-69.25499,11.48252],[-69.25474,11.48334],[-69.25218,11.48821],[-69.25124,11.49221],[-69.24992,11.49442],[-69.2501,11.49545],[-69.25143,11.49669],[-69.25228,11.497],[-69.25293,11.49684],[-69.2547,11.49566],[-69.25555,11.49585],[-69.25595,11.49653],[-69.25727,11.50035],[-69.25764,11.50089],[-69.25829,11.50126],[-69.26314,11.50262],[-69.26399,11.50311],[-69.26573,11.50521],[-69.26906,11.50797],[-69.27391,11.51272],[-69.27552,11.51463],[-69.27816,11.51698],[-69.27955,11.5175],[-69.28621,11.5184],[-69.29229,11.5185],[-69.29535,11.51755],[-69.29704,11.51792],[-69.29795,11.51783],[-69.29879,11.51739],[-69.30161,11.51526],[-69.30268,11.51469],[-69.30666,11.51363],[-69.31614,11.51004],[-69.31691,11.50932],[-69.31869,11.50651],[-69.32651,11.50169],[-69.33144,11.49638],[-69.33236,11.49595],[-69.33337,11.49575],[-69.33332,11.49593],[-69.33351,11.4957],[-69.33529,11.49528],[-69.3362,11.49458],[-69.3367,11.49346],[-69.33774,11.48486],[-69.33815,11.48395],[-69.33897,11.48327],[-69.33971,11.48306],[-69.34428,11.4829],[-69.34471,11.48273],[-69.34429,11.48293],[-69.34403,11.48358],[-69.34473,11.48401],[-69.34731,11.48507],[-69.34848,11.48577],[-69.35389,11.48737],[-69.35459,11.48555],[-69.35534,11.48032],[-69.35786,11.48055],[-69.3603,11.4802],[-69.36772,11.47771],[-69.3681,11.47747],[-69.36793,11.47731],[-69.36773,11.47754],[-69.36834,11.47754],[-69.37397,11.47562],[-69.38223,11.47679],[-69.38556,11.477],[-69.38657,11.47696],[-69.38811,11.47634],[-69.38882,11.47639],[-69.39491,11.47964],[-69.4033,11.48161],[-69.40991,11.48599],[-69.41856,11.48884],[-69.42172,11.48948],[-69.42341,11.49018],[-69.42667,11.49061],[-69.43277,11.48901],[-69.43894,11.48929],[-69.43983,11.48942],[-69.44518,11.49119],[-69.45115,11.49215],[-69.45357,11.49313],[-69.46174,11.49814],[-69.46368,11.49882],[-69.4652,11.49891],[-69.47872,11.49791],[-69.47978,11.49728],[-69.48324,11.49366],[-69.48431,11.49285],[-69.49096,11.49002],[-69.49618,11.48747],[-69.50026,11.48368],[-69.50029,11.48348],[-69.50861,11.47528],[-69.5127,11.47253],[-69.51473,11.47161],[-69.515,11.4713],[-69.51544,11.47132],[-69.51897,11.4699],[-69.53016,11.46501],[-69.53982,11.46038],[-69.5445,11.4594],[-69.54815,11.45832],[-69.55197,11.45824],[-69.55429,11.45865],[-69.55718,11.45863],[-69.55802,11.45816],[-69.55963,11.45654],[-69.56653,11.45279],[-69.57931,11.45069],[-69.58117,11.45084],[-69.58346,11.45066],[-69.59315,11.44729],[-69.59606,11.44668],[-69.59771,11.44558],[-69.605,11.44274],[-69.61227,11.43849],[-69.61386,11.43774],[-69.625,11.43534],[-69.62886,11.43374],[-69.63218,11.43157],[-69.64451,11.42449],[-69.64507,11.42436],[-69.64527,11.42385],[-69.64677,11.42234],[-69.6475,11.42126],[-69.6606,11.39908],[-69.66148,11.39868],[-69.66204,11.39655],[-69.66483,11.39182],[-69.66603,11.39324],[-69.66547,11.39252],[-69.6653,11.39255],[-69.66416,11.39393],[-69.66381,11.39456],[-69.66397,11.39452]]},"properties":{"id":"17993101698","date":"2026-04-05","name":"Dia 201","chapter":5,"chapter_slug":"oeste","country":"VE","transport":"bicycle","distance_km":86.4,"elev_gain_m":635,"moving_time_s":18836,"points":211}},{"type":"Feature","geometry":{"type":"LineString","coordinates":[[-69.67017,11.38603],[-69.67051,11.38609],[-69.6707,11.38661],[-69.67092,11.38657],[-69.67046,11.38709],[-69.66804,11.38761],[-69.66704,11.38824],[-69.66685,11.38877],[-69.67108,11.39696],[-69.67162,11.4003],[-69.67391,11.40665],[-69.67697,11.40572],[-69.67803,11.40747],[-69.67825,11.40727],[-69.67854,11.40752],[-69.67767,11.40782],[-69.67746,11.40752],[-69.67619,11.40846],[-69.67625,11.40883],[-69.67596,11.40899],[-69.6782,11.40846],[-69.67809,11.40784],[-69.67838,11.40918],[-69.67804,11.40918],[-69.67882,11.40907],[-69.67845,11.40844],[-69.67882,11.40832],[-69.67906,11.40891],[-69.68136,11.40858],[-69.68151,11.40924],[-69.67857,11.40991],[-69.67831,11.40922],[-69.67807,11.40909],[-69.67767,11.40792],[-69.67858,11.40756],[-69.67839,11.40684],[-69.67889,11.40674],[-69.6789,11.40652],[-69.67941,11.4063],[-69.67922,11.40501],[-69.68025,11.40477],[-69.68035,11.40505],[-69.68023,11.40458],[-69.67985,11.40564],[-69.67991,11.40531],[-69.679,11.40433],[-69.67887,11.40555],[-69.67924,11.40502],[-69.67987,11.4047],[-69.68108,11.40476],[-69.68049,11.40462],[-69.68058,11.40449],[-69.68039,11.40461],[-69.68036,11.40424],[-69.68065,11.40407],[-69.68063,11.40481],[-69.68046,11.4045],[-69.6807,11.4046],[-69.68054,11.40459],[-69.68058,11.40431],[-69.68054,11.40461],[-69.68025,11.40456],[-69.68018,11.40481],[-69.67918,11.405],[-69.67886,11.40414],[-69.67638,11.40466],[-69.67575,11.40347],[-69.67431,11.40364],[-69.67418,11.40352],[-69.67062,11.39566],[-69.66707,11.38886],[-69.6672,11.38842],[-69.66822,11.38782],[-69.67047,11.38729],[-69.67088,11.38663],[-69.67066,11.38652],[-69.67054,11.38612],[-69.67018,11.38603],[-69.67019,11.38526],[-69.67003,11.38575]]},"properties":{"id":"18004409998","date":"2026-04-06","name":"Coro","chapter":5,"chapter_slug":"oeste","country":"VE","transport":"bicycle","distance_km":11.3,"elev_gain_m":45,"moving_time_s":5324,"points":80}},{"type":"Feature","geometry":{"type":"LineString","coordinates":[[-69.67009,11.38571],[-69.67015,11.38609],[-69.67054,11.38612],[-69.67062,11.3865],[-69.6709,11.38666],[-69.67041,11.38718],[-69.66798,11.38769],[-69.66648,11.38878],[-69.66477,11.39152],[-69.66533,11.39245],[-69.66487,11.39155],[-69.66663,11.38884],[-69.66783,11.38794],[-69.66921,11.38746],[-69.68502,11.38574],[-69.68757,11.38574],[-69.69419,11.38486],[-69.69656,11.38482],[-69.70041,11.38412],[-69.73503,11.38044],[-69.74701,11.3791],[-69.74831,11.37881],[-69.75022,11.37801],[-69.76997,11.36809],[-69.81051,11.35187],[-69.83236,11.342],[-69.83419,11.34165],[-69.84377,11.34139],[-69.8538,11.34225],[-69.85524,11.3422],[-69.85661,11.34185],[-69.86706,11.33751],[-69.89193,11.32339],[-69.89144,11.32335],[-69.89184,11.3235],[-69.9096,11.31404],[-69.9202,11.31014],[-69.92262,11.30953],[-69.96734,11.30429],[-69.96894,11.30388],[-69.96999,11.30326],[-69.97073,11.30251],[-69.9714,11.30134],[-69.97167,11.3002],[-69.97138,11.2783],[-69.97162,11.27656],[-69.97214,11.27528],[-69.97343,11.27353],[-69.99393,11.25299],[-69.9954,11.25169],[-69.9967,11.25108],[-69.99848,11.25091],[-70.01224,11.25352],[-70.01419,11.25365],[-70.03649,11.24994],[-70.04107,11.2499],[-70.04557,11.249],[-70.05131,11.24883],[-70.05488,11.24793],[-70.07947,11.23808],[-70.08276,11.23735],[-70.15772,11.23776],[-70.16667,11.23777],[-70.16888,11.23757],[-70.19404,11.23072],[-70.19588,11.23003],[-70.19686,11.22942],[-70.19805,11.22829],[-70.20656,11.21769],[-70.20786,11.21652],[-70.21012,11.21545],[-70.21914,11.21218],[-70.22773,11.2081],[-70.23033,11.20749],[-70.24621,11.20683],[-70.24669,11.20671],[-70.24676,11.20644],[-70.24691,11.2067],[-70.24734,11.20677],[-70.25518,11.20639],[-70.25485,11.2062],[-70.25524,11.20635],[-70.25557,11.20604],[-70.25581,11.20226],[-70.25601,11.20207],[-70.25584,11.20194],[-70.25544,11.19944],[-70.2559,11.19914],[-70.25547,11.19871],[-70.25503,11.19879],[-70.25481,11.19834],[-70.25412,11.19858],[-70.25479,11.20016],[-70.2554,11.20006],[-70.25574,11.20203],[-70.25549,11.20607],[-70.2552,11.20634],[-70.25489,11.20621]]},"properties":{"id":"18019537625","date":"2026-04-07","name":"Dia 203","chapter":5,"chapter_slug":"oeste","country":"VE","transport":"bicycle","distance_km":75.9,"elev_gain_m":269,"moving_time_s":14888,"points":98}},{"type":"Feature","geometry":{"type":"LineString","coordinates":[[-70.2562,11.20636],[-70.25766,11.20602],[-70.25916,11.20523],[-70.27936,11.18972],[-70.28159,11.18835],[-70.3166,11.17597],[-70.36665,11.16154],[-70.36859,11.16057],[-70.37953,11.15268],[-70.38107,11.1519],[-70.38971,11.14926],[-70.40502,11.14535],[-70.41408,11.14183],[-70.4166,11.14157],[-70.41878,11.14189],[-70.44949,11.15221],[-70.4514,11.15235],[-70.45349,11.15188],[-70.45534,11.15065],[-70.47312,11.13207],[-70.47465,11.13077],[-70.47696,11.12922],[-70.48062,11.12744],[-70.48588,11.12573],[-70.48704,11.12519],[-70.48691,11.12505],[-70.48714,11.12516],[-70.49776,11.11818],[-70.51049,11.11265],[-70.53964,11.09611],[-70.54094,11.09516],[-70.54982,11.08674],[-70.5516,11.08552],[-70.56696,11.07798],[-70.59869,11.06051],[-70.61931,11.05013],[-70.63627,11.04055],[-70.65202,11.03245],[-70.65392,11.03158],[-70.65571,11.03111],[-70.65729,11.03098],[-70.6589,11.03115],[-70.67517,11.03658],[-70.67512,11.0362],[-70.67537,11.03598],[-70.67524,11.03586],[-70.67567,11.03614],[-70.67522,11.03587],[-70.67548,11.03591],[-70.67567,11.03558],[-70.67773,11.02766],[-70.67863,11.02734],[-70.67882,11.02673],[-70.67936,11.02661],[-70.67922,11.02668],[-70.6795,11.02669],[-70.67945,11.02686],[-70.6793,11.02669],[-70.67941,11.02659],[-70.67877,11.02674],[-70.67855,11.02744],[-70.67852,11.02883],[-70.67888,11.03181],[-70.68034,11.03426],[-70.68176,11.03857],[-70.68256,11.03877],[-70.68416,11.0387],[-70.68551,11.03832],[-70.68684,11.03767],[-70.7224,11.00742],[-70.72352,11.00616],[-70.7357,10.98978],[-70.73682,10.98867],[-70.74621,10.98178],[-70.74702,10.98101],[-70.7588,10.96629],[-70.76009,10.96509],[-70.76248,10.96365],[-70.8301,10.92759],[-70.83169,10.92669],[-70.83301,10.92567],[-70.84584,10.91055],[-70.92724,10.83421],[-70.93226,10.82788],[-70.95247,10.80132],[-70.95239,10.80151],[-70.95929,10.79254],[-70.95953,10.79254],[-70.95939,10.79255]]},"properties":{"id":"18034258984","date":"2026-04-08","name":"Dia 204","chapter":5,"chapter_slug":"oeste","country":"VE","transport":"bicycle","distance_km":96.6,"elev_gain_m":376,"moving_time_s":17999,"points":89}},{"type":"Feature","geometry":{"type":"LineString","coordinates":[[-70.95964,10.79206],[-70.97789,10.76821],[-70.97946,10.76644],[-71.01552,10.74201],[-71.07435,10.69118],[-71.07575,10.69018],[-71.07794,10.68925],[-71.13365,10.6784],[-71.13604,10.67816],[-71.19377,10.67506],[-71.2526,10.67575],[-71.25784,10.6759],[-71.26057,10.67627],[-71.33748,10.69067],[-71.37789,10.6936],[-71.37961,10.6935],[-71.38137,10.69306],[-71.38354,10.69201],[-71.38466,10.69121],[-71.38577,10.69014],[-71.38681,10.68862],[-71.39856,10.66576],[-71.39854,10.66549],[-71.39879,10.66552],[-71.39853,10.66548],[-71.39908,10.66473],[-71.40435,10.65456],[-71.40644,10.65012],[-71.40715,10.64908],[-71.40982,10.64381],[-71.4103,10.64343],[-71.41002,10.64379],[-71.41021,10.64287],[-71.40963,10.64326],[-71.40985,10.64291],[-71.40965,10.64268],[-71.40991,10.64296],[-71.4104,10.64172],[-71.41017,10.64214],[-71.41,10.64207],[-71.41015,10.64223],[-71.41004,10.64292],[-71.40984,10.6425],[-71.41003,10.6418],[-71.41105,10.6403],[-71.41204,10.6375],[-71.4236,10.60088],[-71.42448,10.59889],[-71.4258,10.59721],[-71.42796,10.59561],[-71.44056,10.59003],[-71.4863,10.57765],[-71.48614,10.57761],[-71.48634,10.57771],[-71.48619,10.57765],[-71.48848,10.57705],[-71.49096,10.57704],[-71.49474,10.57603],[-71.49586,10.5756],[-71.49709,10.5748],[-71.49858,10.57439],[-71.5041,10.57434],[-71.50501,10.57397],[-71.5046,10.57425],[-71.50673,10.57412],[-71.50938,10.57561],[-71.51188,10.57617],[-71.52673,10.57587],[-71.52901,10.57609],[-71.52996,10.57588],[-71.62825,10.58879],[-71.62826,10.59317],[-71.62697,10.59526],[-71.62647,10.59566],[-71.62584,10.59577],[-71.61948,10.59593],[-71.61859,10.59567],[-71.61832,10.59581],[-71.61814,10.59711],[-71.61737,10.59902],[-71.61629,10.60054],[-71.61495,10.60346],[-71.61414,10.60467],[-71.61242,10.60656],[-71.60929,10.60936],[-71.60836,10.61108],[-71.60846,10.61194],[-71.61176,10.61781],[-71.6122,10.61891],[-71.61283,10.62142],[-71.61355,10.62319],[-71.61375,10.62574],[-71.61402,10.62664],[-71.61586,10.62937],[-71.6172,10.63081],[-71.61813,10.63223],[-71.61879,10.63734],[-71.61894,10.64065],[-71.6188,10.64218],[-71.61638,10.64215],[-71.615,10.64187],[-71.61485,10.6421],[-71.61517,10.64235],[-71.61508,10.64281],[-71.61531,10.64286],[-71.61535,10.64274],[-71.61494,10.64284],[-71.61424,10.64247],[-71.61446,10.64265],[-71.61278,10.64237],[-71.61235,10.64269],[-71.61216,10.64244],[-71.61178,10.64255],[-71.61137,10.64236],[-71.61069,10.64265],[-71.60989,10.6425],[-71.60972,10.64281],[-71.60967,10.64245],[-71.60729,10.6418],[-71.60691,10.64278],[-71.60762,10.643],[-71.60605,10.6426],[-71.60522,10.64596],[-71.60533,10.64634],[-71.606,10.64653],[-71.60641,10.64938],[-71.6065,10.65107],[-71.60614,10.65456],[-71.60612,10.65879],[-71.6075,10.66562],[-71.60788,10.66603],[-71.60889,10.66597],[-71.61208,10.66531],[-71.61361,10.67187],[-71.61407,10.67514],[-71.61269,10.67522]]},"properties":{"id":"18048899504","date":"2026-04-09","name":"Dia 205","chapter":5,"chapter_slug":"oeste","country":"VE","transport":"bicycle","distance_km":90,"elev_gain_m":295,"moving_time_s":21072,"points":136}},{"type":"Feature","geometry":{"type":"LineString","coordinates":[[-71.62708,10.69762],[-71.62727,10.70067],[-71.62574,10.70067],[-71.62552,10.70089],[-71.62435,10.70491],[-71.62424,10.70973],[-71.6225,10.71435],[-71.62239,10.71607],[-71.62279,10.72101],[-71.62268,10.72208],[-71.62203,10.72359],[-71.62061,10.72523],[-71.62067,10.72564],[-71.62287,10.72961],[-71.62368,10.73044],[-71.62679,10.73068],[-71.62748,10.731],[-71.62775,10.73157],[-71.62793,10.73343],[-71.62869,10.73466],[-71.63295,10.73772],[-71.63728,10.74135],[-71.64538,10.74887],[-71.65048,10.75436],[-71.66119,10.76506],[-71.66276,10.76696],[-71.66636,10.77009],[-71.67804,10.78728],[-71.68223,10.79313],[-71.68258,10.7933],[-71.69046,10.79261],[-71.69176,10.79271],[-71.70369,10.79598],[-71.71067,10.79818],[-71.71167,10.79886],[-71.71162,10.79866],[-71.71287,10.79888],[-71.71932,10.8009],[-71.74673,10.80798],[-71.753,10.80919],[-71.75435,10.80991],[-71.75432,10.81011],[-71.75452,10.80973],[-71.75482,10.81017],[-71.75636,10.81053],[-71.75735,10.8114],[-71.76404,10.82751],[-71.76762,10.84499],[-71.76771,10.84699],[-71.76315,10.8629],[-71.76263,10.8645],[-71.76242,10.86466],[-71.76255,10.86476],[-71.76221,10.86611],[-71.75047,10.90644],[-71.73894,10.9451],[-71.73817,10.94787],[-71.73841,10.94803],[-71.73828,10.94726],[-71.73839,10.94804],[-71.73798,10.94853],[-71.73558,10.95684],[-71.73361,10.95828],[-71.73475,10.96011],[-71.73439,10.96061],[-71.73956,10.9657],[-71.74078,10.96556],[-71.74142,10.96572],[-71.75029,10.97081],[-71.75128,10.97089],[-71.75391,10.97012],[-71.75491,10.9703],[-71.75476,10.97032],[-71.77029,10.97471],[-71.77157,10.97527],[-71.77471,10.97752],[-71.77643,10.97919],[-71.77779,10.98098],[-71.77952,10.98526],[-71.77996,10.98584],[-71.79017,10.99512],[-71.79488,10.99824],[-71.79553,10.99912],[-71.79605,11.00072],[-71.79589,11.01078],[-71.79627,11.01264],[-71.79713,11.01434],[-71.84022,11.06763],[-71.85247,11.08386],[-71.85285,11.08365],[-71.85297,11.08392],[-71.85276,11.08419],[-71.85315,11.08498],[-71.85283,11.08502],[-71.85318,11.08503],[-71.85449,11.08673],[-71.85425,11.08697],[-71.85457,11.08678],[-71.85444,11.08672],[-71.85467,11.08693],[-71.85455,11.08659],[-71.85489,11.08689],[-71.85468,11.08662],[-71.85454,11.08679],[-71.85478,11.08703],[-71.85452,11.08676],[-71.85478,11.08704],[-71.85454,11.0867],[-71.85443,11.08677],[-71.85503,11.08774]]},"properties":{"id":"18097158758","date":"2026-04-12","name":"Pedalada matinal","chapter":5,"chapter_slug":"oeste","country":"VE","transport":"bicycle","distance_km":62,"elev_gain_m":121,"moving_time_s":15952,"points":110}},{"type":"Feature","geometry":{"type":"LineString","coordinates":[[-71.85517,11.08796],[-71.8563,11.09004],[-71.85623,11.09565],[-71.8564,11.09633],[-71.87226,11.11917],[-71.88508,11.14899],[-71.89194,11.16218],[-71.89985,11.17582],[-71.89958,11.17597],[-71.8999,11.17591],[-71.90026,11.17646],[-71.90386,11.1828],[-71.90872,11.19238],[-71.90852,11.1922],[-71.90898,11.19301],[-71.90895,11.1933],[-71.90912,11.19324],[-71.9094,11.19379],[-71.9202,11.21534],[-71.94693,11.28423],[-71.95325,11.30587],[-71.95344,11.3057],[-71.95322,11.30585],[-71.95879,11.32472],[-71.95886,11.32501],[-71.95865,11.32517],[-71.95889,11.32511],[-71.95906,11.32565],[-71.9654,11.34735],[-71.96666,11.34713],[-71.9688,11.34821],[-71.97288,11.34882],[-71.97439,11.34883],[-71.97723,11.35036],[-71.97688,11.34922],[-71.97721,11.35035],[-71.97746,11.3506],[-71.98702,11.35616],[-72.00293,11.36127],[-72.02064,11.36664],[-72.03349,11.36599],[-72.03467,11.36573],[-72.04145,11.36333],[-72.05404,11.36165],[-72.06606,11.35699],[-72.06937,11.35601],[-72.0918,11.35681],[-72.11104,11.35351],[-72.11313,11.35416],[-72.11289,11.35452],[-72.11309,11.35458],[-72.11297,11.35419],[-72.11321,11.35419],[-72.12681,11.35919],[-72.12702,11.35922],[-72.12709,11.35901],[-72.12723,11.35934],[-72.12931,11.36008],[-72.12948,11.36008],[-72.12954,11.35982],[-72.13011,11.36024],[-72.1369,11.36218],[-72.13708,11.36216],[-72.13713,11.36177],[-72.13711,11.36215],[-72.13737,11.36231],[-72.1675,11.3707],[-72.21623,11.37992],[-72.21771,11.38023],[-72.21756,11.38034],[-72.21768,11.38044],[-72.21782,11.38025],[-72.21816,11.3803],[-72.22357,11.38134],[-72.22378,11.38127],[-72.22371,11.38097],[-72.22406,11.38142],[-72.22997,11.38242],[-72.22965,11.3824],[-72.22977,11.3825],[-72.2299,11.38249],[-72.22967,11.38242],[-72.23766,11.38104],[-72.23763,11.38023],[-72.2369,11.37735],[-72.23625,11.37756],[-72.23631,11.37809],[-72.236,11.37822],[-72.24011,11.37739],[-72.24039,11.37866],[-72.24024,11.37876],[-72.2404,11.37869],[-72.24031,11.37836],[-72.24073,11.38036],[-72.24003,11.38052],[-72.23991,11.38069],[-72.24005,11.38071]]},"properties":{"id":"18097166710","date":"2026-04-13","name":"Colômbia! 🇨🇴","chapter":6,"chapter_slug":"caribe-colombiano","country":"CO","transport":"bicycle","distance_km":65.4,"elev_gain_m":167,"moving_time_s":16008,"points":97}},{"type":"Feature","geometry":{"type":"LineString","coordinates":[[-72.24045,11.38052],[-72.24862,11.37899],[-72.25,11.37915],[-72.39574,11.41193],[-72.41338,11.41642],[-72.43663,11.42537],[-72.43778,11.42558],[-72.43754,11.42554],[-72.43753,11.4257],[-72.45561,11.4326],[-72.48937,11.43338],[-72.49283,11.4336],[-72.59307,11.45624],[-72.59345,11.45647],[-72.59277,11.456],[-72.59284,11.45575],[-72.59256,11.45589],[-72.5927,11.45618],[-72.59337,11.45642],[-72.64481,11.46791],[-72.64728,11.46861],[-72.67006,11.47698],[-72.68751,11.48742],[-72.71431,11.49439],[-72.73502,11.50186],[-72.7628,11.50415],[-72.78941,11.51009],[-72.79271,11.51032],[-72.79405,11.51058],[-72.8414,11.52102],[-72.84708,11.52016],[-72.84826,11.51965],[-72.85479,11.51173],[-72.85768,11.51023],[-72.85862,11.50987],[-72.85952,11.50979],[-72.86418,11.51075],[-72.86522,11.51125],[-72.88097,11.52401],[-72.88159,11.52478],[-72.88286,11.52786],[-72.88362,11.52891],[-72.89522,11.53947],[-72.89541,11.53934],[-72.8955,11.53969],[-72.90069,11.54433],[-72.90103,11.54506],[-72.90192,11.55183],[-72.90175,11.5519],[-72.90186,11.55172],[-72.90174,11.55195],[-72.90196,11.55205],[-72.90163,11.55218],[-72.9019,11.55204],[-72.90177,11.55213],[-72.90193,11.55161],[-72.9012,11.54542],[-72.90134,11.54506],[-72.90244,11.5457],[-72.90357,11.54598],[-72.90451,11.54584],[-72.9064,11.54496],[-72.9069,11.54492],[-72.90672,11.54487],[-72.90708,11.54473],[-72.90748,11.54371],[-72.90795,11.54332],[-73.00141,11.49213],[-73.00642,11.48668],[-73.00663,11.48663],[-73.00661,11.48644],[-73.03516,11.45471],[-73.05813,11.42311],[-73.05868,11.42288],[-73.05941,11.42291],[-73.06717,11.42364],[-73.06828,11.42449],[-73.07045,11.42831],[-73.07144,11.42949],[-73.07288,11.43036],[-73.07618,11.43168],[-73.07831,11.43291],[-73.07882,11.43274],[-73.08166,11.43059],[-73.08378,11.43004],[-73.08531,11.43016],[-73.08625,11.42984],[-73.08801,11.43067],[-73.08858,11.43047],[-73.08896,11.42967],[-73.08954,11.42916],[-73.09005,11.42888],[-73.09043,11.42906],[-73.09021,11.42893],[-73.0903,11.42873],[-73.09209,11.42897],[-73.09233,11.42824],[-73.09311,11.4283],[-73.094,11.42741],[-73.0943,11.42671],[-73.0937,11.42567],[-73.09446,11.42476],[-73.09474,11.42476]]},"properties":{"id":"18111934800","date":"2026-04-14","name":"Dia 210","chapter":6,"chapter_slug":"caribe-colombiano","country":"CO","transport":"bicycle","distance_km":106.9,"elev_gain_m":135,"moving_time_s":24360,"points":103}},{"type":"Feature","geometry":{"type":"LineString","coordinates":[[-73.09441,11.4248],[-73.09345,11.42554],[-73.09268,11.42649],[-73.09256,11.42711],[-73.09324,11.42774],[-73.09315,11.42825],[-73.09233,11.42823],[-73.09217,11.42889],[-73.09194,11.42902],[-73.09033,11.42868],[-73.08742,11.43025],[-73.08678,11.43016],[-73.08621,11.42981],[-73.08532,11.43009],[-73.08379,11.42999],[-73.08232,11.43035],[-73.08127,11.43068],[-73.07904,11.43254],[-73.07835,11.43286],[-73.07626,11.43168],[-73.07271,11.43022],[-73.07141,11.42942],[-73.07041,11.42818],[-73.06829,11.42445],[-73.06701,11.42352],[-73.05887,11.42284],[-73.05852,11.42251],[-73.06017,11.4202],[-73.06063,11.41913],[-73.06097,11.41571],[-73.06117,11.41559],[-73.06096,11.41541],[-73.06121,11.41508],[-73.06114,11.41542],[-73.0611,11.41523],[-73.06087,11.4155],[-73.061,11.41538],[-73.0609,11.41552],[-73.0612,11.41243],[-73.06167,11.41093],[-73.0731,11.38934],[-73.07932,11.38066],[-73.08642,11.36665],[-73.11469,11.29482],[-73.12236,11.276],[-73.12233,11.27566],[-73.12358,11.27242],[-73.12427,11.27118],[-73.1256,11.27013],[-73.12791,11.26956],[-73.12909,11.2695],[-73.13374,11.26868],[-73.13756,11.26867],[-73.14033,11.2683],[-73.1641,11.2604],[-73.17711,11.2533],[-73.18322,11.25027],[-73.18944,11.24674],[-73.19453,11.24424],[-73.19839,11.24216],[-73.19913,11.24159],[-73.20699,11.23758],[-73.21536,11.23292],[-73.21683,11.23236],[-73.24486,11.21734],[-73.24666,11.21582],[-73.24849,11.2139],[-73.24949,11.21327],[-73.25036,11.21305],[-73.25187,11.21303],[-73.2518,11.21292],[-73.2517,11.21299],[-73.25347,11.21307],[-73.25441,11.21335],[-73.2555,11.21448],[-73.25671,11.21759],[-73.25757,11.21881],[-73.2692,11.22613],[-73.27003,11.22647],[-73.27099,11.22657],[-73.2722,11.22631],[-73.27896,11.22391],[-73.28454,11.21829],[-73.28569,11.21757],[-73.30791,11.21331],[-73.34804,11.21621],[-73.35248,11.21727],[-73.38842,11.21691],[-73.38802,11.21681],[-73.3881,11.21659],[-73.38795,11.21643],[-73.38842,11.21688],[-73.39495,11.21684],[-73.39878,11.2157],[-73.4018,11.21366],[-73.40268,11.21301],[-73.40396,11.21155],[-73.40359,11.21183],[-73.40383,11.21141],[-73.40306,11.21181],[-73.40351,11.21196],[-73.40354,11.21174],[-73.40361,11.21196],[-73.40364,11.21118],[-73.40361,11.21167],[-73.40318,11.21209],[-73.4034,11.21189],[-73.40327,11.21202],[-73.40363,11.21208],[-73.40345,11.21186],[-73.40352,11.21155],[-73.40366,11.2116],[-73.40341,11.21182],[-73.40366,11.21185],[-73.40356,11.21174],[-73.40344,11.21191],[-73.40347,11.2116],[-73.40325,11.21182],[-73.40332,11.21161],[-73.40355,11.21159],[-73.40383,11.21123],[-73.40343,11.21175],[-73.4042,11.21103],[-73.40626,11.20851],[-73.40875,11.20663],[-73.41062,11.20575],[-73.41293,11.2058],[-73.4188,11.20453],[-73.42275,11.2042],[-73.42803,11.20509],[-73.43184,11.20501],[-73.43813,11.20532],[-73.44046,11.20607],[-73.444,11.20634],[-73.45544,11.20507],[-73.45682,11.20533],[-73.45894,11.20651],[-73.46017,11.20669],[-73.46099,11.20654],[-73.46327,11.20561],[-73.46445,11.20548],[-73.46598,11.20595],[-73.47064,11.20997],[-73.47443,11.21577],[-73.47683,11.21792],[-73.47861,11.22092],[-73.47966,11.22321],[-73.48275,11.22587],[-73.4886,11.23143],[-73.49231,11.23298],[-73.49647,11.23514],[-73.50305,11.23722],[-73.50863,11.23968],[-73.51219,11.24164],[-73.51332,11.24204],[-73.52325,11.24224],[-73.53364,11.24308],[-73.54026,11.24307],[-73.54807,11.24341],[-73.55499,11.24454],[-73.56199,11.24455],[-73.55939,11.24439],[-73.55971,11.24271],[-73.55937,11.24433],[-73.55879,11.24443],[-73.55942,11.24462],[-73.55925,11.24844],[-73.55892,11.2503],[-73.55795,11.25028],[-73.55743,11.2517],[-73.55825,11.25197],[-73.55858,11.25129]]},"properties":{"id":"18164304789","date":"2026-04-18","name":"Pedalada matinal","chapter":6,"chapter_slug":"caribe-colombiano","country":"CO","transport":"bicycle","distance_km":80.1,"elev_gain_m":402,"moving_time_s":19292,"points":172}},{"type":"Feature","geometry":{"type":"LineString","coordinates":[[-73.55999,11.24444],[-73.56286,11.24458],[-73.56281,11.24443],[-73.56198,11.24438],[-73.56188,11.24421],[-73.56161,11.24444],[-73.57151,11.24476],[-73.57324,11.24492],[-73.57415,11.24525],[-73.57497,11.24595],[-73.57544,11.24669],[-73.57814,11.25311],[-73.58273,11.25906],[-73.58369,11.25961],[-73.58809,11.26125],[-73.59293,11.26248],[-73.59365,11.26237],[-73.59497,11.26179],[-73.59694,11.26142],[-73.60041,11.26116],[-73.60512,11.26044],[-73.60672,11.25999],[-73.60898,11.25986],[-73.61133,11.25909],[-73.61354,11.25784],[-73.61654,11.25757],[-73.6201,11.2568],[-73.62117,11.2569],[-73.62333,11.2581],[-73.62532,11.25825],[-73.62913,11.25745],[-73.6322,11.25627],[-73.6356,11.25614],[-73.64042,11.2554],[-73.64176,11.25539],[-73.64311,11.255],[-73.6447,11.25485],[-73.64764,11.25502],[-73.65401,11.25355],[-73.65532,11.25343],[-73.66216,11.25094],[-73.66596,11.25006],[-73.67123,11.24587],[-73.6769,11.24268],[-73.68505,11.2399],[-73.68662,11.23955],[-73.69036,11.24038],[-73.6953,11.23997],[-73.70547,11.24039],[-73.71217,11.24139],[-73.7198,11.24149],[-73.72127,11.24193],[-73.72645,11.2445],[-73.72784,11.24497],[-73.7374,11.24619],[-73.74443,11.24852],[-73.75702,11.25038],[-73.77024,11.24966],[-73.78507,11.24738],[-73.79868,11.24805],[-73.80311,11.2472],[-73.80438,11.24741],[-73.80814,11.2491],[-73.80923,11.24939],[-73.81785,11.24856],[-73.82529,11.24985],[-73.83634,11.247],[-73.83778,11.24684],[-73.83882,11.24751],[-73.8454,11.25601],[-73.85031,11.26181],[-73.85572,11.26585],[-73.86108,11.26871],[-73.86294,11.26996],[-73.86342,11.27099],[-73.86345,11.27267],[-73.86384,11.27464],[-73.8643,11.27548],[-73.86487,11.27607],[-73.86883,11.278],[-73.87329,11.28079],[-73.88481,11.28712],[-73.88789,11.28904],[-73.89193,11.29114],[-73.89341,11.29128],[-73.8942,11.29102],[-73.89515,11.29034],[-73.89923,11.28496],[-73.90026,11.28415],[-73.90296,11.28347],[-73.90573,11.28235],[-73.91028,11.28158],[-73.91469,11.28122],[-73.91556,11.28069],[-73.91701,11.27907],[-73.91728,11.27923],[-73.91745,11.27911],[-73.91754,11.27939],[-73.91737,11.27911]]},"properties":{"id":"18300835850","date":"2026-04-28","name":"Dia 224","chapter":6,"chapter_slug":"caribe-colombiano","country":"CO","transport":"bicycle","distance_km":44.1,"elev_gain_m":286,"moving_time_s":9791,"points":99}},{"type":"Feature","geometry":{"type":"LineString","coordinates":[[-73.91731,11.27878],[-73.91785,11.2781],[-73.91859,11.27756],[-73.9204,11.2771],[-73.92488,11.2776],[-73.9277,11.27856],[-73.93356,11.27857],[-73.93596,11.27924],[-73.93667,11.27926],[-73.93777,11.2791],[-73.94039,11.27811],[-73.94252,11.27774],[-73.94505,11.27675],[-73.94618,11.27664],[-73.94736,11.27694],[-73.9529,11.27918],[-73.95462,11.28086],[-73.95579,11.28137],[-73.95682,11.28129],[-73.95955,11.28009],[-73.96488,11.27937],[-73.9684,11.28021],[-73.96918,11.28077],[-73.97034,11.28218],[-73.97142,11.28276],[-73.97417,11.28266],[-73.97911,11.28371],[-73.98465,11.28421],[-73.98602,11.28414],[-73.99102,11.28535],[-73.99301,11.28549],[-73.99735,11.28468],[-74.00826,11.28483],[-74.00938,11.28462],[-74.02054,11.28093],[-74.03251,11.27801],[-74.035,11.27755],[-74.03726,11.27769],[-74.03945,11.27806],[-74.04191,11.27707],[-74.04467,11.27717],[-74.04641,11.27647],[-74.04818,11.27627],[-74.04861,11.27604],[-74.05065,11.2757],[-74.05193,11.27479],[-74.05305,11.27264],[-74.05399,11.27199],[-74.05543,11.27227],[-74.05657,11.27368],[-74.05738,11.2741],[-74.06042,11.27355],[-74.06118,11.27302],[-74.06193,11.27127],[-74.0628,11.27056],[-74.06696,11.26981],[-74.06926,11.26841],[-74.07202,11.26886],[-74.07276,11.2688],[-74.07337,11.26846],[-74.07527,11.26655],[-74.07588,11.26626],[-74.07705,11.26646],[-74.07817,11.26798],[-74.079,11.26841],[-74.08196,11.26839],[-74.08246,11.26812],[-74.08369,11.26694],[-74.08459,11.2667],[-74.08552,11.2671],[-74.08636,11.26843],[-74.08712,11.26901],[-74.08788,11.26912],[-74.08985,11.26881],[-74.09168,11.26906],[-74.09446,11.26706],[-74.09639,11.2644],[-74.097,11.26382],[-74.09767,11.26351],[-74.09944,11.26323],[-74.10021,11.26275],[-74.10192,11.25978],[-74.10418,11.25647],[-74.10497,11.25563],[-74.10898,11.25342],[-74.11213,11.25116],[-74.12442,11.24366],[-74.12732,11.24099],[-74.13424,11.23534],[-74.13559,11.23469],[-74.14206,11.23287],[-74.1445,11.23057],[-74.15058,11.22695],[-74.15156,11.2266],[-74.15131,11.22651],[-74.15082,11.22673],[-74.15014,11.22725],[-74.15067,11.22701],[-74.15088,11.22664],[-74.19668,11.20437],[-74.19812,11.20298],[-74.19842,11.20315],[-74.19845,11.20276],[-74.20165,11.20007],[-74.20458,11.19518],[-74.2056,11.19416],[-74.2203,11.1866],[-74.22531,11.18303],[-74.22796,11.17996],[-74.22945,11.17878],[-74.23068,11.17717],[-74.23107,11.17618],[-74.23099,11.1749],[-74.23401,11.17265],[-74.23248,11.17369],[-74.23185,11.17297],[-74.23198,11.17281],[-74.23186,11.17301],[-74.23337,11.17465],[-74.23511,11.17377],[-74.23399,11.17429],[-74.23423,11.17476],[-74.23392,11.17437],[-74.23327,11.1746],[-74.23245,11.17376],[-74.23091,11.17486],[-74.22979,11.17019],[-74.22731,11.16364],[-74.22674,11.16277],[-74.22454,11.16075],[-74.22409,11.15974],[-74.22144,11.14805],[-74.2218,11.14672],[-74.22369,11.14373],[-74.22428,11.14229],[-74.22631,11.12966],[-74.22628,11.1278],[-74.22474,11.11887],[-74.22513,11.11811],[-74.225,11.11826],[-74.22473,11.11817],[-74.22453,11.1177],[-74.22326,11.1106],[-74.22235,11.10773],[-74.22242,11.10757],[-74.22264,11.10762],[-74.22255,11.10733],[-74.22219,11.10746],[-74.21883,11.10208],[-74.21789,11.09985],[-74.21431,11.0863],[-74.21394,11.07549],[-74.21375,11.07427],[-74.21192,11.06928],[-74.20769,11.06201],[-74.20705,11.06036],[-74.20506,11.05046],[-74.20506,11.04828],[-74.20423,11.04622],[-74.20319,11.04094],[-74.2032,11.04003],[-74.20462,11.03141],[-74.20569,11.02761],[-74.20614,11.02698],[-74.20652,11.02688],[-74.20638,11.02628],[-74.20671,11.02569],[-74.2107,11.02023],[-74.21289,11.01857],[-74.21461,11.01641],[-74.21538,11.01263],[-74.21637,11.01098],[-74.2165,11.00829],[-74.21772,11.00454],[-74.2183,11.00417],[-74.21941,11.00397],[-74.22515,11.00364],[-74.23106,11.00469],[-74.23673,11.00522],[-74.23702,11.00503],[-74.23691,11.00492],[-74.23722,11.00528],[-74.23925,11.0056],[-74.24964,11.00548],[-74.25194,11.0067],[-74.26072,11.00654],[-74.26161,11.00613],[-74.27253,10.9979],[-74.27343,10.99746],[-74.27982,10.99541],[-74.28663,10.99053],[-74.28788,10.98988],[-74.29908,10.98657],[-74.30668,10.98282],[-74.31636,10.97973],[-74.33535,10.97738],[-74.33513,10.97702],[-74.33486,10.97699]]},"properties":{"id":"18340058686","date":"2026-05-01","name":"Dia 227","chapter":6,"chapter_slug":"caribe-colombiano","country":"CO","transport":"bicycle","distance_km":71.3,"elev_gain_m":569,"moving_time_s":16352,"points":198}},{"type":"Feature","geometry":{"type":"LineString","coordinates":[[-74.33623,10.9774],[-74.33956,10.9768],[-74.34716,10.97462],[-74.35483,10.97338],[-74.36734,10.97076],[-74.37358,10.96975],[-74.37326,10.96972],[-74.37304,10.96974],[-74.37466,10.96989],[-74.38411,10.97225],[-74.39101,10.97252],[-74.40945,10.97215],[-74.42146,10.97331],[-74.43115,10.97381],[-74.44324,10.97146],[-74.44525,10.97146],[-74.47489,10.97633],[-74.48286,10.97803],[-74.50339,10.98142],[-74.51583,10.9831],[-74.52917,10.98709],[-74.53941,10.99121],[-74.54049,10.99146],[-74.54323,10.9917],[-74.54447,10.99162],[-74.54948,10.98968],[-74.55015,10.98959],[-74.5512,10.98977],[-74.55726,10.99197],[-74.5663,10.99268],[-74.57253,10.99508],[-74.57709,10.99585],[-74.5807,10.99756],[-74.58451,10.99784],[-74.58818,10.99864],[-74.59113,11.00027],[-74.59509,11.00049],[-74.59749,11.00105],[-74.5988,11.00204],[-74.60511,11.00898],[-74.61164,11.01228],[-74.61315,11.01256],[-74.63025,11.01415],[-74.64577,11.01123],[-74.65478,11.00633],[-74.66414,11.00474],[-74.66757,11.00469],[-74.68088,11.0068],[-74.68204,11.00676],[-74.68313,11.00639],[-74.68961,11.00245],[-74.6912,11.00107],[-74.69394,10.99794],[-74.70069,10.99231],[-74.70364,10.99018],[-74.70514,10.98947],[-74.71655,10.9855],[-74.71693,10.98534],[-74.7168,10.98502],[-74.71691,10.98522],[-74.71757,10.98514],[-74.72478,10.98265],[-74.72686,10.98151],[-74.73015,10.97856],[-74.73324,10.97526],[-74.7345,10.97309],[-74.73548,10.96903],[-74.73609,10.96767],[-74.74412,10.9598],[-74.74477,10.95876],[-74.74608,10.95577],[-74.74773,10.95289],[-74.74904,10.95154],[-74.75041,10.95085],[-74.75213,10.95055],[-74.76189,10.95041],[-74.76287,10.95064],[-74.76306,10.95087],[-74.76285,10.95088],[-74.76198,10.9507],[-74.76243,10.9508],[-74.76329,10.95027],[-74.76546,10.95101],[-74.76661,10.95091],[-74.76682,10.95073],[-74.76671,10.95066],[-74.7659,10.95077],[-74.76484,10.9513],[-74.76467,10.95208],[-74.76982,10.96659],[-74.76992,10.96959],[-74.76957,10.97075],[-74.76935,10.97336],[-74.76873,10.97436],[-74.76963,10.98063],[-74.76958,10.98198],[-74.76983,10.98357],[-74.77004,10.98356],[-74.77002,10.98272],[-74.77247,10.98252],[-74.7725,10.98168],[-74.77367,10.98149],[-74.76962,10.98206],[-74.77042,10.98666],[-74.76994,10.9872],[-74.76991,10.98758],[-74.77065,10.98807],[-74.77167,10.98977],[-74.77177,10.99028],[-74.76976,10.99411],[-74.76971,10.99475],[-74.77009,10.99553],[-74.7723,10.99808],[-74.77247,10.99856],[-74.77313,10.99894],[-74.77361,11.00043],[-74.77594,11.00378],[-74.78179,11.00943],[-74.78128,11.00914],[-74.78155,11.00951],[-74.78219,11.00983],[-74.78204,11.00999],[-74.78232,11.00995],[-74.78389,11.01161],[-74.78519,11.01261],[-74.78565,11.01278],[-74.7864,11.01186],[-74.78931,11.00937],[-74.79033,11.00822],[-74.79037,11.00755],[-74.79063,11.00715],[-74.79036,11.00751],[-74.79028,11.00826],[-74.78879,11.00981],[-74.78629,11.01193],[-74.78576,11.01298],[-74.78739,11.01352],[-74.79006,11.01669],[-74.79019,11.01723],[-74.79052,11.01721],[-74.79362,11.02077],[-74.79294,11.02],[-74.79273,11.01999],[-74.79279,11.02014],[-74.79275,11.01998],[-74.79504,11.02225],[-74.79765,11.02414],[-74.79809,11.02473],[-74.79713,11.0235],[-74.79532,11.02215],[-74.79813,11.01995],[-74.80092,11.02335],[-74.80697,11.03012],[-74.80988,11.03248],[-74.81636,11.03696],[-74.81747,11.03756],[-74.82413,11.03928],[-74.82564,11.0394],[-74.82715,11.03891],[-74.82724,11.03864],[-74.827,11.03809],[-74.82719,11.03746],[-74.83079,11.03382],[-74.83164,11.03355],[-74.83131,11.03319],[-74.83159,11.03355],[-74.83179,11.03337],[-74.83172,11.03241],[-74.83386,11.02814],[-74.83971,11.0136],[-74.84004,11.01327],[-74.84136,11.01275],[-74.84244,11.01282],[-74.84949,11.01657],[-74.85157,11.01716],[-74.85336,11.01731],[-74.90903,11.01047],[-74.91122,11.00999],[-74.91324,11.00918],[-74.926,11.00148],[-74.92824,11.00033],[-74.93,10.99982],[-74.94171,10.99749],[-74.94271,10.99674],[-74.94419,10.99453],[-74.94475,10.995],[-74.94655,10.99398],[-74.9477,10.99434],[-74.94921,10.9943],[-74.952,10.99292],[-74.95461,10.99413],[-74.95424,10.99481],[-74.95501,10.9952],[-74.95402,10.99695]]},"properties":{"id":"18352099657","date":"2026-05-02","name":"Dia 228","chapter":6,"chapter_slug":"caribe-colombiano","country":"CO","transport":"bicycle","distance_km":87.8,"elev_gain_m":229,"moving_time_s":20356,"points":194}},{"type":"Feature","geometry":{"type":"LineString","coordinates":[[-74.95436,10.99639],[-74.95797,10.99007],[-74.95689,10.99159],[-74.95402,10.99694],[-74.95371,10.9967],[-74.9539,10.99667],[-74.95402,10.99694],[-74.95418,10.99677],[-74.95788,10.99016],[-74.9592,10.98905],[-74.95876,10.98848],[-74.95824,10.98871],[-74.95775,10.98908],[-74.95774,10.98934],[-74.95872,10.98886],[-74.95791,10.98937],[-74.95758,10.98927],[-74.95631,10.99122],[-74.95584,10.99113],[-74.95393,10.98996],[-74.95143,10.9865],[-74.95023,10.98529],[-74.95009,10.98393],[-74.9493,10.98057],[-74.94841,10.98019],[-74.94749,10.97941],[-74.94686,10.97794],[-74.94701,10.97628],[-74.94659,10.97272],[-74.9467,10.97219],[-74.94734,10.97148],[-74.95151,10.96856],[-74.95307,10.96788],[-74.95686,10.96788],[-74.9595,10.96731],[-74.96795,10.96621],[-74.97018,10.96624],[-74.98678,10.96869],[-74.9927,10.96839],[-74.99442,10.96788],[-74.99566,10.9671],[-75.00004,10.96223],[-75.00131,10.95927],[-75.00325,10.95722],[-75.00361,10.95653],[-75.00414,10.9525],[-75.00353,10.94994],[-75.00356,10.94883],[-75.00397,10.94791],[-75.00626,10.94462],[-75.00807,10.94354],[-75.01275,10.94246],[-75.01421,10.94241],[-75.01717,10.94278],[-75.01861,10.94244],[-75.01976,10.94162],[-75.02339,10.93661],[-75.0239,10.93533],[-75.02382,10.93378],[-75.02125,10.92751],[-75.02076,10.92549],[-75.02089,10.92402],[-75.02214,10.91845],[-75.02309,10.91691],[-75.02732,10.9136],[-75.02818,10.91254],[-75.02877,10.9109],[-75.02961,10.90592],[-75.03021,10.90453],[-75.03586,10.89915],[-75.03929,10.89513],[-75.04226,10.89296],[-75.0434,10.89234],[-75.04746,10.8919],[-75.04929,10.89151],[-75.05931,10.88864],[-75.06285,10.88705],[-75.06661,10.88605],[-75.0678,10.88516],[-75.07192,10.88019],[-75.08182,10.87588],[-75.0899,10.86941],[-75.0959,10.86555],[-75.10442,10.86273],[-75.10975,10.85994],[-75.11168,10.85978],[-75.11679,10.86036],[-75.11825,10.8603],[-75.12379,10.858],[-75.12495,10.85713],[-75.12445,10.85764],[-75.1242,10.8578],[-75.12487,10.85723],[-75.12563,10.8562],[-75.12903,10.84872],[-75.12989,10.84749],[-75.13126,10.84658],[-75.13652,10.8448],[-75.13746,10.84414],[-75.13824,10.84324],[-75.14191,10.83461],[-75.14141,10.83512],[-75.14101,10.83516],[-75.14121,10.83501],[-75.14124,10.83515],[-75.14103,10.83518],[-75.14124,10.83512],[-75.14106,10.83514],[-75.14124,10.83492],[-75.14132,10.83503],[-75.14106,10.8352],[-75.14173,10.8351],[-75.14353,10.83095],[-75.14433,10.82995],[-75.14583,10.82913],[-75.15631,10.82588],[-75.15756,10.82539],[-75.15862,10.82467],[-75.16925,10.81103],[-75.24123,10.74468],[-75.24122,10.74482]]},"properties":{"id":"18366937675","date":"2026-05-03","name":"Pedalada na hora do almoço","chapter":6,"chapter_slug":"caribe-colombiano","country":"CO","transport":"bicycle","distance_km":52.3,"elev_gain_m":272,"moving_time_s":14088,"points":121}},{"type":"Feature","geometry":{"type":"LineString","coordinates":[[-75.24157,10.74457],[-75.24381,10.74469],[-75.24526,10.7464],[-75.24588,10.74744],[-75.24661,10.74785],[-75.2479,10.74815],[-75.24998,10.74916],[-75.25025,10.74908],[-75.25427,10.74239],[-75.25552,10.74165],[-75.25893,10.74068],[-75.26027,10.7394],[-75.26669,10.72808],[-75.27199,10.71612],[-75.27949,10.70485],[-75.28176,10.70198],[-75.2843,10.70011],[-75.3153,10.68065],[-75.32078,10.67689],[-75.32581,10.67474],[-75.33088,10.67424],[-75.33252,10.67364],[-75.33897,10.66759],[-75.34287,10.6615],[-75.34408,10.66041],[-75.34513,10.65995],[-75.34839,10.65912],[-75.35421,10.65804],[-75.3561,10.65813],[-75.36045,10.65903],[-75.36217,10.659],[-75.36689,10.65764],[-75.37282,10.65541],[-75.37968,10.65426],[-75.38138,10.65437],[-75.38553,10.65606],[-75.38784,10.65639],[-75.38965,10.65611],[-75.39426,10.65448],[-75.3954,10.6539],[-75.39628,10.65309],[-75.40213,10.64376],[-75.40435,10.64107],[-75.40422,10.64094],[-75.40451,10.64091],[-75.40532,10.64013],[-75.40773,10.63904],[-75.41157,10.6377],[-75.41893,10.6356],[-75.41983,10.63506],[-75.42568,10.62989],[-75.43518,10.62597],[-75.44749,10.62207],[-75.44864,10.62122],[-75.45123,10.61879],[-75.45256,10.61699],[-75.45279,10.61593],[-75.4526,10.61493],[-75.44997,10.60965],[-75.44874,10.60845],[-75.4465,10.6069],[-75.44545,10.60595],[-75.44481,10.60484],[-75.44464,10.60357],[-75.44903,10.58894],[-75.44939,10.58062],[-75.45149,10.57079],[-75.4528,10.56756],[-75.45324,10.56596],[-75.45291,10.56109],[-75.45351,10.55937],[-75.4584,10.54921],[-75.45878,10.54776],[-75.46012,10.53853],[-75.46417,10.52701],[-75.4688,10.51635],[-75.47095,10.512],[-75.47168,10.50955],[-75.47426,10.50363],[-75.48376,10.48888],[-75.48973,10.47861],[-75.49164,10.47672],[-75.49273,10.47745],[-75.49613,10.47316],[-75.49595,10.47333],[-75.4976,10.4719],[-75.49909,10.46988],[-75.498,10.46904],[-75.49797,10.46873],[-75.49911,10.46725],[-75.50624,10.45946],[-75.51012,10.45702],[-75.51534,10.45215],[-75.51671,10.45153],[-75.5165,10.45149],[-75.51672,10.45064],[-75.51719,10.44984],[-75.51768,10.44488],[-75.51794,10.44497],[-75.51788,10.44484],[-75.51792,10.44506],[-75.51794,10.44476],[-75.51905,10.44455],[-75.51874,10.44435],[-75.51842,10.44466],[-75.51748,10.44447],[-75.51814,10.4448],[-75.51764,10.44458],[-75.51852,10.44534],[-75.51787,10.44481],[-75.51766,10.44485],[-75.51779,10.44475],[-75.51788,10.44486],[-75.51758,10.44484],[-75.5179,10.44484],[-75.51765,10.44482],[-75.51788,10.44481],[-75.51773,10.44481],[-75.51799,10.44312],[-75.52151,10.44295],[-75.52387,10.44308],[-75.5256,10.44281],[-75.52482,10.44286],[-75.5256,10.44229],[-75.52561,10.44144],[-75.52653,10.43816],[-75.52834,10.43566],[-75.53489,10.43256],[-75.53656,10.43128],[-75.53745,10.42973],[-75.53795,10.4282],[-75.53877,10.42672],[-75.54042,10.42764],[-75.54124,10.42683],[-75.54238,10.4275],[-75.54333,10.42747],[-75.54428,10.42703],[-75.54696,10.42507],[-75.54855,10.42353],[-75.54893,10.42281],[-75.5493,10.42321],[-75.54957,10.42255],[-75.55025,10.42229],[-75.5503,10.42181],[-75.5508,10.42174],[-75.55089,10.42271],[-75.55123,10.423],[-75.55109,10.4231],[-75.5515,10.42325],[-75.55139,10.42348],[-75.55036,10.42345],[-75.55005,10.42206],[-75.55039,10.42177],[-75.55007,10.42208],[-75.54964,10.42182],[-75.54899,10.42244],[-75.54804,10.42177],[-75.54809,10.42192],[-75.54691,10.42194],[-75.54542,10.42228],[-75.54554,10.42338],[-75.54597,10.42374],[-75.54571,10.42323],[-75.54554,10.42335],[-75.54611,10.42339],[-75.54579,10.42344]]},"properties":{"id":"18377744518","date":"2026-05-04","name":"Dia 230","chapter":6,"chapter_slug":"caribe-colombiano","country":"CO","transport":"bicycle","distance_km":60.7,"elev_gain_m":322,"moving_time_s":24233,"points":166}},{"type":"Feature","geometry":{"type":"LineString","coordinates":[[-75.53267,10.41323],[-75.53359,10.41466],[-75.53432,10.41424],[-75.53499,10.41535],[-75.53631,10.41667],[-75.53933,10.41742],[-75.54126,10.41818],[-75.53993,10.42252],[-75.53994,10.42233],[-75.53976,10.42249],[-75.54043,10.42149],[-75.541,10.42183],[-75.54185,10.42274],[-75.54273,10.42298],[-75.54617,10.42208],[-75.54762,10.42198],[-75.54942,10.42333],[-75.54907,10.42401],[-75.54901,10.4243],[-75.54919,10.42435],[-75.55102,10.42437],[-75.551,10.42305],[-75.55087,10.42327],[-75.55088,10.42302],[-75.55068,10.42303],[-75.55085,10.42323],[-75.55094,10.4231],[-75.55052,10.42329],[-75.55053,10.42379],[-75.55075,10.42399],[-75.55176,10.42338],[-75.55151,10.42358],[-75.55066,10.42294],[-75.55076,10.42275],[-75.551,10.42329],[-75.55101,10.42252],[-75.55009,10.42239],[-75.55011,10.42215],[-75.54965,10.42178],[-75.54898,10.42242],[-75.54819,10.42178],[-75.54649,10.42197],[-75.54393,10.42263],[-75.54247,10.4225],[-75.54152,10.42217],[-75.54134,10.422],[-75.54176,10.42153],[-75.54173,10.42116],[-75.54132,10.4202],[-75.54074,10.41994],[-75.54115,10.41915],[-75.54131,10.41823],[-75.53931,10.41738],[-75.53767,10.41707],[-75.53623,10.41653],[-75.5351,10.41531],[-75.53384,10.41334],[-75.53307,10.41381],[-75.53253,10.41305],[-75.53265,10.41282],[-75.53238,10.41276],[-75.53256,10.41283],[-75.53242,10.41293],[-75.53305,10.41239],[-75.53247,10.413],[-75.53233,10.41234],[-75.53258,10.41264],[-75.53246,10.41287],[-75.53263,10.41313],[-75.53243,10.41281],[-75.53227,10.41307],[-75.5326,10.41295],[-75.53234,10.41297],[-75.53252,10.41307],[-75.53235,10.41326],[-75.53255,10.41284],[-75.53311,10.41309],[-75.53327,10.4129],[-75.53264,10.41286]]},"properties":{"id":"18388842544","date":"2026-05-05","name":"Pedalada matinal","chapter":6,"chapter_slug":"caribe-colombiano","country":"CO","transport":"bicycle","distance_km":8.5,"elev_gain_m":16,"moving_time_s":4371,"points":79}},{"type":"Feature","geometry":{"type":"LineString","coordinates":[[-75.53252,10.41308],[-75.53263,10.41301],[-75.53252,10.41314],[-75.53275,10.41341],[-75.53348,10.41284],[-75.53379,10.41329],[-75.5347,10.41286],[-75.53592,10.41484],[-75.53878,10.41279],[-75.53955,10.41365],[-75.54114,10.41208],[-75.54251,10.41306],[-75.54328,10.41388],[-75.5433,10.41363],[-75.5432,10.41392],[-75.54345,10.41439],[-75.54379,10.41444],[-75.54383,10.41371],[-75.54384,10.41432],[-75.54349,10.41441],[-75.54297,10.41344],[-75.54118,10.41207],[-75.53946,10.41119],[-75.53877,10.41023],[-75.53839,10.41002],[-75.53788,10.41014],[-75.53744,10.40917],[-75.53529,10.41007],[-75.53298,10.41135],[-75.53314,10.41205],[-75.53226,10.41256],[-75.53256,10.41287]]},"properties":{"id":"18392712551","date":"2026-05-05","name":"Pedalada vespertina","chapter":6,"chapter_slug":"caribe-colombiano","country":"CO","transport":"bicycle","distance_km":3.9,"elev_gain_m":4,"moving_time_s":1885,"points":32}},{"type":"Feature","geometry":{"type":"LineString","coordinates":[[-75.53268,10.41328],[-75.53304,10.41379],[-75.53386,10.41341],[-75.53534,10.41576],[-75.53633,10.41669],[-75.53737,10.41705],[-75.53934,10.41742],[-75.54159,10.41827],[-75.54315,10.4169],[-75.54371,10.41688],[-75.54595,10.41838],[-75.54839,10.42108],[-75.54802,10.4216],[-75.54899,10.42241],[-75.55044,10.42068],[-75.55135,10.41992],[-75.55175,10.41927],[-75.55193,10.4195],[-75.55233,10.41936],[-75.55255,10.4189],[-75.55108,10.41498],[-75.55186,10.40878],[-75.55564,10.4043],[-75.55661,10.40278],[-75.55857,10.4009],[-75.56101,10.3992],[-75.56171,10.39836],[-75.56269,10.39763],[-75.563,10.39672],[-75.56293,10.39574],[-75.56184,10.3943],[-75.56105,10.39403],[-75.5603,10.39403],[-75.56039,10.39388],[-75.56031,10.39405],[-75.56064,10.39414],[-75.56068,10.39367],[-75.56062,10.3941],[-75.56028,10.39412],[-75.55993,10.39494],[-75.5581,10.39403],[-75.55782,10.39369],[-75.55812,10.39404],[-75.55941,10.39475],[-75.56132,10.39506],[-75.562,10.39537],[-75.56237,10.39615],[-75.56216,10.39703],[-75.56164,10.39732],[-75.56064,10.39718],[-75.55711,10.39974],[-75.55527,10.40148],[-75.55293,10.40444],[-75.55128,10.40613],[-75.55197,10.40686],[-75.55086,10.40814],[-75.55067,10.40865],[-75.55013,10.41428],[-75.55179,10.41792],[-75.55191,10.41869],[-75.55146,10.41984],[-75.55048,10.42061],[-75.5491,10.42242],[-75.54882,10.42241],[-75.54807,10.42165],[-75.54887,10.42059],[-75.54759,10.41927],[-75.54583,10.42083],[-75.54529,10.4207],[-75.5456,10.4197],[-75.54472,10.41939],[-75.54461,10.419],[-75.54531,10.41794],[-75.54197,10.41564],[-75.54135,10.41496],[-75.53963,10.41371],[-75.53885,10.4127],[-75.53811,10.41096],[-75.53378,10.41329],[-75.5324,10.41436],[-75.53206,10.41404],[-75.53276,10.41344],[-75.53248,10.41295],[-75.53271,10.41303],[-75.53244,10.41299],[-75.53262,10.41299],[-75.53254,10.41285]]},"properties":{"id":"18401622594","date":"2026-05-06","name":"Pedalada matinal","chapter":6,"chapter_slug":"caribe-colombiano","country":"CO","transport":"bicycle","distance_km":15.1,"elev_gain_m":22,"moving_time_s":4078,"points":87}},{"type":"Feature","geometry":{"type":"LineString","coordinates":[[-75.53287,10.41351],[-75.53302,10.41389],[-75.53184,10.41475],[-75.52939,10.41277],[-75.52639,10.4124],[-75.52398,10.41067],[-75.52344,10.40999],[-75.5221,10.41044],[-75.52199,10.4109],[-75.52108,10.41191],[-75.52113,10.41245],[-75.52083,10.41298],[-75.5183,10.41184],[-75.51727,10.41187],[-75.51552,10.41066],[-75.51401,10.41008],[-75.51299,10.40993],[-75.51082,10.41012],[-75.50894,10.40994],[-75.49684,10.40764],[-75.49636,10.40927],[-75.492,10.40848],[-75.49229,10.40694],[-75.4919,10.4067],[-75.48952,10.40633],[-75.48607,10.40538],[-75.48434,10.40605],[-75.48112,10.40611],[-75.48045,10.40586],[-75.47827,10.40419],[-75.47635,10.40355],[-75.474,10.40226],[-75.46835,10.40001],[-75.46718,10.40003],[-75.46469,10.40104],[-75.46336,10.39765],[-75.45976,10.39606],[-75.45954,10.39617],[-75.45957,10.3967],[-75.45906,10.39753],[-75.46057,10.39923],[-75.46082,10.39976],[-75.45994,10.40025],[-75.4601,10.40049],[-75.45992,10.40206],[-75.45961,10.40186],[-75.45963,10.40143],[-75.45896,10.40096],[-75.45908,10.40082]]},"properties":{"id":"18404956069","date":"2026-05-06","name":"Pedalada vespertina","chapter":6,"chapter_slug":"caribe-colombiano","country":"CO","transport":"bicycle","distance_km":10.6,"elev_gain_m":32,"moving_time_s":2495,"points":49}},{"type":"Feature","geometry":{"type":"LineString","coordinates":[[-75.57149,6.27803],[-75.57184,6.27716],[-75.57176,6.27689],[-75.57135,6.2765],[-75.57066,6.27634],[-75.57097,6.27472],[-75.57076,6.27408],[-75.57309,6.26392],[-75.57412,6.26126],[-75.57609,6.2573],[-75.5779,6.25403],[-75.57873,6.25295],[-75.57934,6.25162],[-75.57963,6.25163],[-75.58135,6.25301],[-75.58181,6.25319],[-75.58234,6.25326],[-75.58258,6.25311],[-75.58365,6.2535],[-75.58524,6.25344],[-75.58706,6.25422],[-75.58898,6.2541],[-75.58953,6.25385],[-75.5909,6.25406],[-75.59164,6.25462],[-75.59211,6.25569],[-75.59213,6.25612],[-75.59171,6.25693],[-75.59148,6.25685],[-75.5918,6.25683],[-75.59215,6.25591],[-75.59164,6.25459],[-75.59091,6.25397],[-75.59001,6.25381],[-75.58925,6.25382],[-75.58902,6.2541],[-75.5889,6.25398],[-75.5885,6.25416],[-75.58807,6.25478],[-75.58844,6.25495],[-75.58792,6.25531],[-75.58795,6.25565],[-75.58831,6.25586],[-75.5885,6.25643],[-75.58832,6.25594],[-75.58754,6.25612],[-75.5875,6.25655],[-75.5878,6.2568],[-75.58755,6.2566],[-75.5876,6.25672],[-75.58711,6.25689],[-75.58688,6.25744],[-75.58626,6.25785],[-75.58137,6.25557],[-75.58107,6.25596],[-75.58076,6.25585],[-75.5739,6.25228],[-75.57382,6.2525],[-75.57453,6.25298],[-75.57282,6.25611],[-75.5722,6.25674],[-75.57148,6.2569],[-75.56637,6.25604],[-75.5649,6.25934],[-75.56142,6.25724],[-75.55755,6.25453],[-75.55651,6.25586],[-75.55596,6.25555],[-75.55498,6.25652],[-75.55432,6.2562],[-75.55279,6.25807],[-75.55178,6.25739],[-75.55145,6.25699],[-75.55141,6.25662],[-75.55054,6.25588],[-75.55031,6.25582],[-75.54999,6.25607],[-75.54953,6.25569],[-75.54961,6.25551],[-75.55015,6.25583],[-75.55002,6.25569],[-75.5502,6.25538],[-75.55076,6.25486],[-75.55176,6.25543],[-75.55751,6.25957],[-75.5572,6.26126],[-75.5589,6.26165],[-75.55888,6.26242],[-75.56021,6.26268]]},"properties":{"id":"18418515654","date":"2026-05-07","name":"Pedalada na hora do almoço","chapter":7,"chapter_slug":"eje-cafetero","country":"CO","transport":"bicycle","distance_km":14.2,"elev_gain_m":284,"moving_time_s":5505,"points":89}},{"type":"Feature","geometry":{"type":"LineString","coordinates":[[-75.55003,6.25565],[-75.55072,6.2547],[-75.55244,6.25583],[-75.5538,6.25399],[-75.55477,6.25331],[-75.55851,6.24752],[-75.55893,6.2479],[-75.55942,6.24805],[-75.56009,6.24755],[-75.56046,6.24749],[-75.56172,6.2482],[-75.56484,6.24914],[-75.56692,6.25047],[-75.56733,6.25102],[-75.56765,6.25115],[-75.56802,6.25103],[-75.56974,6.2474],[-75.56986,6.24744],[-75.57064,6.24469],[-75.57003,6.24409],[-75.57445,6.23362],[-75.5745,6.23287],[-75.57427,6.23276],[-75.5742,6.23227],[-75.5744,6.23085],[-75.57426,6.23062],[-75.57469,6.22834],[-75.57529,6.22066],[-75.57613,6.21506],[-75.5775,6.20041],[-75.57895,6.19619],[-75.5794,6.19532],[-75.57993,6.19483],[-75.57982,6.19396],[-75.58043,6.19056],[-75.58182,6.18726],[-75.58271,6.18609],[-75.58313,6.18595],[-75.58416,6.18703],[-75.58591,6.18577],[-75.58841,6.18338],[-75.5916,6.17842],[-75.59297,6.17673],[-75.59518,6.17516],[-75.59543,6.17466],[-75.59592,6.17462],[-75.59902,6.1724],[-75.60113,6.17056],[-75.60195,6.16916],[-75.60304,6.16427],[-75.60442,6.16293],[-75.60435,6.16252],[-75.60525,6.16353],[-75.60697,6.16658],[-75.60697,6.16678],[-75.60605,6.16739],[-75.60664,6.16823],[-75.62408,6.1558],[-75.62805,6.15457],[-75.63005,6.15355],[-75.6346,6.15208],[-75.63596,6.15077],[-75.63638,6.14873],[-75.63609,6.14806],[-75.63515,6.14788],[-75.63476,6.14762],[-75.63453,6.14632],[-75.63379,6.14597],[-75.63347,6.14497],[-75.63344,6.14407],[-75.63386,6.14329],[-75.63359,6.14234],[-75.63363,6.14014],[-75.63386,6.13962],[-75.6344,6.1391],[-75.63472,6.1377],[-75.63432,6.13682],[-75.63451,6.13594],[-75.63447,6.13373],[-75.63356,6.13288],[-75.63334,6.12966],[-75.63276,6.12805],[-75.63293,6.12761],[-75.63359,6.12728],[-75.6338,6.1265],[-75.63437,6.12588],[-75.63441,6.12463],[-75.63469,6.12395],[-75.63451,6.12243],[-75.63485,6.12185],[-75.63435,6.12085],[-75.63458,6.11946],[-75.6345,6.11813],[-75.63537,6.1174],[-75.63581,6.11617],[-75.63657,6.11583],[-75.63681,6.11528],[-75.63736,6.11475],[-75.63643,6.11304],[-75.63674,6.1124],[-75.63662,6.11141],[-75.63693,6.10965],[-75.63621,6.10877],[-75.63593,6.1075],[-75.63588,6.1079],[-75.63665,6.10587],[-75.63631,6.10414],[-75.63661,6.10268],[-75.63635,6.10192],[-75.63622,6.10005],[-75.63718,6.09812],[-75.63738,6.09729],[-75.63708,6.09734],[-75.63721,6.09698],[-75.63678,6.09671],[-75.63639,6.09595],[-75.63618,6.09259],[-75.63588,6.09187],[-75.63572,6.09193],[-75.63595,6.09185],[-75.63608,6.09145],[-75.63578,6.08524],[-75.63566,6.08466],[-75.63508,6.08389],[-75.63459,6.08206],[-75.63449,6.08073],[-75.63455,6.07993],[-75.63537,6.07832],[-75.63513,6.07784],[-75.63517,6.07739],[-75.63474,6.07678],[-75.63523,6.07611],[-75.63466,6.07525],[-75.63481,6.07432],[-75.63435,6.07329],[-75.63437,6.07013],[-75.63476,6.06971],[-75.6348,6.06914],[-75.63583,6.06824],[-75.63499,6.06873],[-75.63447,6.06863],[-75.634,6.06888],[-75.63336,6.06853],[-75.63329,6.06767],[-75.63387,6.06689],[-75.63354,6.06564],[-75.63357,6.06393],[-75.63317,6.06322],[-75.63241,6.06258],[-75.63207,6.06176],[-75.63214,6.06109],[-75.63158,6.06005],[-75.63121,6.0596],[-75.63016,6.05926],[-75.63007,6.05832],[-75.62981,6.05826],[-75.63008,6.05748],[-75.62944,6.05612],[-75.62924,6.05513],[-75.6298,6.05246],[-75.62924,6.0511],[-75.62942,6.05014],[-75.629,6.04908],[-75.62943,6.04806],[-75.6293,6.047],[-75.63034,6.04616],[-75.6301,6.04518],[-75.62941,6.04415],[-75.62966,6.04175],[-75.62922,6.04121],[-75.62909,6.04059],[-75.62854,6.04011],[-75.62791,6.03889],[-75.62677,6.03799],[-75.62593,6.03641],[-75.62506,6.03527],[-75.62452,6.03489],[-75.62456,6.03464],[-75.62519,6.03463],[-75.62534,6.03438],[-75.62448,6.03315],[-75.62395,6.03295],[-75.62352,6.03244],[-75.62376,6.03182],[-75.62339,6.03141],[-75.62374,6.03105],[-75.62306,6.03023],[-75.62305,6.02972],[-75.6227,6.02944],[-75.6226,6.02908],[-75.62126,6.02854],[-75.62113,6.02785],[-75.62049,6.02674],[-75.62045,6.0263],[-75.6208,6.02582],[-75.62019,6.02494],[-75.62087,6.02371],[-75.6209,6.02314],[-75.61922,6.02041],[-75.61928,6.02012],[-75.61965,6.01983],[-75.61979,6.01904],[-75.61924,6.01861],[-75.61866,6.01868],[-75.6184,6.01853],[-75.61829,6.0177],[-75.61781,6.01683],[-75.61773,6.01608],[-75.61732,6.01513],[-75.61668,6.0146],[-75.61689,6.01356],[-75.61668,6.01294],[-75.61714,6.01244],[-75.61695,6.01138],[-75.61711,6.01051],[-75.61749,6.00977],[-75.61706,6.00842],[-75.61707,6.00695],[-75.6164,6.00653],[-75.61636,6.00583],[-75.61532,6.00444],[-75.61572,6.00357],[-75.61538,6.00308],[-75.61516,6.00216],[-75.61562,6.0014],[-75.61548,6.00122],[-75.61492,6.0012],[-75.6141,5.99867],[-75.6146,5.99737],[-75.61456,5.99682],[-75.61427,5.99669],[-75.61394,5.99723],[-75.6136,5.99724],[-75.61331,5.99579],[-75.61257,5.9947],[-75.61183,5.99309],[-75.6125,5.99214],[-75.61225,5.99201],[-75.61185,5.9922],[-75.61161,5.99205],[-75.61098,5.98958],[-75.6117,5.98862],[-75.61074,5.98813],[-75.61014,5.9872],[-75.60996,5.98616],[-75.60913,5.98572],[-75.60865,5.98496],[-75.60821,5.98492],[-75.60826,5.98476],[-75.60804,5.98471],[-75.6081,5.98488],[-75.60797,5.98475],[-75.60814,5.98474],[-75.60806,5.98463],[-75.60812,5.98483],[-75.60809,5.98462],[-75.60821,5.98484],[-75.60796,5.98469],[-75.60802,5.9848],[-75.60676,5.98544],[-75.60671,5.98611],[-75.60619,5.98642],[-75.606,5.98633],[-75.606,5.98588],[-75.60573,5.98552],[-75.60502,5.98534],[-75.60504,5.98485],[-75.60464,5.98445],[-75.60466,5.98368],[-75.60396,5.98313],[-75.60398,5.98266],[-75.60358,5.98228],[-75.60353,5.98143],[-75.60294,5.98061],[-75.60216,5.97979],[-75.60129,5.97967],[-75.60087,5.97999],[-75.60059,5.97989],[-75.60035,5.97934],[-75.60052,5.97877],[-75.60091,5.97829],[-75.60013,5.97702],[-75.59985,5.97688],[-75.59861,5.97703],[-75.59846,5.97592],[-75.59752,5.9758],[-75.59764,5.97532],[-75.59735,5.97479],[-75.59774,5.97411],[-75.5976,5.97359],[-75.59725,5.97334],[-75.59658,5.97355],[-75.59613,5.97332],[-75.59623,5.97211],[-75.59447,5.97033],[-75.59395,5.96823],[-75.59321,5.968],[-75.59219,5.96729],[-75.59189,5.96651],[-75.59185,5.96664],[-75.5895,5.96562],[-75.58745,5.96364],[-75.58718,5.96272],[-75.58658,5.96164],[-75.5869,5.96075],[-75.58686,5.95998],[-75.58657,5.95924],[-75.58672,5.95867],[-75.58622,5.95724],[-75.5856,5.95633],[-75.58582,5.95469],[-75.58497,5.95396],[-75.58444,5.95303],[-75.58476,5.95108],[-75.58454,5.94894],[-75.58428,5.94808],[-75.58433,5.94716],[-75.5839,5.9464],[-75.58377,5.94538],[-75.58391,5.94315],[-75.58422,5.94174],[-75.5841,5.94011],[-75.58459,5.93954],[-75.58458,5.93834],[-75.58344,5.93723],[-75.58209,5.93541],[-75.58161,5.93315],[-75.58122,5.93234],[-75.58066,5.9321],[-75.58008,5.931],[-75.57899,5.93041],[-75.57867,5.92994],[-75.57852,5.92774],[-75.57806,5.9269],[-75.57757,5.92485],[-75.57776,5.9227],[-75.57828,5.92126],[-75.57864,5.92102],[-75.57884,5.92056],[-75.57876,5.91918],[-75.57846,5.91839],[-75.57891,5.91693],[-75.578,5.9149],[-75.57714,5.9143],[-75.57648,5.9128],[-75.57579,5.91216],[-75.57585,5.91123],[-75.57536,5.91067],[-75.5753,5.91012],[-75.57499,5.90975],[-75.57546,5.90904],[-75.57489,5.90798],[-75.57478,5.90738],[-75.5748,5.90683],[-75.57515,5.90624],[-75.57469,5.90485],[-75.57527,5.9044],[-75.57476,5.90381],[-75.5746,5.90319],[-75.57497,5.90238],[-75.57481,5.90169],[-75.5752,5.9013],[-75.57504,5.90072],[-75.5744,5.90047],[-75.57364,5.90067],[-75.57335,5.89983],[-75.57279,5.90033],[-75.57224,5.90016],[-75.57198,5.89982],[-75.57234,5.89868],[-75.5723,5.89598],[-75.57263,5.8952],[-75.57217,5.89439],[-75.57223,5.89375],[-75.57197,5.89289],[-75.57206,5.89227],[-75.57178,5.8917],[-75.5718,5.89051],[-75.57138,5.88858],[-75.57222,5.88717],[-75.57295,5.88655],[-75.57256,5.88477],[-75.5721,5.88432],[-75.57131,5.88285],[-75.57137,5.88187],[-75.5711,5.88102],[-75.57028,5.88058],[-75.56988,5.87998],[-75.56891,5.87935],[-75.56867,5.87885],[-75.56767,5.87796],[-75.56752,5.87758],[-75.56775,5.87703],[-75.56768,5.87673],[-75.56715,5.87652],[-75.56627,5.87692],[-75.56598,5.87687],[-75.56592,5.87602],[-75.56628,5.87544],[-75.56579,5.87473],[-75.56603,5.87374],[-75.56579,5.87356],[-75.56529,5.8737],[-75.56503,5.87319],[-75.56549,5.87227],[-75.56541,5.87193],[-75.5641,5.87151],[-75.56378,5.87108],[-75.5633,5.87104],[-75.5625,5.87062],[-75.56231,5.86984],[-75.56136,5.86927],[-75.56128,5.86814],[-75.56068,5.86761],[-75.5603,5.8675],[-75.55923,5.86808],[-75.55872,5.86787],[-75.55879,5.86725],[-75.55964,5.86699],[-75.55974,5.8668],[-75.55944,5.86587],[-75.55943,5.86494],[-75.55902,5.86454],[-75.55927,5.86395],[-75.55928,5.86251],[-75.55872,5.86205],[-75.55788,5.86204],[-75.55699,5.86111],[-75.55648,5.86102],[-75.55603,5.86038],[-75.55542,5.86032],[-75.55436,5.86056],[-75.55411,5.86034],[-75.55418,5.86005],[-75.55459,5.85996],[-75.55481,5.8597],[-75.55484,5.8585],[-75.55538,5.85747],[-75.55568,5.85631],[-75.55657,5.85581],[-75.55643,5.85574],[-75.55652,5.85591],[-75.55692,5.85587],[-75.55715,5.85543],[-75.55737,5.85539],[-75.55828,5.85637],[-75.55805,5.85726],[-75.55882,5.85778],[-75.55902,5.85831],[-75.55968,5.85869],[-75.55969,5.85917],[-75.56029,5.85968],[-75.56064,5.86086],[-75.56101,5.86143],[-75.56181,5.86151],[-75.5628,5.8629],[-75.56326,5.86287],[-75.56363,5.86261],[-75.56401,5.86284],[-75.5646,5.86273],[-75.56497,5.86315],[-75.56556,5.86271],[-75.56624,5.86288],[-75.56684,5.86382],[-75.5684,5.8653],[-75.56857,5.86454],[-75.56831,5.86362],[-75.56934,5.86309],[-75.56948,5.86254],[-75.56995,5.86192],[-75.57017,5.86061],[-75.57016,5.86014],[-75.56951,5.85963],[-75.56917,5.85868],[-75.56953,5.85732],[-75.5692,5.85596],[-75.56953,5.8554],[-75.56904,5.85415],[-75.56954,5.85377],[-75.56954,5.85239],[-75.57053,5.8521],[-75.57028,5.851],[-75.57053,5.85004],[-75.57079,5.84997],[-75.57206,5.85113],[-75.57317,5.85078],[-75.57386,5.85136],[-75.57391,5.85187],[-75.57418,5.8519],[-75.575,5.84957],[-75.57616,5.84979],[-75.57646,5.84957],[-75.5765,5.84859],[-75.57589,5.84787],[-75.57637,5.8469],[-75.57817,5.84564],[-75.57871,5.84545],[-75.57918,5.84555],[-75.57944,5.84533],[-75.57764,5.84297],[-75.57677,5.84263],[-75.57663,5.84239],[-75.57819,5.8418],[-75.57842,5.84078],[-75.57887,5.84008],[-75.57909,5.84017],[-75.57928,5.84091],[-75.58052,5.84149],[-75.58254,5.84051],[-75.58289,5.83941],[-75.58346,5.83911],[-75.58445,5.83786],[-75.58357,5.83644],[-75.58363,5.83565],[-75.5834,5.83521],[-75.58353,5.83473],[-75.58407,5.83489],[-75.58485,5.83437],[-75.58661,5.83491],[-75.58946,5.83545],[-75.5902,5.83492],[-75.59089,5.83354],[-75.59115,5.8323],[-75.59059,5.83128],[-75.59069,5.83045],[-75.59024,5.82901],[-75.58953,5.82815],[-75.58931,5.82745],[-75.58957,5.8259],[-75.58998,5.82503],[-75.59039,5.82456],[-75.5911,5.82435],[-75.59139,5.82384],[-75.59115,5.82317],[-75.5904,5.82268],[-75.58931,5.82109],[-75.59023,5.82024],[-75.59089,5.81917],[-75.59106,5.81856],[-75.59081,5.81779],[-75.59139,5.81745],[-75.59154,5.8167],[-75.59092,5.81556],[-75.59082,5.81428],[-75.59054,5.81367],[-75.59065,5.81339],[-75.5913,5.81294],[-75.59136,5.81252],[-75.59118,5.81216],[-75.59057,5.81194],[-75.59024,5.8115],[-75.5908,5.81038],[-75.59142,5.81033],[-75.59164,5.81004],[-75.59141,5.80973],[-75.59051,5.80942],[-75.59019,5.80836],[-75.59181,5.80787],[-75.5925,5.80696],[-75.5918,5.80673],[-75.59177,5.80648],[-75.59315,5.80596],[-75.59314,5.80526],[-75.59348,5.80442],[-75.59346,5.80393],[-75.59324,5.80339],[-75.59259,5.80285],[-75.59325,5.80228],[-75.59411,5.80211],[-75.59486,5.8029],[-75.59597,5.80311],[-75.59656,5.80351],[-75.59778,5.80339],[-75.59834,5.80385],[-75.59949,5.80389],[-75.60049,5.80344],[-75.60072,5.80314],[-75.60084,5.80187],[-75.60137,5.79992],[-75.6005,5.79781],[-75.60077,5.79744],[-75.60144,5.79708],[-75.60177,5.79657],[-75.60208,5.79547],[-75.60202,5.79378],[-75.60315,5.79334],[-75.60364,5.79269],[-75.60327,5.79098],[-75.60263,5.79051],[-75.60346,5.7897],[-75.60337,5.7872],[-75.60449,5.78464],[-75.60441,5.78361],[-75.6036,5.78202],[-75.60403,5.78129],[-75.60401,5.78013],[-75.60449,5.77937],[-75.60471,5.77848],[-75.60485,5.77741],[-75.6047,5.7758],[-75.60568,5.77463],[-75.60571,5.77375],[-75.60541,5.77255],[-75.60619,5.77196],[-75.60647,5.77138],[-75.60637,5.77105],[-75.60583,5.77063],[-75.60525,5.76837],[-75.6041,5.76704],[-75.60374,5.76576],[-75.60379,5.7647],[-75.60446,5.76377],[-75.60437,5.76201],[-75.60495,5.76054],[-75.60693,5.76005],[-75.608,5.75921],[-75.60869,5.75824],[-75.61007,5.75772],[-75.61028,5.75647],[-75.61116,5.75612],[-75.61137,5.75583],[-75.61047,5.75426],[-75.6088,5.75436],[-75.60812,5.75404],[-75.60889,5.75288],[-75.60881,5.75132],[-75.60856,5.75094],[-75.60699,5.75052],[-75.60668,5.74881],[-75.60585,5.7477],[-75.60629,5.74564],[-75.60578,5.74759],[-75.60595,5.74791],[-75.60609,5.74753],[-75.60646,5.74735],[-75.60721,5.74766],[-75.60716,5.74833],[-75.60736,5.74852]]},"properties":{"id":"18483904700","date":"2026-05-12","name":"Dia 238","chapter":7,"chapter_slug":"eje-cafetero","country":"CO","transport":"bicycle","distance_km":85.1,"elev_gain_m":1390,"moving_time_s":22545,"points":638}},{"type":"Feature","geometry":{"type":"LineString","coordinates":[[-75.60732,5.74836],[-75.60738,5.74768],[-75.606,5.74703],[-75.60715,5.74299],[-75.6071,5.74172],[-75.60664,5.74084],[-75.60506,5.73911],[-75.60587,5.74],[-75.60664,5.74013],[-75.6058,5.73989],[-75.60129,5.73431],[-75.60087,5.7333],[-75.6004,5.72992],[-75.60116,5.72691],[-75.60014,5.724],[-75.6,5.72262],[-75.6006,5.72001],[-75.60037,5.71714],[-75.59967,5.71526],[-75.59736,5.71348],[-75.59673,5.71199],[-75.59676,5.71126],[-75.59718,5.70988],[-75.59892,5.70589],[-75.59927,5.70317],[-75.5993,5.70029],[-75.60017,5.69799],[-75.60054,5.69613],[-75.60035,5.6928],[-75.59977,5.69008],[-75.59999,5.68681],[-75.59944,5.68501],[-75.59976,5.68391],[-75.60097,5.68134],[-75.60103,5.68051],[-75.60083,5.67976],[-75.60031,5.67893],[-75.59954,5.67832],[-75.59878,5.67805],[-75.59668,5.67778],[-75.59464,5.67664],[-75.5928,5.67601],[-75.5912,5.67475],[-75.59071,5.67467],[-75.59048,5.67433],[-75.58886,5.67354],[-75.58685,5.673],[-75.58316,5.6726],[-75.58113,5.67197],[-75.57904,5.67081],[-75.57668,5.67054],[-75.57576,5.67023],[-75.57508,5.66975],[-75.57438,5.66885],[-75.57348,5.6674],[-75.57323,5.66656],[-75.57318,5.66507],[-75.57356,5.66387],[-75.57411,5.66296],[-75.57571,5.66128],[-75.57939,5.65873],[-75.58217,5.65845],[-75.58651,5.65596],[-75.58757,5.65403],[-75.58916,5.65285],[-75.59028,5.65164],[-75.59055,5.65117],[-75.5909,5.64934],[-75.59206,5.64805],[-75.59249,5.64642],[-75.59211,5.64536],[-75.59115,5.64391],[-75.59063,5.64045],[-75.58992,5.63835],[-75.59015,5.63733],[-75.59171,5.63507],[-75.59179,5.63381],[-75.59132,5.63281],[-75.58973,5.63139],[-75.58892,5.63096],[-75.58748,5.6306],[-75.58692,5.63016],[-75.5865,5.62942],[-75.58645,5.62836],[-75.58708,5.62661],[-75.58707,5.62515],[-75.58689,5.62424],[-75.58613,5.62304],[-75.58593,5.62236],[-75.58626,5.62022],[-75.58564,5.61658],[-75.58549,5.61423],[-75.58504,5.61309],[-75.5836,5.61085],[-75.58383,5.60844],[-75.58247,5.60588],[-75.58224,5.6021],[-75.58103,5.59446],[-75.58098,5.59207],[-75.5798,5.58964],[-75.57968,5.58777],[-75.57901,5.58645],[-75.57831,5.58413],[-75.5774,5.58251],[-75.57763,5.57938],[-75.57712,5.57733],[-75.57576,5.57472],[-75.57576,5.57377],[-75.57778,5.5653],[-75.57714,5.55967],[-75.57697,5.55953],[-75.57689,5.55783],[-75.57719,5.55608],[-75.5768,5.54958],[-75.57656,5.54887],[-75.57536,5.54705],[-75.57456,5.54511],[-75.57294,5.54371],[-75.57151,5.54291],[-75.57097,5.54234],[-75.56992,5.53923],[-75.56988,5.53797],[-75.57052,5.53574],[-75.5706,5.53478],[-75.57031,5.53097],[-75.56983,5.52874],[-75.56986,5.52321],[-75.57027,5.52222],[-75.57165,5.52058],[-75.57994,5.51574],[-75.58101,5.51437],[-75.58184,5.51234],[-75.58191,5.51158],[-75.58158,5.50993],[-75.58199,5.50816],[-75.582,5.50738],[-75.58105,5.50389],[-75.58012,5.50156],[-75.57905,5.49662],[-75.57909,5.49198],[-75.57884,5.4912],[-75.57774,5.48976],[-75.57725,5.48873],[-75.5766,5.48721],[-75.5765,5.4862],[-75.57688,5.48534],[-75.5781,5.48432],[-75.57873,5.48342],[-75.58017,5.47909],[-75.5803,5.47058],[-75.58099,5.46582],[-75.58041,5.46208],[-75.58089,5.46106],[-75.58218,5.46012],[-75.58289,5.45929],[-75.58314,5.45815],[-75.58264,5.45575],[-75.58306,5.45356],[-75.58306,5.45261],[-75.58252,5.45059],[-75.58255,5.44971],[-75.58222,5.44951],[-75.58265,5.44962],[-75.58249,5.44969],[-75.58279,5.44954],[-75.58326,5.44899],[-75.58493,5.44791],[-75.58536,5.44738],[-75.58562,5.44614],[-75.58537,5.44414],[-75.58576,5.44206],[-75.58681,5.43984],[-75.58707,5.4382],[-75.58817,5.43426],[-75.58946,5.43177],[-75.58993,5.43123],[-75.59098,5.43055],[-75.59176,5.42914],[-75.59184,5.42585],[-75.59293,5.4209],[-75.5934,5.4194],[-75.59531,5.41563],[-75.59561,5.4115],[-75.59738,5.40845],[-75.59742,5.40775],[-75.59673,5.40438],[-75.59678,5.40188],[-75.59887,5.39698],[-75.59937,5.39403],[-75.60066,5.38959],[-75.60082,5.38845],[-75.60144,5.38729],[-75.60041,5.38569],[-75.60145,5.38713],[-75.60231,5.38661],[-75.60285,5.3859],[-75.60375,5.38387],[-75.6057,5.3827],[-75.60773,5.38036],[-75.60948,5.37779],[-75.61141,5.37673],[-75.61205,5.37603],[-75.61328,5.37228],[-75.61447,5.36937],[-75.61498,5.36464],[-75.61653,5.36056],[-75.61667,5.35531],[-75.61684,5.35431],[-75.61996,5.34903],[-75.62149,5.34769],[-75.6223,5.3467],[-75.62324,5.34502],[-75.62496,5.34357],[-75.62559,5.34197],[-75.62613,5.34131],[-75.6268,5.34098],[-75.62848,5.34058],[-75.63087,5.34065],[-75.63339,5.34003],[-75.63511,5.33865],[-75.63577,5.33783],[-75.63736,5.33451],[-75.63779,5.33263],[-75.63766,5.33109],[-75.63699,5.32884],[-75.63749,5.32631],[-75.63766,5.32386],[-75.63725,5.32147],[-75.63633,5.31833],[-75.63613,5.31408],[-75.63634,5.3128],[-75.63762,5.30922],[-75.63919,5.30647],[-75.63963,5.30603],[-75.64031,5.30573],[-75.64162,5.30584],[-75.64382,5.30732],[-75.64573,5.30799],[-75.65045,5.30794],[-75.6517,5.30754],[-75.65261,5.30682],[-75.65385,5.30461],[-75.65695,5.29761],[-75.65935,5.29569],[-75.66252,5.29151],[-75.6633,5.28942],[-75.66441,5.28131],[-75.6647,5.28095],[-75.66597,5.28035],[-75.66685,5.27966],[-75.66781,5.27645],[-75.66728,5.2721],[-75.66632,5.27089],[-75.66538,5.27059],[-75.66643,5.27107],[-75.6669,5.27165],[-75.66676,5.27183]]},"properties":{"id":"18495884454","date":"2026-05-13","name":"Dia 239","chapter":7,"chapter_slug":"eje-cafetero","country":"CO","transport":"bicycle","distance_km":65.8,"elev_gain_m":744,"moving_time_s":16059,"points":257}},{"type":"Feature","geometry":{"type":"LineString","coordinates":[[-75.66707,5.2686],[-75.66631,5.2696],[-75.66601,5.27057],[-75.66434,5.27031],[-75.66387,5.27058],[-75.66421,5.27399],[-75.66395,5.2743],[-75.66127,5.27317],[-75.6591,5.2701],[-75.65879,5.26871],[-75.65928,5.2657],[-75.65851,5.25952],[-75.65813,5.25856],[-75.65835,5.25886],[-75.65848,5.25866],[-75.65831,5.25884],[-75.65698,5.25687],[-75.65586,5.25201],[-75.6547,5.25061],[-75.65029,5.24382],[-75.65024,5.24266],[-75.65084,5.24135],[-75.65089,5.24085],[-75.64984,5.23779],[-75.65002,5.23568],[-75.64978,5.23428],[-75.64898,5.23323],[-75.64601,5.23222],[-75.64509,5.23153],[-75.64414,5.22913],[-75.64245,5.22683],[-75.64238,5.22474],[-75.64214,5.22397],[-75.64044,5.22243],[-75.64015,5.22185],[-75.63999,5.2208],[-75.6401,5.22021],[-75.64153,5.21865],[-75.64191,5.21734],[-75.64074,5.20973],[-75.63947,5.20625],[-75.63939,5.20219],[-75.63988,5.20037],[-75.64085,5.19914],[-75.64237,5.19826],[-75.6468,5.19623],[-75.64774,5.19551],[-75.64834,5.19464],[-75.64963,5.19175],[-75.65013,5.19112],[-75.65036,5.1889],[-75.65078,5.18802],[-75.65305,5.18507],[-75.6536,5.18472],[-75.65594,5.18396],[-75.65701,5.18294],[-75.65874,5.17959],[-75.65868,5.17838],[-75.65797,5.1771],[-75.65782,5.17625],[-75.65927,5.17257],[-75.65954,5.17083],[-75.65908,5.1691],[-75.65746,5.16657],[-75.65736,5.16581],[-75.65753,5.16502],[-75.66019,5.16158],[-75.66185,5.15852],[-75.67098,5.14931],[-75.67304,5.14474],[-75.6732,5.1431],[-75.67301,5.14286],[-75.67269,5.13975],[-75.67132,5.13275],[-75.66971,5.12567],[-75.66767,5.12108],[-75.66784,5.11874],[-75.66748,5.11723],[-75.66709,5.11617],[-75.66672,5.11572],[-75.66506,5.11516],[-75.6638,5.11503],[-75.6629,5.11451],[-75.65905,5.10961],[-75.65775,5.10927],[-75.65471,5.10974],[-75.6538,5.10942],[-75.65312,5.10862],[-75.65289,5.1079],[-75.65283,5.10651],[-75.65239,5.10494],[-75.65242,5.10325],[-75.65196,5.10165],[-75.65265,5.09976],[-75.65271,5.09698],[-75.65212,5.09555],[-75.65061,5.09405],[-75.64993,5.0924],[-75.6499,5.09136],[-75.65096,5.08869],[-75.65172,5.08605],[-75.65175,5.08418],[-75.65096,5.08237],[-75.64821,5.07841],[-75.64594,5.07473],[-75.64311,5.07331],[-75.64166,5.07187],[-75.64164,5.07129],[-75.64165,5.07154],[-75.64136,5.07156],[-75.63899,5.06921],[-75.63793,5.06874],[-75.63649,5.06876],[-75.63481,5.06816],[-75.63388,5.06817],[-75.6329,5.06869],[-75.63162,5.07003],[-75.62927,5.07105],[-75.62824,5.07085],[-75.62691,5.06976],[-75.6261,5.06944],[-75.62229,5.06975],[-75.62145,5.06954],[-75.6192,5.06766],[-75.61889,5.06681],[-75.61884,5.06494],[-75.61819,5.06386],[-75.61696,5.06331],[-75.61457,5.06352],[-75.61146,5.0619],[-75.60738,5.05837],[-75.60585,5.05546],[-75.60586,5.05424],[-75.60483,5.0535],[-75.60441,5.05235],[-75.60242,5.05099],[-75.60148,5.05058],[-75.60057,5.04946],[-75.59821,5.04821],[-75.59691,5.04713],[-75.59632,5.04613],[-75.59635,5.04558],[-75.59863,5.04309],[-75.5993,5.03997],[-75.59908,5.03926],[-75.59813,5.03871],[-75.5976,5.03711],[-75.59799,5.03492],[-75.5981,5.03157],[-75.5989,5.02963],[-75.59683,5.02642],[-75.5969,5.02592],[-75.59754,5.02467],[-75.59691,5.02034],[-75.59661,5.02001],[-75.59576,5.01963],[-75.59369,5.01901],[-75.59337,5.01855],[-75.593,5.01642],[-75.59534,5.00659],[-75.59626,5.00491],[-75.59619,5.00435],[-75.59556,5.0033],[-75.59544,5.00268],[-75.59541,5.00284],[-75.59544,5.00153],[-75.59618,4.99882],[-75.59895,4.99706],[-75.59955,4.99701],[-75.60029,4.99659],[-75.6012,4.99681],[-75.60152,4.99592],[-75.60137,4.99644],[-75.60167,4.9968],[-75.60326,4.99731],[-75.604,4.99733],[-75.60482,4.99706],[-75.60754,4.99546],[-75.60823,4.99548],[-75.61041,4.99622],[-75.61115,4.99614],[-75.6119,4.9958],[-75.61389,4.99356],[-75.61485,4.99036],[-75.61584,4.98915],[-75.61624,4.98909],[-75.61598,4.98893],[-75.61724,4.98736],[-75.61732,4.98674],[-75.61706,4.98696],[-75.61755,4.98679],[-75.6181,4.98606],[-75.61876,4.98453],[-75.61881,4.98317],[-75.61786,4.98015],[-75.61778,4.97774],[-75.61807,4.97669],[-75.61962,4.97373],[-75.62017,4.96911],[-75.61986,4.96717],[-75.619,4.96408],[-75.61769,4.96181],[-75.61778,4.96119],[-75.61882,4.95978],[-75.61894,4.95906],[-75.61875,4.95829],[-75.61768,4.95675],[-75.61762,4.95623],[-75.61848,4.95472],[-75.61846,4.95168],[-75.62055,4.93939],[-75.62489,4.93115],[-75.6258,4.92157],[-75.62694,4.91936],[-75.62708,4.91901],[-75.62696,4.91888],[-75.62769,4.91786],[-75.62851,4.91599],[-75.62837,4.91462],[-75.62698,4.91105],[-75.62705,4.90953],[-75.62672,4.90767],[-75.62604,4.90644],[-75.62701,4.90374],[-75.62765,4.89983],[-75.62753,4.8984],[-75.62773,4.8964],[-75.62727,4.89205],[-75.62798,4.88839],[-75.6277,4.88645],[-75.62862,4.88396],[-75.63174,4.88084],[-75.63246,4.87959],[-75.63364,4.87857],[-75.63422,4.87744],[-75.63397,4.87386],[-75.63311,4.87097],[-75.63288,4.86804],[-75.63299,4.86738],[-75.63375,4.86575],[-75.63381,4.8625],[-75.63596,4.85996],[-75.63609,4.85943],[-75.63577,4.85879],[-75.6363,4.85841],[-75.63887,4.85834],[-75.63877,4.8585],[-75.63918,4.85876],[-75.64022,4.85905],[-75.64057,4.86027],[-75.64137,4.8616],[-75.64376,4.86123],[-75.64409,4.86099],[-75.64432,4.86048],[-75.64502,4.86053],[-75.64531,4.86088],[-75.64505,4.86181],[-75.64525,4.86198],[-75.64588,4.86133],[-75.64675,4.86105],[-75.64755,4.86011],[-75.64803,4.85987],[-75.64856,4.85845],[-75.64847,4.85744],[-75.64898,4.85702],[-75.64973,4.85763],[-75.64999,4.85841],[-75.65079,4.85805],[-75.65158,4.85908],[-75.65241,4.85899],[-75.65301,4.85982],[-75.65349,4.85973],[-75.65931,4.84951],[-75.66066,4.84645],[-75.66147,4.84558],[-75.66403,4.84126],[-75.66586,4.83985],[-75.67248,4.83374],[-75.67592,4.83182],[-75.67881,4.83371],[-75.67644,4.83717],[-75.67597,4.83687]]},"properties":{"id":"18510199578","date":"2026-05-14","name":"Dia 240","chapter":7,"chapter_slug":"eje-cafetero","country":"CO","transport":"bicycle","distance_km":68.3,"elev_gain_m":1636,"moving_time_s":22666,"points":282}},{"type":"Feature","geometry":{"type":"LineString","coordinates":[[-75.67678,4.83703],[-75.68253,4.8291],[-75.68473,4.82648],[-75.68418,4.82668],[-75.68384,4.8262],[-75.68279,4.82552],[-75.68352,4.82351],[-75.68341,4.8231],[-75.68489,4.81932],[-75.68472,4.81888],[-75.68317,4.81766],[-75.68239,4.81663],[-75.68327,4.81471],[-75.68085,4.81409],[-75.67935,4.813],[-75.67851,4.81271],[-75.67763,4.8119],[-75.67786,4.81192],[-75.67951,4.81027],[-75.67945,4.81003],[-75.67868,4.80954],[-75.67593,4.80814],[-75.67357,4.80767],[-75.66954,4.80749],[-75.66827,4.80629],[-75.66684,4.80576],[-75.66594,4.80471],[-75.66392,4.80385],[-75.66333,4.80278],[-75.66231,4.80179],[-75.66076,4.8011],[-75.65976,4.80098],[-75.65689,4.79916],[-75.65312,4.79738],[-75.65177,4.79717],[-75.65088,4.79584],[-75.65081,4.79542],[-75.65051,4.79535],[-75.65065,4.79526],[-75.65036,4.79484],[-75.64872,4.79367],[-75.6479,4.79335],[-75.64625,4.79138],[-75.64724,4.78995],[-75.64764,4.78974],[-75.64827,4.78975],[-75.64932,4.78907],[-75.64969,4.7882],[-75.64966,4.78674],[-75.64906,4.78572],[-75.6456,4.78276],[-75.64537,4.78223],[-75.64539,4.7815],[-75.6448,4.77984],[-75.64397,4.77915],[-75.64344,4.77826],[-75.64282,4.77776],[-75.6404,4.77708],[-75.63775,4.77597],[-75.63594,4.77496],[-75.63347,4.77284],[-75.63196,4.77232],[-75.63085,4.77232],[-75.63067,4.77212],[-75.63066,4.77156],[-75.62999,4.77096],[-75.6289,4.77069],[-75.62753,4.76961],[-75.62709,4.76823],[-75.62662,4.76767],[-75.62657,4.76728],[-75.62584,4.76599],[-75.6245,4.76468],[-75.62386,4.76442],[-75.62326,4.7636],[-75.6147,4.76014],[-75.61009,4.75882],[-75.60984,4.75837],[-75.60997,4.75797],[-75.61084,4.75733],[-75.61165,4.75854],[-75.61191,4.75842],[-75.61237,4.75706],[-75.61221,4.75625],[-75.61299,4.75466]]},"properties":{"id":"18521141886","date":"2026-05-15","name":"Dia 241","chapter":7,"chapter_slug":"eje-cafetero","country":"CO","transport":"bicycle","distance_km":16.3,"elev_gain_m":396,"moving_time_s":6413,"points":85}},{"type":"Feature","geometry":{"type":"LineString","coordinates":[[-75.61289,4.75497],[-75.61216,4.75631],[-75.61206,4.75598],[-75.61258,4.75505],[-75.61245,4.75392],[-75.61273,4.75354],[-75.61262,4.7524],[-75.61396,4.7507],[-75.61325,4.75049],[-75.61324,4.74976],[-75.61258,4.74774],[-75.61291,4.74717],[-75.61388,4.74693],[-75.61412,4.74633],[-75.61403,4.74575],[-75.61315,4.74546],[-75.61248,4.7449],[-75.61343,4.7438],[-75.61412,4.74217],[-75.61393,4.74188],[-75.61314,4.74191],[-75.61231,4.74254],[-75.61249,4.74171],[-75.612,4.74113],[-75.61168,4.74141],[-75.61092,4.74124],[-75.61021,4.74154],[-75.60906,4.74115],[-75.60868,4.74058],[-75.60819,4.74076],[-75.60793,4.73968],[-75.60742,4.73933],[-75.60728,4.73887],[-75.60667,4.73848],[-75.6063,4.73875],[-75.60597,4.73991],[-75.60594,4.73882],[-75.60525,4.73837],[-75.60509,4.73742],[-75.60458,4.73704],[-75.60514,4.73635],[-75.60613,4.73632],[-75.60697,4.73595],[-75.60776,4.73475],[-75.60764,4.73381],[-75.60779,4.73173],[-75.60675,4.73074],[-75.60667,4.73038],[-75.60712,4.72943],[-75.60665,4.72829],[-75.6063,4.72823],[-75.60603,4.72849],[-75.60588,4.72837],[-75.60622,4.72763],[-75.60605,4.72722],[-75.60661,4.72643],[-75.60627,4.72544],[-75.60668,4.72491],[-75.60617,4.72271],[-75.60576,4.72215],[-75.60492,4.72205],[-75.60492,4.72163],[-75.60453,4.72118],[-75.60472,4.72023],[-75.60407,4.71918],[-75.60416,4.71831],[-75.60347,4.71801],[-75.60412,4.71765],[-75.60422,4.71785],[-75.60412,4.71763],[-75.60438,4.71705],[-75.60497,4.71671],[-75.60482,4.71568],[-75.60542,4.71435],[-75.60552,4.71306],[-75.60613,4.71266],[-75.6061,4.71222],[-75.60692,4.71191],[-75.60697,4.71126],[-75.60723,4.71089],[-75.60785,4.71063],[-75.60767,4.71041],[-75.60603,4.71005],[-75.60431,4.70861],[-75.60417,4.70828],[-75.60432,4.70782],[-75.60458,4.70763],[-75.60559,4.70772],[-75.60622,4.70743],[-75.60703,4.70644],[-75.60741,4.70496],[-75.60718,4.70423],[-75.60621,4.70282],[-75.60577,4.70259],[-75.60432,4.70248],[-75.60399,4.70205],[-75.60431,4.7014],[-75.60579,4.70085],[-75.60615,4.70012],[-75.6063,4.69721],[-75.60613,4.69603],[-75.60551,4.69454],[-75.6043,4.69375],[-75.60415,4.69329],[-75.6046,4.69275],[-75.6063,4.69274],[-75.60695,4.69221],[-75.60736,4.68929],[-75.60683,4.68718],[-75.60678,4.68593],[-75.60654,4.68541],[-75.60551,4.68463],[-75.60508,4.68383],[-75.60429,4.68185],[-75.60398,4.67929],[-75.60358,4.67843],[-75.60111,4.67566],[-75.5994,4.67508],[-75.59847,4.67379],[-75.597,4.67256],[-75.59578,4.66823],[-75.596,4.66653],[-75.5959,4.66461],[-75.59632,4.66213],[-75.59573,4.65983],[-75.59587,4.65902],[-75.5976,4.6575],[-75.59883,4.65735],[-75.60032,4.65745],[-75.60116,4.657],[-75.60151,4.65646],[-75.60128,4.65634],[-75.60052,4.65678],[-75.59955,4.65681],[-75.60007,4.65556],[-75.59905,4.65511],[-75.59874,4.65411],[-75.59849,4.65393],[-75.59819,4.65407],[-75.59809,4.65511],[-75.59664,4.65538],[-75.59626,4.65456],[-75.59595,4.65435],[-75.5957,4.65362],[-75.59526,4.65348],[-75.59466,4.65441],[-75.59523,4.65523],[-75.59484,4.65546],[-75.59375,4.65533],[-75.59347,4.65468],[-75.59302,4.65444],[-75.5927,4.65399],[-75.59215,4.6538],[-75.5915,4.65288],[-75.59088,4.65332],[-75.59036,4.65339],[-75.58952,4.6514],[-75.58962,4.64832],[-75.58893,4.64618],[-75.5894,4.64495],[-75.58987,4.64451],[-75.59002,4.64408],[-75.58962,4.64147],[-75.58929,4.64077],[-75.58945,4.63997],[-75.58924,4.63878],[-75.58885,4.63878],[-75.58836,4.63933],[-75.5878,4.64038],[-75.58751,4.64174],[-75.58661,4.64237],[-75.58634,4.64279],[-75.58544,4.64248],[-75.58492,4.64286],[-75.58505,4.64299],[-75.58431,4.64315],[-75.58375,4.64275],[-75.58257,4.64234],[-75.58258,4.64204],[-75.58364,4.64081],[-75.58359,4.64055],[-75.58298,4.6404],[-75.58252,4.64059],[-75.58225,4.64127],[-75.58167,4.64146],[-75.58156,4.64195],[-75.58051,4.64295],[-75.58013,4.64305],[-75.57945,4.64249],[-75.57892,4.64249],[-75.57855,4.64307],[-75.57812,4.6432],[-75.57753,4.64305],[-75.57682,4.64221],[-75.57633,4.64247],[-75.57589,4.64227],[-75.57581,4.64313],[-75.57498,4.64385],[-75.57472,4.64357],[-75.57485,4.64249],[-75.57392,4.64178],[-75.57272,4.64216],[-75.57266,4.64239],[-75.57312,4.64271],[-75.57324,4.64307],[-75.57283,4.64362],[-75.57261,4.64362],[-75.57262,4.64321],[-75.57202,4.64276],[-75.57158,4.64188],[-75.57162,4.64106],[-75.57203,4.64034],[-75.57035,4.63737],[-75.57011,4.63734],[-75.56987,4.63757],[-75.57011,4.63718],[-75.56985,4.63676],[-75.57046,4.63646],[-75.5713,4.6376],[-75.57305,4.63656],[-75.57306,4.63627],[-75.57236,4.63537],[-75.57193,4.63543],[-75.5719,4.63579],[-75.57183,4.63544],[-75.57183,4.63559],[-75.57231,4.63535],[-75.57316,4.63645],[-75.57298,4.63639],[-75.57287,4.63662],[-75.57002,4.63848],[-75.57078,4.6396],[-75.57218,4.63883],[-75.57247,4.63847],[-75.57253,4.63864],[-75.57241,4.6382],[-75.57219,4.63809],[-75.57222,4.63834],[-75.57241,4.63832],[-75.57225,4.63832],[-75.57197,4.63879],[-75.5723,4.63863],[-75.57234,4.63825],[-75.57218,4.63821],[-75.57239,4.63837],[-75.57224,4.63822],[-75.57236,4.63833],[-75.57274,4.63798],[-75.57204,4.63879],[-75.57237,4.63859],[-75.5726,4.63904],[-75.57268,4.63881],[-75.57233,4.63818],[-75.57247,4.63812],[-75.57204,4.63837],[-75.57189,4.63908],[-75.5724,4.63859],[-75.57225,4.63839],[-75.57249,4.63825],[-75.57222,4.63818],[-75.57256,4.63832],[-75.57285,4.63806],[-75.57303,4.63726],[-75.57241,4.63825],[-75.57222,4.63823],[-75.57242,4.63831],[-75.57223,4.63825],[-75.57215,4.63854],[-75.57248,4.63819],[-75.57233,4.63829]]},"properties":{"id":"18534299039","date":"2026-05-16","name":"Dia 242","chapter":7,"chapter_slug":"eje-cafetero","country":"CO","transport":"bicycle","distance_km":29.4,"elev_gain_m":949,"moving_time_s":14956,"points":270}},{"type":"Feature","geometry":{"type":"LineString","coordinates":[[-75.57249,4.63854],[-75.57076,4.63963],[-75.57153,4.64085],[-75.57136,4.64057],[-75.57166,4.64228],[-75.57249,4.6432],[-75.57263,4.64374],[-75.57288,4.6437],[-75.57332,4.64306],[-75.57312,4.64268],[-75.57271,4.64253],[-75.57272,4.64225],[-75.5734,4.6421],[-75.57378,4.64181],[-75.57425,4.64232],[-75.57476,4.64246],[-75.57459,4.64299],[-75.57473,4.64367],[-75.57495,4.64389],[-75.57582,4.6433],[-75.57573,4.64253],[-75.57633,4.64268],[-75.57666,4.64222],[-75.5775,4.64334],[-75.57845,4.64335],[-75.57855,4.64271],[-75.57881,4.64253],[-75.57937,4.6426],[-75.57988,4.64333],[-75.58046,4.64329],[-75.58146,4.64218],[-75.5816,4.64154],[-75.58237,4.64125],[-75.58241,4.64053],[-75.5827,4.64037],[-75.58362,4.64067],[-75.5824,4.64211],[-75.58257,4.6425],[-75.5838,4.64284],[-75.58436,4.64321],[-75.58555,4.6425],[-75.58641,4.64279],[-75.58743,4.64165],[-75.58764,4.64022],[-75.58841,4.63901],[-75.58865,4.63719],[-75.58923,4.6361],[-75.59014,4.63478],[-75.59233,4.63363],[-75.59216,4.63269],[-75.5924,4.63191],[-75.59307,4.63145],[-75.59401,4.63119],[-75.59469,4.63056],[-75.59538,4.62952],[-75.59616,4.62942],[-75.59766,4.62968],[-75.59806,4.62845],[-75.59839,4.62803],[-75.59889,4.62762],[-75.59981,4.62736],[-75.60132,4.62541],[-75.60195,4.62499],[-75.60243,4.62418],[-75.6042,4.62285],[-75.60393,4.623],[-75.604,4.6226],[-75.60438,4.62254],[-75.60451,4.62157],[-75.60559,4.61989],[-75.60569,4.61686],[-75.60612,4.61567],[-75.6066,4.61474],[-75.60756,4.61445],[-75.60806,4.61397],[-75.60795,4.61337],[-75.60815,4.61238],[-75.6088,4.61184],[-75.60919,4.61083],[-75.60988,4.61014],[-75.60992,4.60859],[-75.61041,4.60747],[-75.61104,4.60688],[-75.61115,4.60574],[-75.61158,4.60543],[-75.61307,4.60494],[-75.61351,4.60514],[-75.61412,4.60594],[-75.61468,4.60598],[-75.61506,4.60557],[-75.61505,4.60439],[-75.61533,4.60398],[-75.61585,4.60386],[-75.61693,4.60419],[-75.61864,4.60319],[-75.61887,4.60272],[-75.61892,4.60153],[-75.61919,4.60097],[-75.61907,4.60094],[-75.61953,4.60077],[-75.61962,4.60038],[-75.6196,4.60058],[-75.62052,4.60125],[-75.6215,4.60154],[-75.62204,4.6026],[-75.62244,4.60288],[-75.62296,4.60286],[-75.62398,4.60201],[-75.62467,4.60064],[-75.62487,4.59943],[-75.62582,4.59875],[-75.6261,4.59758],[-75.62678,4.59682],[-75.62735,4.59551],[-75.62824,4.59506],[-75.62886,4.59385],[-75.63001,4.59276],[-75.63044,4.59093],[-75.63078,4.59069],[-75.63255,4.59082],[-75.63322,4.59052],[-75.63369,4.58935],[-75.6337,4.5881],[-75.63319,4.58749],[-75.63333,4.5874],[-75.63308,4.58739],[-75.63254,4.58667],[-75.63217,4.58564],[-75.63262,4.58507],[-75.63417,4.5841],[-75.63523,4.58303],[-75.63556,4.58319],[-75.63588,4.58303],[-75.63571,4.58244],[-75.63721,4.58073],[-75.63739,4.58006],[-75.63727,4.57692],[-75.63741,4.57565],[-75.63935,4.57327],[-75.64183,4.56855],[-75.64239,4.56619],[-75.64288,4.56511],[-75.64805,4.55875],[-75.64923,4.55787],[-75.65013,4.55688],[-75.65147,4.55456],[-75.65274,4.55159],[-75.65404,4.55027],[-75.65466,4.54862],[-75.65644,4.54694],[-75.65821,4.54369],[-75.66083,4.53967],[-75.66149,4.53826],[-75.66217,4.53742],[-75.66509,4.53479],[-75.6663,4.53306],[-75.66715,4.53137],[-75.6681,4.53086],[-75.66923,4.5306],[-75.66977,4.53017],[-75.6713,4.53123],[-75.67156,4.5316],[-75.67222,4.53112],[-75.67379,4.53297],[-75.67547,4.53172],[-75.67719,4.53371],[-75.68093,4.53045],[-75.68225,4.52849],[-75.68277,4.52662],[-75.68549,4.52328],[-75.68568,4.52376],[-75.68591,4.52379],[-75.68889,4.52158],[-75.69261,4.52328],[-75.69323,4.52179],[-75.69641,4.5213],[-75.70234,4.51955],[-75.70362,4.5195],[-75.70668,4.51981],[-75.70844,4.51942],[-75.70799,4.51943],[-75.70813,4.51937],[-75.70804,4.51898],[-75.70781,4.51917]]},"properties":{"id":"18548509402","date":"2026-05-17","name":"Dia 243","chapter":7,"chapter_slug":"eje-cafetero","country":"CO","transport":"bicycle","distance_km":27.8,"elev_gain_m":86,"moving_time_s":7133,"points":184}},{"type":"Feature","geometry":{"type":"LineString","coordinates":[[-75.70739,4.51924],[-75.70735,4.51953],[-75.70648,4.51965],[-75.70266,4.51933],[-75.6994,4.52006],[-75.70015,4.51884],[-75.70291,4.51853],[-75.70346,4.51792],[-75.70168,4.51353],[-75.70145,4.51272],[-75.70154,4.51233],[-75.7059,4.50978],[-75.70928,4.50815],[-75.7099,4.50738],[-75.71307,4.50494],[-75.71463,4.50279],[-75.71598,4.50155],[-75.71692,4.5012],[-75.72025,4.50061],[-75.72196,4.5004],[-75.72377,4.50046],[-75.72485,4.5002],[-75.7302,4.49751],[-75.73229,4.4958],[-75.738,4.49264],[-75.73946,4.49126],[-75.74451,4.48778],[-75.74615,4.48575],[-75.74781,4.48432],[-75.74979,4.48222],[-75.75108,4.48003],[-75.75179,4.47923],[-75.76381,4.47172],[-75.76778,4.46884],[-75.7683,4.46866],[-75.77285,4.46838],[-75.77455,4.46783],[-75.78001,4.46311],[-75.78185,4.46234],[-75.78494,4.46034],[-75.79174,4.45735],[-75.7929,4.45568],[-75.79503,4.45379],[-75.79749,4.45294],[-75.80321,4.45139],[-75.80532,4.44944],[-75.80823,4.44811],[-75.80915,4.44788],[-75.81497,4.44932],[-75.81655,4.44947],[-75.81921,4.44811],[-75.82394,4.44752],[-75.82685,4.44569],[-75.8309,4.44578],[-75.83385,4.44472],[-75.83622,4.44472],[-75.84313,4.4428],[-75.84416,4.44215],[-75.84923,4.43769],[-75.85017,4.43715],[-75.85958,4.43492],[-75.86002,4.43445],[-75.86049,4.43228],[-75.86048,4.43057],[-75.86089,4.42883],[-75.86086,4.4248],[-75.86163,4.42334],[-75.86276,4.42252],[-75.86294,4.42216],[-75.86219,4.41964],[-75.86212,4.41874],[-75.86236,4.41756],[-75.86328,4.41595],[-75.86375,4.41552],[-75.86549,4.41509],[-75.86752,4.41603],[-75.86953,4.41625],[-75.87189,4.41513],[-75.87322,4.41403],[-75.87515,4.41329],[-75.87552,4.41292],[-75.87574,4.41214],[-75.87511,4.40958],[-75.87569,4.40891],[-75.87806,4.4086],[-75.88037,4.40926],[-75.88226,4.40866],[-75.88453,4.40939],[-75.88644,4.4089],[-75.88822,4.40977],[-75.88902,4.40945],[-75.89002,4.40848],[-75.89056,4.40821],[-75.89328,4.40825],[-75.89458,4.40807],[-75.89514,4.40821],[-75.89741,4.40947],[-75.8981,4.40957],[-75.89948,4.40886],[-75.89936,4.40873],[-75.9014,4.40669],[-75.90218,4.40677],[-75.90344,4.40799],[-75.90418,4.40822],[-75.90499,4.40801],[-75.90654,4.40691],[-75.90841,4.40678],[-75.90997,4.40617],[-75.91306,4.40405],[-75.91348,4.40331],[-75.91371,4.40229],[-75.91439,4.40132],[-75.91476,4.40112],[-75.91644,4.40093],[-75.91934,4.39995],[-75.92097,4.39861],[-75.92155,4.39734],[-75.92195,4.39697],[-75.9234,4.39625],[-75.92512,4.39593],[-75.92666,4.39477],[-75.92834,4.39406],[-75.92937,4.39335],[-75.92966,4.39301],[-75.93001,4.39175],[-75.93183,4.39063],[-75.9328,4.38943],[-75.93501,4.38867],[-75.93768,4.38955],[-75.93844,4.38958],[-75.94076,4.3883],[-75.94115,4.38779],[-75.942,4.38557],[-75.94152,4.38312],[-75.94243,4.38024],[-75.94474,4.37856],[-75.94622,4.37509],[-75.951,4.3711],[-75.952,4.37103],[-75.9537,4.37157],[-75.95547,4.37123],[-75.95713,4.37168],[-75.96325,4.37026],[-75.96642,4.37037],[-75.96732,4.37022],[-75.97022,4.36907],[-75.97078,4.36854],[-75.97177,4.36705],[-75.97269,4.36618],[-75.97491,4.36467],[-75.97643,4.3639],[-75.97896,4.36211],[-75.9811,4.36134],[-75.98398,4.36091],[-75.98695,4.35987],[-75.99503,4.35848],[-75.99809,4.35771],[-76.00022,4.35602],[-76.00128,4.35414],[-76.00235,4.35352],[-76.0036,4.35363],[-76.00503,4.35455],[-76.00577,4.35478],[-76.0101,4.35515],[-76.01281,4.35482],[-76.01419,4.35517],[-76.01505,4.35513],[-76.02367,4.35303],[-76.02654,4.3519],[-76.02728,4.35191],[-76.02892,4.35245],[-76.0296,4.35248],[-76.03193,4.35152],[-76.03396,4.35175],[-76.0389,4.35079],[-76.04334,4.3504],[-76.0466,4.34977],[-76.04786,4.34935],[-76.05087,4.3476],[-76.05349,4.34527],[-76.05574,4.34052],[-76.06191,4.33426],[-76.06478,4.3305],[-76.06913,4.32227],[-76.07103,4.31798],[-76.07229,4.31149],[-76.07344,4.3076],[-76.07465,4.30446],[-76.07604,4.30179],[-76.07911,4.29875],[-76.08448,4.29278],[-76.0914,4.28648],[-76.09327,4.28358],[-76.09561,4.28156],[-76.09848,4.27777],[-76.10271,4.26983],[-76.10403,4.26887],[-76.10711,4.26788],[-76.10882,4.26702],[-76.11031,4.2662],[-76.11156,4.26509],[-76.11386,4.26117],[-76.11623,4.25771],[-76.11631,4.25711],[-76.11647,4.25715],[-76.11707,4.25655],[-76.11789,4.25538],[-76.11991,4.25144],[-76.12459,4.24744],[-76.1276,4.24333],[-76.13016,4.23831],[-76.13116,4.23699],[-76.1329,4.23318],[-76.13702,4.22896],[-76.14405,4.22436],[-76.14992,4.21747],[-76.15119,4.21558],[-76.15241,4.21465],[-76.15363,4.21421],[-76.1555,4.21312],[-76.15683,4.21159],[-76.15639,4.21194],[-76.15609,4.2118],[-76.15665,4.212],[-76.15654,4.21193],[-76.15687,4.21123],[-76.15846,4.20888],[-76.16064,4.20838],[-76.16074,4.2049],[-76.16247,4.2007],[-76.16244,4.19929],[-76.16221,4.19916],[-76.16209,4.19933],[-76.16236,4.19923],[-76.16242,4.19897],[-76.16202,4.19346],[-76.16333,4.19277],[-76.1658,4.19195],[-76.16696,4.19082],[-76.16951,4.18429],[-76.17466,4.16972],[-76.17566,4.16569],[-76.17561,4.16375],[-76.17637,4.15846],[-76.17679,4.1571],[-76.17847,4.15322],[-76.18051,4.14383],[-76.18069,4.1409],[-76.18029,4.13619],[-76.18207,4.12986],[-76.18193,4.12854],[-76.18137,4.12731],[-76.17767,4.12349],[-76.17682,4.1183],[-76.17547,4.11459],[-76.17537,4.11332],[-76.17572,4.10693],[-76.17528,4.10376],[-76.17629,4.10003],[-76.17637,4.09832],[-76.1756,4.09576],[-76.17516,4.0951],[-76.17189,4.09307],[-76.1713,4.09246],[-76.17097,4.09179],[-76.17095,4.09037],[-76.17186,4.08875],[-76.17242,4.08482],[-76.17578,4.07845],[-76.17907,4.06841],[-76.18315,4.06319],[-76.18419,4.06256],[-76.18582,4.06247],[-76.18668,4.06215],[-76.19097,4.05886],[-76.19684,4.0554],[-76.2021,4.05404],[-76.20291,4.05337],[-76.2168,4.02398],[-76.21906,4.0175],[-76.2224,4.01134],[-76.2234,4.01073],[-76.22328,4.01057],[-76.22344,4.00945],[-76.22454,4.00729],[-76.2345,3.99215],[-76.23487,3.99174],[-76.23528,3.99169],[-76.23523,3.99112],[-76.23624,3.98947],[-76.24278,3.97964],[-76.24382,3.97866],[-76.25051,3.97398],[-76.25595,3.97065],[-76.26404,3.96085],[-76.26977,3.95658],[-76.27232,3.95351],[-76.2734,3.95116],[-76.27421,3.95011],[-76.27401,3.94968],[-76.2757,3.94613],[-76.2793,3.94193],[-76.28087,3.93945],[-76.28177,3.93757],[-76.28344,3.93247],[-76.28645,3.92664],[-76.28628,3.92641],[-76.2864,3.92585],[-76.28619,3.92549],[-76.28642,3.92557],[-76.28742,3.92499],[-76.28777,3.9245],[-76.28773,3.92433],[-76.28753,3.92434],[-76.28767,3.92443],[-76.2874,3.92468],[-76.28722,3.92441],[-76.28749,3.92367],[-76.28725,3.9231],[-76.2875,3.91827],[-76.28774,3.91739],[-76.29027,3.91249],[-76.29185,3.9114],[-76.29768,3.89731],[-76.29837,3.8952],[-76.29876,3.89282],[-76.30145,3.89288],[-76.30118,3.89274],[-76.29873,3.89273],[-76.2985,3.89313],[-76.29507,3.89266],[-76.29276,3.89202],[-76.29226,3.89161],[-76.29157,3.89281],[-76.28941,3.892],[-76.28964,3.89167],[-76.28952,3.89179],[-76.28745,3.89073],[-76.28646,3.89045],[-76.28551,3.88978]]},"properties":{"id":"18575530185","date":"2026-05-19","name":"Dia 245","chapter":7,"chapter_slug":"eje-cafetero","country":"CO","transport":"bicycle","distance_km":115.1,"elev_gain_m":763,"moving_time_s":23421,"points":340}},{"type":"Feature","geometry":{"type":"LineString","coordinates":[[-76.28588,3.89042],[-76.29155,3.89291],[-76.29292,3.89364],[-76.29413,3.8946],[-76.2972,3.8957],[-76.29565,3.89998],[-76.29579,3.90006],[-76.29561,3.9001],[-76.29529,3.90084],[-76.29545,3.9009],[-76.29507,3.90143],[-76.29502,3.90222],[-76.29512,3.90143],[-76.29515,3.90173],[-76.29502,3.90159],[-76.29512,3.902],[-76.29502,3.90178],[-76.29528,3.90123],[-76.29516,3.90152],[-76.29524,3.90163],[-76.29539,3.90148],[-76.29513,3.90204],[-76.29556,3.90129],[-76.29559,3.9011],[-76.29518,3.90162],[-76.2951,3.90146],[-76.29495,3.90178],[-76.29475,3.90177],[-76.29537,3.90121],[-76.29493,3.90161],[-76.29534,3.9018],[-76.29534,3.90139],[-76.29516,3.9017],[-76.29546,3.90186],[-76.29529,3.90164],[-76.29547,3.90133],[-76.29556,3.90151],[-76.29527,3.90173],[-76.29514,3.90157],[-76.29546,3.90149],[-76.29547,3.9012],[-76.29514,3.90156],[-76.29524,3.90174],[-76.29505,3.90169],[-76.29523,3.9018],[-76.29534,3.90161],[-76.29516,3.90173],[-76.29524,3.90188],[-76.29547,3.90178],[-76.29525,3.90125],[-76.29551,3.90119],[-76.29556,3.90133],[-76.2957,3.90092],[-76.29519,3.90167],[-76.29532,3.90092],[-76.29514,3.90135],[-76.29523,3.90157],[-76.29545,3.9014],[-76.29516,3.9016],[-76.29494,3.90148],[-76.29525,3.90093],[-76.29524,3.90156],[-76.29531,3.90133],[-76.29537,3.90155],[-76.29536,3.90124],[-76.29553,3.90158],[-76.29601,3.90161],[-76.29547,3.90142],[-76.29515,3.90192],[-76.29533,3.90162],[-76.29544,3.90173],[-76.29528,3.90139],[-76.29523,3.90163],[-76.29592,3.90158],[-76.29583,3.90148],[-76.29578,3.9018],[-76.29548,3.90175],[-76.29575,3.90164],[-76.29537,3.90144],[-76.29529,3.90171],[-76.29534,3.90154],[-76.29547,3.90169],[-76.29555,3.90132],[-76.29531,3.90154],[-76.29586,3.90182],[-76.2969,3.89948],[-76.2972,3.8996],[-76.29688,3.8994],[-76.29808,3.89628],[-76.29871,3.89338],[-76.29881,3.8922],[-76.29764,3.88971],[-76.29975,3.88863],[-76.29903,3.88745],[-76.29848,3.88011],[-76.29701,3.87306],[-76.29707,3.87137],[-76.29585,3.86842],[-76.29428,3.86558],[-76.29417,3.86501],[-76.29432,3.86422],[-76.296,3.86123],[-76.29638,3.85985],[-76.29699,3.8596],[-76.29689,3.85859],[-76.2973,3.85678],[-76.29761,3.85203],[-76.29839,3.84837],[-76.29907,3.84635],[-76.29914,3.84453],[-76.2998,3.84081],[-76.30069,3.83865],[-76.30114,3.83403],[-76.30239,3.82735],[-76.30434,3.82382],[-76.30539,3.82246],[-76.30715,3.81703],[-76.30782,3.81566],[-76.30867,3.81001],[-76.30843,3.80787],[-76.30852,3.80567],[-76.31002,3.80134],[-76.31098,3.79945],[-76.31151,3.79682],[-76.31338,3.79238],[-76.31411,3.79154],[-76.316,3.79048],[-76.32106,3.7857],[-76.32349,3.78271],[-76.32455,3.78047],[-76.32521,3.78055],[-76.32509,3.78034],[-76.32529,3.78032],[-76.32507,3.78022],[-76.32478,3.78025],[-76.32528,3.78072],[-76.32537,3.78046],[-76.32509,3.78028],[-76.32527,3.78046],[-76.32523,3.78002],[-76.32548,3.77974],[-76.32528,3.77969],[-76.3253,3.77932],[-76.33155,3.76969],[-76.33228,3.76755],[-76.33178,3.76751],[-76.33217,3.76765],[-76.33233,3.76748],[-76.33274,3.7655],[-76.33253,3.7656],[-76.33268,3.76539],[-76.33261,3.76555],[-76.33332,3.7656],[-76.33267,3.76561],[-76.33279,3.76544],[-76.33257,3.76574],[-76.3326,3.76556],[-76.33282,3.76574],[-76.33276,3.76555],[-76.3326,3.76564],[-76.33294,3.76593],[-76.33305,3.76585],[-76.33258,3.76547],[-76.33275,3.76535],[-76.33286,3.76438],[-76.33205,3.76417],[-76.33194,3.76381],[-76.33113,3.76361],[-76.33185,3.76049],[-76.33289,3.75816],[-76.33279,3.75725],[-76.33038,3.75007],[-76.32468,3.73503],[-76.32368,3.73151],[-76.32182,3.72809],[-76.31961,3.71666],[-76.31959,3.70923],[-76.31998,3.70595],[-76.31903,3.70188],[-76.31908,3.7013],[-76.31945,3.70095],[-76.3215,3.70016],[-76.32218,3.69959],[-76.32259,3.69892],[-76.32327,3.69697],[-76.32585,3.69395],[-76.32779,3.69094],[-76.32907,3.68385],[-76.32964,3.68157],[-76.33033,3.67973],[-76.33122,3.67632],[-76.33195,3.67524],[-76.33271,3.67474],[-76.33403,3.67452],[-76.34244,3.67586],[-76.34343,3.67582],[-76.34437,3.67543],[-76.34581,3.67433],[-76.34668,3.67395],[-76.35245,3.67375],[-76.35467,3.67245],[-76.35962,3.67058],[-76.36297,3.66958],[-76.36547,3.66836],[-76.36746,3.66633],[-76.36859,3.66426],[-76.37365,3.65651],[-76.37814,3.64858],[-76.38009,3.64598],[-76.38263,3.64126],[-76.38448,3.63978],[-76.38511,3.63895],[-76.38569,3.63759],[-76.38627,3.6369],[-76.38617,3.6362],[-76.38646,3.63489],[-76.38765,3.63296],[-76.39206,3.62895],[-76.39263,3.62824],[-76.39316,3.62679],[-76.39384,3.61974],[-76.39414,3.6187],[-76.39467,3.61806],[-76.39545,3.61764],[-76.39743,3.61758],[-76.39811,3.61735],[-76.39932,3.61633],[-76.39976,3.61547],[-76.40129,3.59167],[-76.40598,3.58123],[-76.41123,3.56672],[-76.41315,3.5609],[-76.41574,3.55065],[-76.42158,3.54171],[-76.42395,3.53772],[-76.42651,3.52975],[-76.42697,3.52753],[-76.42964,3.51887],[-76.43106,3.51606],[-76.43139,3.51372],[-76.43239,3.51063],[-76.43287,3.50822],[-76.43409,3.50523],[-76.43531,3.50429],[-76.43578,3.50307],[-76.44478,3.5006],[-76.46157,3.49678],[-76.46832,3.4942],[-76.47678,3.49386],[-76.4801,3.49329],[-76.48211,3.49318],[-76.48508,3.49267],[-76.48681,3.49205],[-76.48843,3.49189],[-76.48887,3.49201],[-76.48914,3.49182],[-76.48871,3.49074],[-76.48779,3.48943],[-76.48718,3.48781],[-76.48617,3.48443],[-76.48603,3.48313],[-76.48256,3.47244],[-76.48115,3.47059],[-76.47979,3.46643],[-76.48062,3.46191],[-76.48402,3.44766],[-76.48439,3.44316],[-76.48572,3.44245],[-76.48617,3.44269],[-76.48726,3.44209],[-76.48807,3.44127],[-76.48884,3.44112],[-76.48955,3.4404],[-76.48994,3.43954],[-76.49094,3.43924],[-76.49164,3.43847],[-76.49317,3.43862],[-76.49379,3.43814],[-76.49762,3.43069],[-76.49862,3.42831],[-76.50533,3.42222],[-76.51451,3.41316],[-76.52159,3.40647],[-76.52219,3.4033],[-76.52338,3.4013],[-76.52415,3.3988],[-76.52432,3.39753],[-76.52505,3.39727],[-76.52732,3.3976],[-76.52795,3.39734],[-76.52962,3.37025],[-76.52996,3.36782],[-76.52987,3.36733],[-76.53201,3.36423],[-76.5329,3.36412],[-76.53509,3.36451],[-76.5328,3.36401],[-76.53166,3.36422],[-76.52966,3.36705],[-76.52781,3.36607],[-76.52728,3.36605],[-76.52059,3.36819],[-76.51166,3.36822],[-76.51171,3.36969],[-76.5107,3.36971],[-76.51047,3.37023]]},"properties":{"id":"18588825098","date":"2026-05-20","name":"Dia 246","chapter":7,"chapter_slug":"eje-cafetero","country":"CO","transport":"bicycle","distance_km":87.3,"elev_gain_m":200,"moving_time_s":22610,"points":306}},{"type":"Feature","geometry":{"type":"LineString","coordinates":[[-76.5107,3.36974],[-76.51165,3.36982],[-76.5118,3.36843],[-76.52061,3.36852],[-76.52084,3.36821],[-76.52242,3.3677],[-76.52475,3.36736],[-76.52755,3.36639],[-76.5286,3.36709],[-76.53004,3.36764],[-76.54104,3.37334],[-76.54181,3.37417],[-76.54223,3.3754],[-76.54369,3.38205],[-76.54418,3.38344],[-76.54515,3.39035],[-76.54506,3.3911],[-76.54558,3.39253],[-76.54623,3.39736],[-76.54631,3.40179],[-76.54668,3.40477],[-76.54687,3.40495],[-76.54688,3.40629],[-76.54732,3.40897],[-76.54721,3.40932],[-76.54807,3.41498],[-76.54813,3.41985],[-76.5458,3.42636],[-76.54743,3.4266],[-76.54758,3.4268],[-76.54761,3.42663],[-76.54588,3.42622],[-76.54354,3.43095],[-76.54273,3.43073],[-76.5416,3.43161],[-76.5418,3.43216],[-76.54235,3.43266],[-76.54248,3.43252],[-76.54235,3.43228],[-76.54214,3.4323],[-76.54241,3.43248],[-76.54247,3.43224],[-76.5425,3.43256],[-76.5422,3.43282],[-76.54226,3.43256],[-76.54242,3.43256],[-76.54219,3.43278],[-76.5422,3.43242],[-76.54224,3.43275],[-76.54241,3.43231],[-76.54227,3.43257],[-76.54224,3.43234],[-76.54216,3.43266],[-76.54236,3.43257],[-76.54229,3.4329],[-76.53941,3.43665],[-76.53864,3.43716],[-76.5383,3.43792],[-76.53635,3.44016],[-76.53625,3.44128],[-76.53658,3.44369],[-76.53627,3.44623],[-76.53714,3.44898],[-76.53567,3.44962],[-76.53636,3.45175],[-76.53588,3.45224],[-76.53262,3.45357],[-76.53219,3.45418],[-76.53271,3.45366],[-76.53566,3.45226],[-76.53533,3.45121],[-76.5354,3.45091],[-76.53818,3.44949],[-76.53781,3.44679],[-76.53784,3.44555],[-76.53666,3.44538],[-76.53673,3.44216],[-76.53696,3.44077],[-76.53816,3.43841],[-76.54135,3.43469],[-76.54362,3.43136],[-76.54578,3.42719],[-76.54853,3.41953],[-76.54859,3.41405],[-76.54803,3.41195],[-76.54763,3.40896],[-76.54752,3.40862],[-76.54734,3.40873],[-76.54725,3.40855],[-76.54713,3.40658],[-76.5463,3.40075],[-76.54644,3.40054],[-76.54628,3.39664],[-76.54562,3.39233],[-76.54515,3.39124],[-76.54519,3.3901],[-76.54463,3.38713],[-76.54462,3.38588],[-76.54422,3.38346],[-76.54215,3.3747],[-76.54175,3.37385],[-76.54128,3.37335],[-76.53213,3.36875],[-76.53057,3.36777],[-76.52856,3.36697],[-76.52739,3.36624],[-76.52458,3.36737],[-76.52259,3.36753],[-76.52057,3.36818],[-76.5143,3.36813],[-76.51173,3.36829],[-76.5117,3.36969],[-76.51073,3.36967],[-76.51064,3.37018],[-76.51012,3.37014],[-76.51002,3.36995],[-76.51003,3.37012]]},"properties":{"id":"18603288221","date":"2026-05-21","name":"Dia 247","chapter":7,"chapter_slug":"eje-cafetero","country":"CO","transport":"bicycle","distance_km":29.7,"elev_gain_m":138,"moving_time_s":8088,"points":117}}]}
